{"type":"FeatureCollection","features":[{"type":"Feature","properties":{},"geometry":{"type":"Polygon","coordinates":[[[-237.524,-16.935],[-237.723,-17.09],[-237.734,-17.15],[-237.827,-17.262],[-237.849,-17.341],[-237.856,-17.572],[-237.799,-17.701],[-237.806,-17.805],[-237.784,-17.969],[-237.655,-17.983],[-237.629,-18.064],[-237.676,-18.15],[-237.781,-18.197],[-237.856,-18.28],[-237.939,-18.321],[-237.979,-18.385],[-238.09,-18.464],[-238.177,-18.452],[-238.227,-18.545],[-238.22,-18.619],[-238.285,-18.704],[-238.385,-18.712],[-238.357,-18.81],[-238.432,-18.945],[-238.479,-19.07],[-238.688,-19.354],[-238.807,-19.472],[-239.044,-19.634],[-239.35,-19.763],[-239.631,-19.867],[-239.761,-19.906],[-239.93,-19.921],[-240.196,-19.965],[-240.265,-19.963],[-240.297,-20.014],[-240.434,-20.068],[-240.625,-19.996],[-240.787,-19.962],[-240.905,-19.967],[-241.024,-20.05],[-241.042,-20.104],[-241.193,-20.281],[-241.298,-20.318],[-241.384,-20.308],[-241.647,-20.364],[-241.679,-20.335],[-241.769,-20.372],[-241.863,-20.362],[-242.061,-20.492],[-242.068,-20.538],[-242.169,-20.62],[-242.349,-20.673],[-242.396,-20.657],[-242.486,-20.706],[-242.648,-20.728],[-242.803,-20.685],[-242.936,-20.622],[-243.119,-20.713],[-243.213,-20.664],[-243.188,-20.61],[-243.209,-20.534],[-243.299,-20.659],[-243.566,-20.823],[-243.667,-20.833],[-243.71,-20.864],[-243.811,-20.858],[-243.825,-20.943],[-243.879,-20.987],[-244.063,-21.059],[-244.124,-21.115],[-244.192,-21.235],[-244.336,-21.297],[-244.397,-21.343],[-244.52,-21.502],[-244.775,-21.598],[-244.894,-21.666],[-245.071,-21.694],[-245.222,-21.782],[-245.355,-21.843],[-245.387,-21.926],[-245.557,-22.238],[-245.607,-22.358],[-245.632,-22.478],[-245.701,-22.449],[-245.78,-22.468],[-245.819,-22.522],[-245.888,-22.478],[-245.877,-22.388],[-245.83,-22.338],[-245.924,-22.176],[-245.841,-21.792],[-245.989,-21.86],[-246.053,-21.953],[-246.197,-22.331],[-246.266,-22.471],[-246.349,-22.562],[-246.327,-22.691],[-246.241,-22.788],[-246.197,-22.9],[-246.194,-23.076],[-246.251,-23.162],[-246.219,-23.327],[-246.23,-23.457],[-246.262,-23.526],[-246.395,-23.624],[-246.496,-23.852],[-246.539,-23.91],[-246.543,-23.991],[-246.586,-24.07],[-246.568,-24.148],[-246.615,-24.249],[-246.601,-24.458],[-246.561,-24.533],[-246.395,-24.729],[-246.388,-24.892],[-246.341,-24.913],[-246.356,-24.994],[-246.287,-25.125],[-246.197,-25.171],[-246.05,-25.489],[-245.96,-25.634],[-245.87,-25.715],[-245.845,-25.789],[-245.74,-25.841],[-245.765,-25.928],[-245.74,-25.988],[-245.809,-26.196],[-245.765,-26.316],[-245.794,-26.375],[-245.895,-26.448],[-245.931,-26.436],[-246.028,-26.331],[-246.093,-26.12],[-246.151,-26.122],[-246.205,-26.206],[-246.273,-26.198],[-246.295,-26.149],[-246.241,-25.906],[-246.392,-25.705],[-246.417,-25.632],[-246.478,-25.602],[-246.485,-25.509],[-246.579,-25.654],[-246.579,-25.728],[-246.442,-25.941],[-246.424,-26.09],[-246.388,-26.096],[-246.316,-26.221],[-246.219,-26.242],[-246.115,-26.343],[-246.115,-26.493],[-246.147,-26.546],[-246.305,-26.615],[-246.403,-26.519],[-246.446,-26.383],[-246.503,-26.328],[-246.586,-26.156],[-246.669,-26.235],[-246.709,-26.132],[-246.755,-26.24],[-246.701,-26.397],[-246.41,-26.676],[-246.237,-26.919],[-245.989,-27.316],[-245.924,-27.447],[-245.855,-27.687],[-245.899,-27.798],[-245.895,-27.905],[-245.834,-28.108],[-245.74,-28.205],[-245.69,-28.231],[-245.578,-28.401],[-245.47,-28.523],[-245.409,-28.656],[-245.423,-28.785],[-245.348,-28.913],[-245.168,-29.092],[-245.103,-29.234],[-245.02,-29.48],[-245.053,-29.658],[-245.053,-29.83],[-245.031,-29.902],[-245.056,-30.031],[-245.013,-30.146],[-245.024,-30.215],[-244.977,-30.262],[-244.991,-30.32],[-244.898,-30.634],[-244.837,-30.742],[-244.819,-30.828],[-244.761,-30.878],[-244.685,-30.992],[-244.545,-31.304],[-244.448,-31.434],[-244.394,-31.547],[-244.318,-31.648],[-244.279,-31.773],[-244.257,-31.927],[-244.271,-32.055],[-244.243,-32.185],[-244.293,-32.369],[-244.253,-32.418],[-244.286,-32.527],[-244.235,-32.579],[-244.25,-32.638],[-244.397,-32.662],[-244.376,-32.812],[-244.325,-33.025],[-244.333,-33.288],[-244.484,-33.513],[-244.567,-33.595],[-244.718,-33.651],[-244.844,-33.633],[-244.955,-33.538],[-245.042,-33.681],[-245.013,-33.781],[-245.038,-33.859],[-245.027,-34.083],[-244.988,-34.18],[-244.981,-34.262],[-244.891,-34.345],[-244.837,-34.31],[-244.736,-34.298],[-244.664,-34.315],[-244.387,-34.446],[-244.253,-34.541],[-244.066,-34.723],[-244.027,-34.83],[-243.904,-34.838],[-243.616,-34.924],[-243.533,-35],[-243.343,-35.027],[-243.263,-35.007],[-243.101,-35.051],[-243.062,-35.019],[-242.961,-35.021],[-242.86,-35.063],[-242.81,-35.007],[-242.641,-35.024],[-242.54,-35.076],[-242.461,-35.091],[-242.317,-35.046],[-242.111,-35.081],[-242.151,-35.026],[-241.982,-35.015],[-241.881,-34.987],[-241.831,-35.017],[-241.798,-34.939],[-241.737,-34.911],[-241.6,-34.901],[-241.604,-34.806],[-241.521,-34.717],[-241.294,-34.647],[-241.273,-34.558],[-241.211,-34.519],[-241.125,-34.507],[-241.067,-34.446],[-240.884,-34.472],[-240.74,-34.522],[-240.725,-34.46],[-240.599,-34.458],[-240.592,-34.37],[-240.517,-34.359],[-240.517,-34.259],[-240.427,-34.142],[-240.358,-34.085],[-240.268,-34.048],[-240.207,-33.994],[-240.07,-33.963],[-239.98,-33.923],[-239.915,-33.948],[-239.822,-33.931],[-239.577,-33.97],[-239.473,-33.936],[-239.429,-33.891],[-239.21,-33.886],[-239.131,-33.855],[-239.03,-33.871],[-238.904,-33.842],[-238.839,-33.869],[-238.666,-33.815],[-238.468,-33.82],[-238.349,-33.877],[-238.313,-33.855],[-238.187,-33.896],[-238.061,-33.828],[-237.993,-33.82],[-237.932,-33.877],[-237.907,-34.019],[-237.741,-34.023],[-237.719,-33.945],[-237.611,-33.916],[-237.439,-33.958],[-237.424,-33.911],[-237.212,-33.881],[-237.183,-33.904],[-236.978,-33.86],[-236.917,-33.879],[-236.852,-34.002],[-236.733,-33.987],[-236.657,-33.903],[-236.539,-33.899],[-236.474,-33.938],[-236.434,-33.884],[-236.261,-33.795],[-236.243,-33.714],[-236.049,-33.567],[-235.991,-33.354],[-235.93,-33.254],[-235.883,-33.121],[-235.801,-33.038],[-235.642,-32.952],[-235.293,-32.903],[-235.099,-32.834],[-235.001,-32.738],[-234.904,-32.712],[-234.663,-32.601],[-234.461,-32.548],[-234.13,-32.332],[-233.993,-32.273],[-233.921,-32.28],[-233.813,-32.233],[-233.626,-32.283],[-233.324,-32.317],[-233.065,-32.3],[-232.946,-32.304],[-232.712,-32.273],[-232.467,-32.211],[-232.233,-32.123],[-231.981,-32.084],[-231.779,-32.018],[-231.344,-31.846],[-231.229,-31.778],[-231.07,-31.708],[-230.8,-31.657],[-230.548,-31.643],[-230.462,-31.621],[-230.246,-31.615],[-230.055,-31.589],[-229.922,-31.594],[-229.842,-31.574],[-229.688,-31.586],[-229.454,-31.586],[-229.302,-31.606],[-229.166,-31.601],[-229.007,-31.554],[-228.906,-31.491],[-228.824,-31.478],[-228.654,-31.53],[-228.464,-31.606],[-228.215,-31.728],[-228.078,-31.824],[-227.924,-31.908],[-227.805,-32.018],[-227.722,-32.039],[-227.625,-32.015],[-227.538,-32.028],[-227.538,-31.964],[-227.438,-31.934],[-227.204,-31.956],[-227.013,-32.111],[-226.944,-32.108],[-226.851,-32.197],[-226.728,-32.219],[-226.696,-32.19],[-226.588,-32.211],[-226.574,-32.13],[-226.448,-32.172],[-226.415,-32.103],[-226.318,-32.123],[-226.307,-32.19],[-226.167,-32.25],[-226.059,-32.376],[-226.142,-32.459],[-226.142,-32.542],[-225.969,-32.466],[-225.85,-32.457],[-225.771,-32.523],[-225.702,-32.66],[-225.728,-32.733],[-225.933,-32.726],[-225.875,-32.807],[-225.875,-32.859],[-225.933,-32.93],[-225.836,-32.939],[-225.756,-33.058],[-225.72,-33.163],[-225.666,-33.205],[-225.555,-33.155],[-225.411,-33.202],[-225.393,-33.143],[-225.292,-33.173],[-225.27,-33.273],[-225.188,-33.352],[-225.144,-33.459],[-225.134,-33.545],[-225.152,-33.638],[-224.993,-33.746],[-224.86,-33.869],[-224.81,-33.893],[-224.734,-34.018],[-224.734,-34.178],[-224.698,-34.18],[-224.655,-34.276],[-224.64,-34.408],[-224.604,-34.472],[-224.594,-34.644],[-224.81,-34.467],[-224.889,-34.578],[-224.77,-34.565],[-224.658,-34.639],[-224.64,-34.685],[-224.543,-34.732],[-224.396,-34.88],[-224.367,-34.953],[-224.259,-34.862],[-224.176,-34.874],[-224.072,-34.955],[-223.982,-34.801],[-224.01,-34.749],[-224.133,-34.82],[-224.162,-34.767],[-224.126,-34.644],[-224.064,-34.534],[-223.874,-34.453],[-223.863,-34.355],[-223.769,-34.308],[-223.65,-34.134],[-223.629,-34.073],[-223.42,-33.948],[-223.391,-33.903],[-223.193,-33.808],[-223.121,-33.803],[-223.118,-33.744],[-223.053,-33.681],[-222.981,-33.73],[-222.844,-33.705],[-222.776,-33.653],[-222.624,-33.389],[-222.614,-33.293],[-222.567,-33.222],[-222.549,-33.139],[-222.408,-33.035],[-222.405,-32.993],[-222.246,-32.918],[-222.192,-32.857],[-222.21,-32.712],[-222.246,-32.694],[-222.246,-32.574],[-222.214,-32.554],[-222.149,-32.65],[-222.099,-32.788],[-222.041,-33.004],[-221.958,-33.082],[-221.962,-33.139],[-222.048,-33.143],[-222.146,-33.19],[-222.189,-33.259],[-222.131,-33.359],[-222.138,-33.396],[-222.063,-33.528],[-222.286,-33.788],[-222.398,-33.877],[-222.383,-33.942],[-222.47,-34.016],[-222.444,-34.072],[-222.495,-34.151],[-222.516,-34.355],[-222.542,-34.448],[-222.488,-34.617],[-222.542,-34.801],[-222.552,-34.918],[-222.61,-34.955],[-222.711,-34.911],[-222.862,-34.926],[-222.97,-34.901],[-223.06,-35.031],[-223.038,-35.097],[-223.164,-35.242],[-223.125,-35.294],[-223.046,-35.284],[-222.959,-35.227],[-222.83,-35.242],[-222.761,-35.173],[-222.668,-35.173],[-222.596,-35.124],[-222.437,-35.13],[-222.315,-35.179],[-222.254,-35.134],[-222.254,-35.059],[-222.182,-34.852],[-222.135,-34.788],[-222.088,-34.624],[-222.106,-34.526],[-222.07,-34.414],[-221.962,-34.308],[-221.984,-34.227],[-221.922,-34.129],[-221.84,-34.212],[-221.843,-34.261],[-221.775,-34.32],[-221.706,-34.504],[-221.566,-34.637],[-221.555,-34.686],[-221.465,-34.74],[-221.505,-34.791],[-221.512,-34.874],[-221.487,-35.037],[-221.534,-35.11],[-221.573,-35.353],[-221.645,-35.385],[-221.742,-35.49],[-221.876,-35.556],[-221.894,-35.62],[-221.8,-35.672],[-221.721,-35.652],[-221.469,-35.645],[-221.361,-35.568],[-221.253,-35.539],[-221.13,-35.563],[-221.044,-35.465],[-221.04,-35.414],[-220.972,-35.384],[-220.896,-35.389],[-220.778,-35.319],[-220.698,-35.357],[-220.623,-35.465],[-220.77,-35.5],[-220.644,-35.593],[-220.684,-35.701],[-220.756,-35.694],[-220.767,-35.547],[-220.864,-35.498],[-220.958,-35.605],[-220.814,-35.691],[-220.526,-35.897],[-220.407,-36.022],[-220.436,-36.051],[-220.551,-35.927],[-221.001,-35.586],[-221.001,-35.617],[-220.803,-35.747],[-220.544,-35.958],[-220.432,-36.076],[-220.27,-36.373],[-220.148,-36.621],[-220.137,-36.767],[-220.158,-36.846],[-220.216,-36.902],[-220.328,-36.954],[-220.263,-37.018],[-220.212,-37.126],[-220.259,-37.18],[-220.205,-37.268],[-220.011,-37.488],[-219.885,-37.518],[-219.863,-37.596],[-219.759,-37.667],[-219.604,-37.916],[-219.521,-37.95],[-219.399,-38.038],[-219.287,-38.07],[-219.05,-38.055],[-218.866,-38.128],[-218.625,-38.291],[-218.567,-38.376],[-218.492,-38.386],[-218.456,-38.435],[-218.398,-38.393],[-218.369,-38.308],[-218.24,-38.263],[-218.052,-38.283],[-217.908,-38.366],[-217.775,-38.406],[-217.689,-38.367],[-217.602,-38.367],[-217.484,-38.406],[-217.347,-38.472],[-217.188,-38.578],[-216.94,-38.636],[-216.76,-38.762],[-216.666,-38.756],[-216.548,-38.796],[-216.465,-38.859],[-216.332,-38.789],[-216.296,-38.729],[-216.155,-38.692],[-215.946,-38.485],[-215.741,-38.396],[-215.597,-38.301],[-215.349,-38.286],[-215.273,-38.165],[-215.345,-38.124],[-215.475,-38.178],[-215.619,-38.158],[-215.604,-38.107],[-215.504,-38.109],[-215.442,-38.048],[-215.327,-38.018],[-215.194,-37.94],[-215.176,-37.898],[-215.036,-37.883],[-214.974,-37.996],[-214.874,-38.089],[-214.881,-38.16],[-215.007,-38.305],[-215.018,-38.342],[-215.198,-38.379],[-215.115,-38.482],[-214.974,-38.494],[-214.863,-38.401],[-214.773,-38.413],[-214.798,-38.335],[-214.704,-38.232],[-214.535,-38.234],[-214.442,-38.386],[-214.496,-38.425],[-214.578,-38.426],[-214.578,-38.516],[-214.47,-38.594],[-214.431,-38.661],[-214.359,-38.678],[-214.222,-38.641],[-214.103,-38.83],[-214.085,-38.896],[-213.995,-38.896],[-213.984,-38.832],[-213.909,-38.82],[-213.819,-38.869],[-213.75,-38.94],[-213.736,-38.995],[-213.66,-39.055],[-213.675,-39.105],[-213.606,-39.146],[-213.563,-39.127],[-213.563,-39.028],[-213.516,-38.925],[-213.531,-38.823],[-213.628,-38.859],[-213.696,-38.913],[-213.819,-38.756],[-213.743,-38.702],[-213.65,-38.695],[-213.588,-38.74],[-213.495,-38.7],[-213.426,-38.703],[-213.117,-38.639],[-213.016,-38.572],[-212.919,-38.474],[-212.606,-38.22],[-212.411,-38.08],[-212.242,-37.986],[-212.084,-37.918],[-211.871,-37.857],[-211.695,-37.824],[-211.396,-37.812],[-211.277,-37.824],[-211.212,-37.798],[-211.058,-37.79],[-210.701,-37.798],[-210.521,-37.786],[-210.467,-37.746],[-210.334,-37.7],[-210.212,-37.553],[-210.104,-37.548],[-210.014,-37.496],[-210.042,-37.415],[-210.035,-37.268],[-209.981,-37.221],[-210.003,-37.15],[-210.125,-37.096],[-210.057,-37.042],[-210.089,-36.939],[-210.071,-36.831],[-210.021,-36.77],[-210.006,-36.687],[-209.934,-36.567],[-209.931,-36.407],[-209.862,-36.329],[-209.877,-36.196],[-209.837,-35.956],[-209.848,-35.894],[-209.769,-35.845],[-209.783,-35.752],[-209.693,-35.701],[-209.592,-35.549],[-209.589,-35.466],[-209.509,-35.373],[-209.517,-35.324],[-209.445,-35.213],[-209.362,-35.179],[-209.239,-35.179],[-209.322,-35.076],[-209.304,-35.026],[-209.225,-34.987],[-209.247,-34.858],[-209.167,-34.782],[-209.128,-34.627],[-209.157,-34.561],[-209.081,-34.487],[-209.074,-34.33],[-208.973,-34.202],[-208.833,-34.11],[-208.84,-34.018],[-208.797,-33.958],[-208.75,-34.004],[-208.707,-33.893],[-208.66,-33.617],[-208.692,-33.548],[-208.584,-33.533],[-208.555,-33.437],[-208.498,-33.361],[-208.548,-33.312],[-208.437,-33.264],[-208.386,-33.207],[-208.329,-33.062],[-208.167,-32.864],[-208.066,-32.815],[-207.825,-32.77],[-207.825,-32.685],[-207.763,-32.608],[-207.598,-32.489],[-207.461,-32.442],[-207.447,-32.321],[-207.475,-32.282],[-207.432,-32.219],[-207.483,-32.177],[-207.454,-32.044],[-207.389,-31.946],[-207.306,-31.885],[-207.198,-31.733],[-207.155,-31.569],[-207.065,-31.483],[-207.083,-31.42],[-207.022,-31.319],[-207.04,-31.24],[-207.018,-31.166],[-206.939,-31.078],[-206.961,-31.03],[-206.91,-30.905],[-206.997,-30.836],[-207.011,-30.735],[-206.95,-30.473],[-206.867,-30.325],[-206.863,-30.259],[-206.795,-30.129],[-206.802,-30.036],[-206.734,-29.924],[-206.68,-29.698],[-206.673,-29.565],[-206.629,-29.396],[-206.651,-29.281],[-206.579,-29.161],[-206.547,-29.036],[-206.417,-28.896],[-206.377,-28.644],[-206.417,-28.607],[-206.439,-28.504],[-206.41,-28.319],[-206.428,-28.194],[-206.467,-28.178],[-206.55,-28.074],[-206.554,-27.981],[-206.597,-27.935],[-206.554,-27.81],[-206.644,-27.723],[-206.691,-27.64],[-206.691,-27.577],[-206.748,-27.473],[-206.809,-27.449],[-206.831,-27.365],[-206.91,-27.332],[-206.928,-27.275],[-206.881,-27.197],[-206.946,-27.14],[-206.885,-27.089],[-206.809,-27.099],[-206.795,-27.045],[-206.849,-26.925],[-206.849,-26.684],[-206.889,-26.647],[-206.885,-26.458],[-206.863,-26.394],[-206.921,-26.351],[-206.921,-26.28],[-206.86,-26.061],[-206.799,-25.949],[-206.878,-25.934],[-206.925,-25.838],[-206.979,-25.825],[-207.083,-25.722],[-207.101,-25.585],[-207.033,-25.497],[-207.069,-25.416],[-207.087,-25.288],[-207.303,-25.252],[-207.364,-25.201],[-207.493,-24.999],[-207.508,-24.847],[-207.594,-24.749],[-207.695,-24.724],[-207.85,-24.619],[-207.94,-24.514],[-207.997,-24.411],[-208.066,-24.21],[-208.203,-24.121],[-208.221,-24.053],[-208.321,-23.982],[-208.336,-24.03],[-208.415,-24.048],[-208.501,-23.994],[-208.559,-24.006],[-208.721,-23.824],[-208.84,-23.771],[-208.872,-23.675],[-208.987,-23.567],[-209.063,-23.543],[-209.185,-23.412],[-209.214,-23.309],[-209.167,-23.276],[-209.236,-23.158],[-209.189,-22.772],[-209.193,-22.652],[-209.283,-22.608],[-209.275,-22.52],[-209.239,-22.471],[-209.337,-22.4],[-209.355,-22.356],[-209.434,-22.322],[-209.488,-22.535],[-209.7,-22.419],[-209.783,-22.395],[-209.851,-22.262],[-209.945,-22.142],[-210.01,-22.162],[-210.075,-22.299],[-210.046,-22.402],[-209.977,-22.554],[-210.118,-22.468],[-210.168,-22.388],[-210.305,-22.488],[-210.294,-22.383],[-210.442,-22.17],[-210.478,-22.013],[-210.518,-21.951],[-210.528,-21.845],[-210.564,-21.791],[-210.521,-21.726],[-210.604,-21.503],[-210.658,-21.424],[-210.737,-21.254],[-210.806,-21.181],[-210.77,-21.09],[-210.849,-20.997],[-210.953,-20.98],[-210.964,-20.916],[-211.029,-20.87],[-211.148,-20.838],[-211.169,-20.764],[-211.259,-20.718],[-211.331,-20.587],[-211.256,-20.47],[-211.148,-20.421],[-211.151,-20.348],[-211.198,-20.267],[-211.389,-20.213],[-211.432,-20.115],[-211.526,-20.121],[-211.547,-20.193],[-211.67,-20.137],[-211.734,-20.083],[-211.695,-20.034],[-211.745,-19.963],[-211.871,-19.936],[-211.929,-19.877],[-211.986,-19.911],[-212.073,-19.898],[-212.127,-19.854],[-212.156,-19.736],[-212.249,-19.692],[-212.217,-19.835],[-212.318,-19.828],[-212.408,-19.722],[-212.408,-19.636],[-212.44,-19.538],[-212.552,-19.396],[-212.58,-19.413],[-212.832,-19.4],[-212.865,-19.411],[-212.94,-19.317],[-212.951,-19.21],[-213.023,-19.285],[-213.095,-19.305],[-213.196,-19.237],[-213.254,-19.173],[-213.308,-19.194],[-213.538,-19.075],[-213.588,-19.009],[-213.668,-18.959],[-213.725,-18.874],[-213.707,-18.711],[-213.668,-18.613],[-213.66,-18.527],[-213.786,-18.493],[-213.815,-18.38],[-213.88,-18.363],[-213.992,-18.236],[-213.995,-18.142],[-213.902,-17.932],[-213.887,-17.865],[-213.916,-17.795],[-213.894,-17.684],[-213.851,-17.633],[-213.93,-17.515],[-213.923,-17.402],[-214.031,-17.243],[-214.049,-17.162],[-214.118,-17.059],[-214.066,-16.946],[-214.161,-16.882],[-214.214,-16.946],[-214.238,-16.946],[-214.222,-16.885],[-214.299,-16.787],[-214.42,-16.672],[-214.514,-16.536],[-214.532,-16.492],[-214.6,-16.443],[-214.586,-16.335],[-214.532,-16.245],[-214.56,-16.167],[-214.555,-16.149],[-214.539,-16.061],[-214.636,-15.916],[-214.632,-15.749],[-214.686,-15.637],[-214.69,-15.563],[-214.744,-15.389],[-214.715,-15.3],[-214.766,-15.166],[-214.744,-15.075],[-214.654,-14.943],[-214.722,-14.947],[-214.83,-14.84],[-214.985,-14.785],[-215.057,-14.734],[-215.1,-14.614],[-215.205,-14.601],[-215.244,-14.553],[-215.324,-14.557],[-215.381,-14.484],[-215.421,-14.364],[-215.414,-14.265],[-215.486,-14.173],[-215.55,-14.244],[-215.698,-14.312],[-215.766,-14.258],[-215.82,-14.341],[-215.932,-14.452],[-216.058,-14.511],[-216.141,-14.476],[-216.252,-14.341],[-216.292,-14.209],[-216.314,-14.015],[-216.382,-13.956],[-216.468,-13.75],[-216.418,-13.517],[-216.407,-13.415],[-216.472,-13.329],[-216.472,-13.199],[-216.497,-13.076],[-216.486,-12.996],[-216.504,-12.856],[-216.62,-12.853],[-216.634,-12.806],[-216.598,-12.665],[-216.566,-12.613],[-216.717,-12.517],[-216.746,-12.389],[-216.814,-12.343],[-216.922,-12.329],[-216.922,-12.237],[-216.893,-12.135],[-216.796,-11.983],[-216.897,-11.902],[-217.008,-11.934],[-217.127,-11.85],[-217.142,-11.605],[-217.17,-11.453],[-217.127,-11.382],[-217.206,-11.249],[-217.192,-11.168],[-217.257,-10.975],[-217.34,-10.984],[-217.386,-10.869],[-217.491,-10.877],[-217.383,-10.752],[-217.451,-10.708],[-217.566,-10.729],[-217.599,-10.82],[-217.678,-10.901],[-217.826,-10.93],[-217.854,-10.984],[-217.84,-11.151],[-217.869,-11.338],[-217.991,-11.705],[-218.034,-11.811],[-218.049,-11.977],[-218.024,-12.041],[-218.085,-12.066],[-218.128,-11.966],[-218.2,-12.056],[-218.247,-12.208],[-218.308,-12.311],[-218.405,-12.525],[-218.333,-12.544],[-218.34,-12.448],[-218.265,-12.476],[-218.229,-12.561],[-218.096,-12.703],[-218.2,-12.677],[-218.247,-12.819],[-218.373,-12.91],[-218.416,-12.978],[-218.366,-13.16],[-218.308,-13.26],[-218.441,-13.491],[-218.528,-13.777],[-218.513,-13.949],[-218.416,-14.075],[-218.394,-14.162],[-218.409,-14.246],[-218.477,-14.44],[-218.456,-14.621],[-218.394,-14.877],[-218.333,-15.011],[-218.362,-15.141],[-218.513,-15.479],[-218.56,-15.649],[-218.6,-15.904],[-218.621,-15.938],[-218.567,-16.061],[-218.614,-16.149],[-218.625,-16.167],[-218.682,-16.36],[-218.711,-16.402],[-218.707,-16.492],[-218.725,-16.535],[-218.765,-16.573],[-218.801,-16.703],[-218.877,-16.787],[-218.916,-16.801],[-218.995,-16.944],[-219.053,-17.019],[-219.039,-17.074],[-219.096,-17.225],[-219.154,-17.441],[-219.233,-17.468],[-219.402,-17.591],[-219.492,-17.637],[-219.759,-17.702],[-219.881,-17.716],[-220,-17.706],[-220.076,-17.621],[-220.36,-17.532],[-220.562,-17.375],[-220.727,-17.348],[-220.792,-17.285],[-220.835,-17.204],[-220.86,-17.066],[-220.952,-16.943],[-221.03,-16.885],[-221.13,-16.878],[-221.246,-16.841],[-221.336,-16.787],[-221.484,-16.787],[-221.53,-16.787],[-221.627,-16.745],[-221.688,-16.75],[-221.847,-16.678],[-222.013,-16.535],[-222.072,-16.492],[-222.135,-16.438],[-222.254,-16.252],[-222.448,-16.173],[-222.528,-16.167],[-222.549,-16.149],[-222.556,-16.149],[-222.578,-16.149],[-222.639,-16.122],[-222.801,-15.985],[-222.956,-15.923],[-223.01,-15.864],[-223.139,-15.908],[-223.233,-15.901],[-223.406,-15.712],[-223.47,-15.718],[-223.582,-15.622],[-223.65,-15.614],[-223.733,-15.544],[-223.758,-15.425],[-223.996,-15.281],[-224.05,-15.264],[-224.14,-15.176],[-224.291,-15.097],[-224.356,-15.04],[-224.45,-15.019],[-224.529,-14.948],[-224.597,-14.813],[-224.608,-14.741],[-224.478,-14.651],[-224.468,-14.58],[-224.392,-14.452],[-224.324,-14.406],[-224.241,-14.266],[-224.147,-14.2],[-224.097,-14.136],[-224.075,-13.959],[-224.007,-13.901],[-223.996,-13.798],[-224.028,-13.743],[-224.097,-13.739],[-224.154,-13.601],[-224.129,-13.54],[-224.14,-13.437],[-224.09,-13.283],[-223.992,-13.216],[-223.949,-13.245],[-223.863,-13.207],[-223.794,-13.233],[-223.69,-13.164],[-223.697,-13.091],[-223.629,-13.066],[-223.632,-13.196],[-223.6,-13.241],[-223.521,-13.228],[-223.517,-13.167],[-223.434,-13.059],[-223.506,-13],[-223.46,-12.963],[-223.362,-12.954],[-223.51,-12.851],[-223.528,-12.774],[-223.434,-12.748],[-223.319,-12.671],[-223.269,-12.578],[-223.258,-12.476],[-223.139,-12.434],[-223.071,-12.377],[-223.074,-12.289],[-223.125,-12.223],[-223.24,-12.164],[-223.233,-12.243],[-223.308,-12.282],[-223.409,-12.174],[-223.467,-11.993],[-223.55,-11.943],[-223.665,-12.051],[-223.701,-12.051],[-223.816,-12.162],[-223.766,-12.211],[-223.686,-12.201],[-223.636,-12.257],[-223.715,-12.416],[-223.784,-12.456],[-223.859,-12.436],[-223.978,-12.456],[-224.01,-12.353],[-223.974,-12.311],[-224.043,-12.257],[-224.111,-12.147],[-224.234,-12.257],[-224.27,-12.311],[-224.331,-12.237],[-224.349,-12.164],[-224.172,-12.005],[-224.205,-11.965],[-224.097,-11.85],[-224.064,-11.777],[-224.133,-11.767],[-224.126,-11.847],[-224.262,-11.941],[-224.399,-11.956],[-224.496,-12.098],[-224.612,-12.091],[-224.698,-12.128],[-224.741,-12.221],[-224.81,-12.252],[-224.928,-12.26],[-225.033,-12.145],[-225.148,-12.113],[-225.227,-11.953],[-225.296,-11.961],[-225.396,-12.049],[-225.569,-12.058],[-225.713,-11.968],[-225.742,-12.017],[-225.81,-12.009],[-225.861,-11.88],[-225.911,-11.89],[-225.976,-11.847],[-226.055,-11.914],[-226.167,-11.831],[-226.098,-11.738],[-226.199,-11.715],[-226.264,-11.776],[-226.379,-11.833],[-226.476,-11.762],[-226.523,-11.791],[-226.592,-11.723],[-226.628,-11.76],[-226.815,-11.716],[-226.858,-11.674],[-227.013,-11.404],[-227.099,-11.396],[-227.211,-11.443],[-227.261,-11.509],[-227.326,-11.509],[-227.387,-11.406],[-227.43,-11.375],[-227.524,-11.234],[-227.618,-11.215],[-227.65,-11.146],[-227.758,-11.196],[-227.812,-11.132],[-227.812,-11.352],[-227.891,-11.331],[-227.895,-11.252],[-227.985,-11.139],[-228.032,-11.168],[-228.06,-11.252],[-228.132,-11.22],[-228.201,-11.264],[-228.075,-11.321],[-228.053,-11.379],[-227.916,-11.517],[-227.69,-11.462],[-227.628,-11.434],[-227.506,-11.477],[-227.448,-11.583],[-227.304,-11.654],[-227.398,-11.767],[-227.348,-11.865],[-227.373,-12.004],[-227.358,-12.127],[-227.438,-12.091],[-227.628,-12.206],[-227.722,-12.228],[-227.736,-12.166],[-227.942,-12.307],[-228.068,-12.264],[-228.114,-12.216],[-228.215,-12.27],[-228.377,-12.294],[-228.507,-12.297],[-228.593,-12.27],[-228.654,-12.22],[-228.683,-12.085],[-228.784,-12.215],[-228.975,-12.147],[-228.975,-12.36],[-229.101,-12.334],[-229.176,-12.4],[-229.119,-12.451],[-229.09,-12.598],[-229.122,-12.616],[-229.216,-12.503],[-229.216,-12.436],[-229.324,-12.392],[-229.378,-12.438],[-229.421,-12.569],[-229.644,-12.672],[-229.652,-12.861],[-229.752,-12.937],[-229.817,-12.902],[-229.871,-12.941],[-229.882,-13.157],[-229.839,-13.172],[-229.727,-13.319],[-229.835,-13.432],[-230.03,-13.53],[-230.131,-13.493],[-230.217,-13.692],[-230.185,-13.761],[-230.285,-13.868],[-230.249,-13.932],[-230.282,-14.016],[-230.368,-14.035],[-230.455,-14.086],[-230.57,-14.219],[-230.627,-14.329],[-230.642,-14.408],[-230.545,-14.498],[-230.415,-14.567],[-230.393,-14.671],[-230.275,-14.791],[-230.206,-14.776],[-230.199,-14.861],[-230.354,-14.84],[-230.379,-14.957],[-230.332,-15.148],[-230.401,-15.117],[-230.437,-15.038],[-230.523,-14.933],[-230.627,-14.905],[-230.674,-14.862],[-230.779,-14.867],[-230.735,-15.107],[-230.779,-15.17],[-230.825,-15.058],[-230.811,-15.004],[-230.908,-14.898],[-231.081,-14.84],[-231.167,-14.84],[-231.466,-14.753],[-231.56,-14.793],[-231.596,-14.884],[-231.538,-15.014],[-231.581,-15.04],[-231.686,-14.905],[-231.805,-15.056],[-231.783,-15.117],[-231.776,-15.261],[-231.934,-15.126],[-231.851,-14.834],[-231.805,-14.822],[-231.826,-14.699],[-231.945,-14.601],[-232.096,-14.498],[-232.121,-14.44],[-232.211,-14.368],[-232.244,-14.285],[-232.334,-14.178],[-232.51,-14.059],[-232.55,-13.988],[-232.679,-13.917],[-232.712,-13.939],[-232.838,-13.912],[-232.892,-13.952],[-232.928,-13.842],[-233.047,-13.724],[-233.252,-13.792],[-233.183,-13.942],[-233.299,-14.008],[-233.273,-14.059],[-233.353,-14.114],[-233.353,-14.158],[-233.479,-14.148],[-233.536,-14.086],[-233.511,-13.979],[-233.569,-13.971],[-233.655,-14.045],[-233.705,-14.136],[-233.81,-14.16],[-233.785,-14.04],[-233.849,-13.934],[-233.965,-13.942],[-233.993,-14.079],[-233.893,-14.079],[-233.849,-14.135],[-233.86,-14.195],[-233.929,-14.227],[-233.939,-14.351],[-233.986,-14.425],[-233.957,-14.509],[-234.166,-14.585],[-234.195,-14.438],[-234.289,-14.471],[-234.343,-14.361],[-234.307,-14.28],[-234.415,-14.246],[-234.411,-14.351],[-234.382,-14.401],[-234.443,-14.498],[-234.533,-14.525],[-234.717,-14.629],[-234.857,-14.729],[-234.767,-14.861],[-234.796,-14.932],[-234.721,-14.994],[-234.645,-14.994],[-234.577,-15.116],[-234.688,-15.151],[-234.753,-15.067],[-234.937,-15.014],[-235.027,-15.134],[-235.138,-15.114],[-235.142,-15.22],[-235.113,-15.239],[-234.987,-15.149],[-234.994,-15.222],[-235.077,-15.229],[-235.117,-15.281],[-235.07,-15.338],[-234.962,-15.281],[-234.911,-15.347],[-234.915,-15.455],[-235.005,-15.423],[-235.203,-15.291],[-235.318,-15.261],[-235.307,-15.457],[-235.369,-15.506],[-235.527,-15.468],[-235.595,-15.56],[-235.574,-15.647],[-235.624,-15.676],[-235.595,-15.875],[-235.549,-15.843],[-235.484,-15.97],[-235.39,-15.806],[-235.322,-15.791],[-235.315,-15.881],[-235.39,-15.899],[-235.415,-15.989],[-235.412,-16.095],[-235.466,-16.149],[-235.475,-16.166],[-235.484,-16.166],[-235.496,-16.149],[-235.572,-16.149],[-235.606,-16.166],[-235.621,-16.215],[-235.599,-16.33],[-235.523,-16.348],[-235.405,-16.326],[-235.376,-16.401],[-235.527,-16.394],[-235.599,-16.353],[-235.657,-16.407],[-235.779,-16.396],[-235.873,-16.272],[-236.078,-16.235],[-236.006,-16.379],[-236.269,-16.259],[-236.211,-16.225],[-236.223,-16.166],[-236.262,-16.149],[-236.278,-16.149],[-236.308,-16.149],[-236.402,-16.166],[-236.445,-16.21],[-236.42,-16.299],[-236.341,-16.328],[-236.374,-16.492],[-236.485,-16.492],[-236.511,-16.492],[-236.531,-16.533],[-236.466,-16.533],[-236.465,-16.533],[-236.405,-16.666],[-236.29,-16.742],[-236.275,-16.787],[-236.207,-16.89],[-236.143,-16.935],[-236.204,-17],[-236.164,-17.132],[-236.247,-17.083],[-236.344,-16.995],[-236.409,-17],[-236.42,-17.095],[-236.359,-17.172],[-236.427,-17.35],[-236.445,-17.518],[-236.567,-17.345],[-236.6,-17.329],[-236.665,-17.162],[-236.719,-17.101],[-236.74,-17.015],[-236.81,-16.935],[-236.855,-16.914],[-236.848,-16.808],[-236.893,-16.787],[-236.899,-16.732],[-236.971,-16.676],[-237.012,-16.533],[-237.017,-16.492],[-237.003,-16.423],[-237.082,-16.416],[-237.104,-16.492],[-237.141,-16.533],[-237.23,-16.58],[-237.255,-16.703],[-237.226,-16.762],[-237.294,-16.787],[-237.392,-16.787],[-237.426,-16.787],[-237.471,-16.873],[-237.427,-16.935],[-237.482,-16.935],[-237.524,-16.935]]]}},{"type":"Feature","properties":{},"geometry":{"type":"MultiPolygon","coordinates":[[[[-231.507,35],[-231.945,35],[-231.945,34.932],[-231.862,34.892],[-231.787,34.932],[-231.563,34.843],[-231.56,34.988],[-231.507,35]]],[[[-232.077,35],[-233.648,35],[-233.576,34.89],[-233.615,34.787],[-233.608,34.733],[-233.511,34.726],[-233.446,34.664],[-233.464,34.623],[-233.68,34.748],[-233.731,34.642],[-233.677,34.569],[-233.608,34.534],[-233.533,34.54],[-233.525,34.434],[-233.482,34.414],[-233.468,34.292],[-233.396,34.321],[-233.371,34.388],[-233.237,34.48],[-233.115,34.421],[-233.007,34.54],[-232.989,34.613],[-232.852,34.691],[-232.802,34.691],[-232.751,34.767],[-232.643,34.697],[-232.777,34.547],[-232.683,34.444],[-232.561,34.54],[-232.499,34.611],[-232.593,34.701],[-232.615,34.76],[-232.557,34.829],[-232.46,34.822],[-232.417,34.746],[-232.427,34.647],[-232.355,34.627],[-232.345,34.731],[-232.258,34.726],[-232.226,34.829],[-232.301,34.843],[-232.359,34.898],[-232.262,34.966],[-232.111,34.947],[-232.077,35]]],[[[-246.471,22.202],[-246.413,22.237],[-246.453,22.438],[-246.399,22.575],[-246.446,22.639],[-246.561,22.739],[-246.507,22.774],[-246.633,22.881],[-246.496,22.991],[-246.381,22.957],[-246.345,22.759],[-246.241,22.754],[-246.226,22.673],[-246.158,22.562],[-246.107,22.521],[-245.999,22.531],[-246.021,22.459],[-246.086,22.376],[-245.978,22.351],[-245.902,22.362],[-245.722,22.271],[-245.733,22.379],[-245.618,22.42],[-245.765,22.557],[-245.603,22.614],[-245.521,22.546],[-245.499,22.452],[-245.391,22.504],[-245.492,22.646],[-245.438,22.732],[-245.283,22.791],[-245.247,22.59],[-245.135,22.602],[-244.934,22.796],[-244.743,22.847],[-244.671,22.788],[-244.628,22.693],[-244.534,22.702],[-244.477,22.742],[-244.415,22.881],[-244.318,22.888],[-244.145,22.779],[-244.041,22.805],[-243.922,22.867],[-243.829,22.864],[-243.703,22.964],[-243.62,22.93],[-243.505,22.94],[-243.436,23.019],[-243.465,23.109],[-243.397,23.218],[-243.328,23.215],[-243.235,23.298],[-243.227,23.35],[-243.134,23.45],[-243.152,23.511],[-243.112,23.573],[-242.965,23.661],[-242.921,23.639],[-242.921,23.565],[-242.738,23.656],[-242.709,23.762],[-242.619,23.796],[-242.536,23.788],[-242.5,23.874],[-242.353,23.909],[-242.306,23.953],[-242.291,24.036],[-242.108,24.027],[-242.068,24.14],[-241.942,24.245],[-241.874,24.262],[-241.971,24.412],[-242.093,24.385],[-242.209,24.461],[-242.133,24.49],[-242.003,24.448],[-241.957,24.618],[-241.895,24.585],[-241.859,24.657],[-241.795,24.598],[-241.647,24.583],[-241.571,24.632],[-241.427,24.569],[-241.352,24.568],[-241.316,24.667],[-241.237,24.752],[-241.283,24.799],[-241.355,24.782],[-241.377,24.868],[-241.337,24.941],[-241.28,24.917],[-241.283,24.843],[-241.132,24.89],[-241.089,24.953],[-241.017,24.995],[-241.121,25.04],[-241.143,25.098],[-241.049,25.118],[-241.103,25.258],[-241.017,25.284],[-241.013,25.223],[-240.941,25.225],[-240.895,25.182],[-240.711,25.189],[-240.657,25.243],[-240.711,25.326],[-240.776,25.317],[-240.898,25.42],[-240.761,25.481],[-240.697,25.604],[-240.635,25.583],[-240.635,25.52],[-240.56,25.51],[-240.401,25.371],[-240.355,25.41],[-240.441,25.564],[-240.52,25.581],[-240.553,25.687],[-240.466,25.706],[-240.409,25.687],[-240.383,25.893],[-240.333,25.915],[-240.304,26.003],[-240.434,26.05],[-240.481,26.045],[-240.56,25.964],[-240.653,25.94],[-240.754,25.967],[-240.805,26.087],[-240.671,26.049],[-240.542,25.983],[-240.409,26.167],[-240.333,26.221],[-240.347,26.273],[-240.214,26.297],[-240.121,26.363],[-240.175,26.427],[-240.254,26.327],[-240.344,26.356],[-240.311,26.459],[-240.207,26.413],[-240.182,26.462],[-240.239,26.55],[-240.326,26.619],[-240.401,26.57],[-240.445,26.616],[-240.391,26.683],[-240.448,26.749],[-240.286,26.808],[-240.207,26.705],[-240.113,26.687],[-240.052,26.797],[-239.923,26.785],[-240.016,26.653],[-240.131,26.611],[-240.117,26.523],[-240.041,26.611],[-239.919,26.646],[-239.89,26.798],[-239.977,26.837],[-239.876,26.927],[-239.789,26.913],[-239.717,27.112],[-239.642,27.099],[-239.599,27.165],[-239.653,27.249],[-239.483,27.202],[-239.44,27.403],[-239.365,27.379],[-239.321,27.494],[-239.404,27.57],[-239.332,27.626],[-239.278,27.715],[-239.131,27.882],[-239.163,27.957],[-239.12,27.999],[-239.033,27.987],[-238.99,28.104],[-238.915,28.166],[-238.875,28.235],[-238.857,28.343],[-238.817,28.382],[-238.763,28.306],[-238.713,28.181],[-238.67,28.147],[-238.601,28.298],[-238.501,28.333],[-238.378,28.286],[-238.342,28.34],[-238.418,28.443],[-238.414,28.489],[-238.49,28.657],[-238.396,28.725],[-238.331,28.825],[-238.454,28.953],[-238.317,28.914],[-238.303,28.936],[-238.385,29.058],[-238.378,29.113],[-238.504,29.105],[-238.54,29.176],[-238.411,29.292],[-238.385,29.206],[-238.295,29.174],[-238.256,29.201],[-238.159,29.161],[-238.061,29.21],[-238.101,29.299],[-238.065,29.427],[-238.09,29.525],[-238.029,29.569],[-238.083,29.64],[-238.205,29.601],[-238.162,29.542],[-238.223,29.47],[-238.288,29.539],[-238.429,29.475],[-238.407,29.544],[-238.295,29.573],[-238.223,29.652],[-238.137,29.708],[-238.065,29.792],[-237.943,29.887],[-238.065,29.887],[-238.087,29.919],[-238.292,29.985],[-238.342,30.018],[-238.493,30.219],[-238.623,30.326],[-238.745,30.348],[-238.85,30.326],[-239.005,30.211],[-239.105,30.17],[-239.3,30.251],[-239.383,30.407],[-239.303,30.393],[-239.213,30.294],[-239.167,30.305],[-239.062,30.422],[-239.023,30.544],[-238.879,30.593],[-238.778,30.675],[-238.666,30.702],[-238.591,30.768],[-238.367,30.837],[-238.094,30.858],[-238.022,30.915],[-238.123,31.099],[-238.274,31.281],[-238.454,31.366],[-238.681,31.504],[-238.756,31.601],[-238.933,31.724],[-239.105,31.763],[-239.174,31.829],[-239.249,31.979],[-239.397,31.991],[-239.483,32.019],[-239.545,31.982],[-239.66,31.957],[-239.771,31.91],[-239.869,31.913],[-239.995,31.95],[-240.146,32.087],[-240.214,32.114],[-240.211,32.198],[-240.308,32.235],[-240.308,32.32],[-240.203,32.32],[-240.124,32.266],[-240.077,32.197],[-240.088,32.124],[-240.009,32.016],[-239.869,31.943],[-239.732,31.948],[-239.638,32.026],[-239.509,32.082],[-239.365,32.077],[-239.188,32.023],[-239.059,31.893],[-239.023,31.815],[-238.886,31.796],[-238.713,31.891],[-238.324,31.724],[-238.13,31.69],[-238.069,31.727],[-238.177,31.952],[-238.346,32.063],[-238.468,32.109],[-238.558,32.114],[-238.634,32.239],[-238.58,32.251],[-238.598,32.352],[-238.645,32.414],[-238.879,32.507],[-239.138,32.671],[-239.149,32.756],[-239.091,32.843],[-239.105,33.014],[-239.167,33.026],[-239.192,33.137],[-239.271,33.205],[-239.249,33.269],[-239.339,33.338],[-239.372,33.478],[-239.437,33.548],[-239.498,33.662],[-239.501,33.754],[-239.591,33.86],[-239.627,34.036],[-239.674,34.112],[-239.743,34.312],[-239.883,34.36],[-240.059,34.458],[-240.175,34.471],[-240.293,34.532],[-240.34,34.532],[-240.47,34.616],[-240.542,34.684],[-240.556,34.746],[-240.653,34.78],[-240.772,34.76],[-240.812,34.856],[-240.808,35],[-260,35],[-260,13.372],[-259.888,13.437],[-259.762,13.477],[-259.726,13.516],[-259.662,13.482],[-259.446,13.511],[-259.41,13.555],[-259.32,13.509],[-259.05,13.469],[-259.017,13.359],[-259.089,13.293],[-259.053,13.2],[-259.122,13.099],[-259.068,13.003],[-259.136,12.92],[-259.078,12.81],[-259.132,12.771],[-259.15,12.673],[-259.06,12.636],[-258.913,12.68],[-258.675,12.643],[-258.582,12.596],[-258.535,12.633],[-258.434,12.631],[-258.34,12.66],[-258.315,12.702],[-258.232,12.705],[-257.926,12.489],[-257.772,12.324],[-257.71,12.194],[-257.664,12.197],[-257.469,12.114],[-257.444,12.184],[-257.368,12.152],[-257.232,12.011],[-257.224,11.903],[-257.106,11.77],[-257.095,11.667],[-257.005,11.653],[-257.026,11.528],[-256.969,11.544],[-256.872,11.461],[-256.929,11.434],[-256.9,11.356],[-256.846,11.317],[-256.929,11.262],[-256.882,11.149],[-256.904,10.934],[-256.818,10.865],[-256.724,10.932],[-256.656,10.895],[-256.587,10.946],[-256.519,11.149],[-256.468,11.162],[-256.339,11.03],[-256.274,10.856],[-256.328,10.758],[-256.432,10.726],[-256.494,10.635],[-256.375,10.5],[-256.274,10.502],[-256.191,10.537],[-256.105,10.659],[-256.054,10.588],[-255.928,10.556],[-255.712,10.541],[-255.55,10.426],[-255.41,10.26],[-255.385,10.147],[-255.262,10.232],[-255.194,10.206],[-255.133,10.117],[-255.036,10.107],[-254.956,10.054],[-254.892,9.953],[-255.025,9.872],[-255.108,9.852],[-255.144,9.739],[-255.169,9.514],[-255.18,9.193],[-255.194,9.046],[-255.187,8.937],[-255.226,8.818],[-255.136,8.732],[-255.165,8.661],[-255.273,8.599],[-255.144,8.565],[-254.899,8.634],[-254.816,8.741],[-254.74,8.761],[-254.665,8.84],[-254.593,9.001],[-254.46,9.129],[-253.981,9.315],[-253.808,9.369],[-253.804,9.541],[-253.909,9.693],[-253.927,9.749],[-254.161,9.98],[-254.096,9.977],[-253.934,9.804],[-253.75,9.631],[-253.603,9.543],[-253.502,9.549],[-253.423,9.649],[-253.419,9.72],[-253.473,9.762],[-253.524,9.862],[-253.689,10.009],[-253.826,10.147],[-253.855,10.228],[-253.606,9.975],[-253.495,9.906],[-253.39,9.816],[-253.336,9.884],[-253.354,9.973],[-253.333,10.032],[-253.264,10.054],[-253.2,10.149],[-253.279,10.2],[-253.52,10.281],[-253.513,10.303],[-253.225,10.276],[-253.21,10.394],[-253.261,10.468],[-253.329,10.433],[-253.354,10.487],[-253.268,10.522],[-253.254,10.561],[-253.228,10.603],[-253.243,10.642],[-253.264,10.659],[-253.214,10.681],[-253.171,10.63],[-253.117,10.652],[-253.056,10.601],[-253.027,10.475],[-252.973,10.502],[-252.825,10.478],[-252.782,10.434],[-252.782,10.402],[-252.728,10.379],[-252.674,10.443],[-252.552,10.473],[-252.429,10.563],[-252.08,10.721],[-252.001,10.699],[-251.936,10.868],[-251.893,10.919],[-251.655,10.954],[-251.637,11.01],[-251.518,11.064],[-251.5,11.122],[-251.421,11.179],[-251.263,11.189],[-251.234,11.275],[-251.18,11.324],[-251.032,11.314],[-250.978,11.368],[-250.96,11.601],[-250.863,11.571],[-250.759,11.736],[-250.806,11.827],[-250.712,11.968],[-250.788,12.069],[-250.773,12.138],[-250.802,12.207],[-250.78,12.322],[-250.784,12.44],[-250.701,12.351],[-250.654,12.396],[-250.752,12.51],[-250.752,12.572],[-250.795,12.646],[-250.636,12.793],[-250.597,12.629],[-250.55,12.64],[-250.626,12.776],[-250.536,12.913],[-250.694,13.133],[-250.69,13.342],[-250.77,13.393],[-250.755,13.486],[-250.701,13.578],[-250.744,13.605],[-250.777,13.722],[-250.698,13.759],[-250.694,13.876],[-250.734,13.921],[-250.795,14.186],[-250.809,14.291],[-250.87,14.384],[-250.87,14.451],[-250.924,14.578],[-250.921,14.73],[-250.989,14.821],[-251.079,15.058],[-251.09,15.21],[-251.122,15.345],[-251.212,15.373],[-251.292,15.438],[-251.371,15.456],[-251.382,15.529],[-251.544,15.747],[-251.587,15.868],[-251.695,15.956],[-251.76,16.091],[-251.857,16.12],[-251.821,16.214],[-251.947,16.236],[-251.94,16.289],[-252.055,16.356],[-252.105,16.278],[-252.192,16.322],[-252.177,16.388],[-252.249,16.473],[-252.393,16.545],[-252.397,16.596],[-252.814,16.934],[-252.879,17.018],[-252.89,17.089],[-253.236,17.335],[-253.365,17.471],[-253.531,17.748],[-253.552,17.872],[-253.48,17.957],[-253.56,18.051],[-253.729,18.203],[-253.902,18.29],[-254.024,18.403],[-254.175,18.593],[-254.233,18.756],[-254.305,18.86],[-254.366,18.909],[-254.388,18.985],[-254.33,19.09],[-254.262,19.108],[-254.258,19.232],[-254.193,19.272],[-254.218,19.394],[-254.182,19.537],[-254.182,19.61],[-254.103,19.721],[-254.042,19.875],[-254.046,19.926],[-253.974,19.998],[-253.916,19.965],[-253.822,19.992],[-253.646,20.177],[-253.606,20.204],[-253.43,20.231],[-253.408,20.275],[-253.426,20.368],[-253.405,20.448],[-253.419,20.566],[-253.257,20.697],[-253.228,20.74],[-253.261,20.883],[-253.315,20.952],[-253.318,21.02],[-253.214,21.013],[-253.167,20.924],[-253.066,20.959],[-252.933,20.964],[-252.84,20.932],[-252.753,21.003],[-252.667,21.006],[-252.613,21.185],[-252.609,21.28],[-252.526,21.304],[-252.4,21.299],[-252.364,21.376],[-252.253,21.412],[-252.217,21.466],[-252.08,21.518],[-252.069,21.442],[-251.983,21.471],[-251.972,21.523],[-251.774,21.626],[-251.716,21.545],[-251.677,21.709],[-251.583,21.63],[-251.58,21.557],[-251.482,21.596],[-251.479,21.68],[-251.522,21.699],[-251.493,21.788],[-251.536,21.863],[-251.407,21.918],[-251.364,21.885],[-251.432,21.795],[-251.353,21.751],[-251.227,21.623],[-251.162,21.668],[-251.072,21.614],[-250.953,21.636],[-250.863,21.603],[-250.856,21.51],[-250.939,21.481],[-250.95,21.437],[-250.784,21.417],[-250.683,21.459],[-250.575,21.452],[-250.471,21.491],[-250.413,21.631],[-250.323,21.576],[-250.352,21.52],[-250.291,21.483],[-250.197,21.473],[-250.082,21.489],[-250.075,21.363],[-250.222,21.354],[-250.226,21.216],[-250.33,21.123],[-250.291,21.057],[-250.338,20.927],[-250.312,20.836],[-250.24,20.807],[-250.179,20.517],[-249.985,20.419],[-250.05,20.272],[-249.974,20.301],[-249.873,20.248],[-249.761,20.275],[-249.718,20.253],[-249.599,20.301],[-249.499,20.412],[-249.466,20.478],[-249.52,20.567],[-249.592,20.586],[-249.664,20.726],[-249.603,20.718],[-249.596,20.79],[-249.664,20.86],[-249.844,20.849],[-249.844,20.986],[-249.729,21.089],[-249.607,21.162],[-249.556,21.314],[-249.52,21.218],[-249.362,21.229],[-249.383,21.346],[-249.311,21.331],[-249.232,21.398],[-249.131,21.385],[-249.005,21.445],[-248.966,21.532],[-248.858,21.466],[-248.807,21.532],[-248.699,21.5],[-248.563,21.533],[-248.523,21.513],[-248.368,21.53],[-248.285,21.623],[-248.213,21.616],[-248.239,21.726],[-248.17,21.749],[-248.131,21.677],[-248.008,21.765],[-248.105,21.837],[-248.087,21.913],[-247.972,21.797],[-247.828,21.814],[-247.817,21.753],[-247.756,21.707],[-247.637,21.733],[-247.558,21.829],[-247.421,21.766],[-247.357,21.849],[-247.263,21.896],[-247.256,21.932],[-247.159,21.961],[-247.119,21.874],[-247.043,21.876],[-246.982,21.942],[-246.975,22.143],[-246.874,22.131],[-246.842,22.025],[-246.752,22.055],[-246.752,22.104],[-246.698,22.183],[-246.575,22.187],[-246.518,22.155],[-246.473,22.199],[-246.471,22.202]]],[[[-260,13.219],[-260,12.807],[-259.896,13.057],[-259.924,13.153],[-260,13.219]]],[[[-260,8.571],[-260,6.567],[-259.874,6.442],[-259.827,6.291],[-259.752,6.221],[-259.651,6.012],[-259.626,5.811],[-259.651,5.585],[-259.615,5.499],[-259.622,5.412],[-259.568,5.279],[-259.59,5.127],[-259.636,5.085],[-259.546,4.909],[-259.428,4.857],[-259.384,4.639],[-259.41,4.59],[-259.366,4.533],[-259.435,4.32],[-259.41,4.3],[-259.366,4.156],[-259.323,4.165],[-259.222,4.087],[-259.222,4.021],[-259.298,3.967],[-259.28,3.867],[-259.129,3.768],[-259.068,3.69],[-258.96,3.623],[-258.898,3.482],[-258.794,3.354],[-258.704,3.275],[-258.672,3.113],[-258.628,3.003],[-258.718,2.912],[-258.715,2.849],[-258.6,2.819],[-258.499,2.689],[-258.218,2.576],[-258.15,2.479],[-258.142,2.419],[-258.013,2.395],[-257.872,2.256],[-257.811,2.216],[-257.512,2.093],[-257.332,1.922],[-257.3,1.86],[-257.196,1.86],[-257.066,1.748],[-256.962,1.716],[-256.792,1.61],[-256.674,1.566],[-256.605,1.507],[-256.555,1.36],[-256.483,1.27],[-256.436,1.36],[-256.4,1.353],[-256.317,1.443],[-256.159,1.476],[-256.026,1.421],[-255.936,1.449],[-255.885,1.368],[-255.781,1.346],[-255.723,1.367],[-255.705,1.446],[-255.777,1.726],[-255.831,1.848],[-255.882,1.892],[-255.878,1.954],[-256.022,2.192],[-256.015,2.253],[-256.051,2.339],[-256.162,2.464],[-256.159,2.525],[-256.249,2.655],[-256.36,2.672],[-256.526,2.851],[-256.566,2.962],[-256.544,3.204],[-256.573,3.368],[-256.519,3.511],[-256.594,3.601],[-256.663,3.758],[-256.623,3.803],[-256.616,3.891],[-256.562,3.975],[-256.605,4.116],[-256.544,4.183],[-256.504,4.337],[-256.548,4.489],[-256.53,4.55],[-256.558,4.742],[-256.551,4.806],[-256.742,5.136],[-256.778,5.222],[-256.879,5.382],[-257.041,5.542],[-257.124,5.571],[-257.304,5.713],[-257.372,5.797],[-257.502,5.897],[-257.62,6.133],[-257.685,6.191],[-257.8,6.233],[-257.847,6.203],[-257.98,6.296],[-258.092,6.402],[-258.229,6.5],[-258.434,6.833],[-258.614,6.905],[-258.65,6.876],[-258.754,6.902],[-258.808,6.861],[-259.003,6.856],[-259.15,6.963],[-259.233,6.983],[-259.388,7.192],[-259.446,7.145],[-259.564,7.16],[-259.629,7.332],[-259.698,7.342],[-259.773,7.479],[-259.816,7.515],[-259.845,7.616],[-259.845,7.733],[-259.73,7.795],[-259.694,7.758],[-259.676,7.616],[-259.593,7.528],[-259.593,7.378],[-259.561,7.294],[-259.453,7.197],[-259.431,7.229],[-259.5,7.334],[-259.561,7.478],[-259.698,8.119],[-259.73,8.317],[-259.78,8.449],[-259.842,8.386],[-259.888,8.413],[-259.96,8.545],[-260,8.571]]]]}},{"type":"Feature","properties":{},"geometry":{"type":"Polygon","coordinates":[[[-250.093,-7.838],[-249.967,-7.885],[-249.524,-8.111],[-249.308,-8.176],[-249.153,-8.201],[-248.984,-8.255],[-248.887,-8.241],[-248.829,-8.282],[-248.725,-8.248],[-248.573,-8.268],[-248.552,-8.312],[-248.451,-8.316],[-248.325,-8.368],[-248.289,-8.302],[-248.206,-8.257],[-248.073,-8.302],[-247.634,-8.343],[-247.558,-8.392],[-247.479,-8.392],[-247.328,-8.447],[-247.166,-8.376],[-247.097,-8.403],[-246.975,-8.302],[-246.802,-8.277],[-246.676,-8.309],[-246.604,-8.382],[-246.532,-8.378],[-246.471,-8.429],[-246.37,-8.452],[-246.277,-8.528],[-246.187,-8.508],[-246.176,-8.557],[-246.025,-8.567],[-245.895,-8.638],[-245.801,-8.645],[-245.697,-8.611],[-245.614,-8.665],[-245.611,-8.748],[-245.402,-8.775],[-245.373,-8.716],[-245.413,-8.664],[-245.539,-8.618],[-245.625,-8.52],[-245.643,-8.409],[-245.596,-8.159],[-245.553,-8.013],[-245.557,-7.921],[-245.531,-7.831],[-245.618,-7.753],[-245.726,-7.706],[-245.859,-7.701],[-245.924,-7.63],[-245.985,-7.618],[-246.053,-7.677],[-246.143,-7.677],[-246.215,-7.726],[-246.471,-7.701],[-246.676,-7.785],[-246.759,-7.74],[-246.867,-7.728],[-246.943,-7.662],[-247.029,-7.647],[-247.155,-7.593],[-247.238,-7.53],[-247.238,-7.449],[-247.191,-7.407],[-247.173,-7.292],[-247.202,-7.218],[-247.324,-7.154],[-247.389,-7.08],[-247.414,-7],[-247.396,-6.926],[-247.544,-6.875],[-247.637,-6.87],[-247.893,-6.911],[-247.933,-6.894],[-248.023,-6.784],[-248.116,-6.809],[-248.26,-6.782],[-248.39,-6.664],[-248.505,-6.624],[-248.57,-6.7],[-248.656,-6.713],[-248.843,-6.691],[-248.879,-6.649],[-248.948,-6.457],[-249.074,-6.404],[-249.283,-6.465],[-249.337,-6.565],[-249.355,-6.688],[-249.427,-6.836],[-249.513,-6.938],[-249.643,-6.973],[-249.801,-6.891],[-250.017,-6.923],[-250.104,-6.918],[-250.273,-6.864],[-250.467,-6.835],[-250.507,-6.801],[-250.561,-6.86],[-250.647,-6.875],[-250.856,-6.857],[-251,-6.789],[-251.054,-6.85],[-251.166,-6.788],[-251.252,-6.813],[-251.396,-6.762],[-251.461,-6.487],[-251.544,-6.441],[-251.626,-6.34],[-251.641,-6.247],[-251.752,-6.247],[-251.857,-6.323],[-251.907,-6.327],[-252.188,-6.19],[-252.321,-6.239],[-252.379,-6.188],[-252.53,-6.146],[-252.645,-5.975],[-252.721,-5.955],[-252.85,-5.974],[-252.955,-5.915],[-253.002,-6.004],[-253.012,-6.08],[-253.207,-6.104],[-253.336,-6.007],[-253.452,-6.006],[-253.531,-6.034],[-253.743,-5.942],[-253.822,-6.014],[-253.884,-5.985],[-253.916,-5.886],[-253.981,-5.893],[-254.024,-5.984],[-254.11,-6.07],[-254.168,-6.229],[-254.175,-6.435],[-254.218,-6.512],[-254.38,-6.533],[-254.373,-6.615],[-254.546,-6.809],[-254.636,-6.664],[-254.74,-6.767],[-254.69,-6.811],[-254.445,-6.855],[-254.298,-6.836],[-254.226,-6.85],[-254.042,-6.818],[-253.948,-6.836],[-253.876,-6.896],[-253.797,-6.914],[-253.682,-6.997],[-253.596,-6.992],[-253.549,-6.955],[-253.462,-6.983],[-253.459,-7.054],[-253.603,-7.208],[-253.624,-7.311],[-253.477,-7.411],[-253.21,-7.436],[-252.894,-7.456],[-252.789,-7.485],[-252.588,-7.495],[-252.519,-7.539],[-252.408,-7.571],[-252.314,-7.662],[-252.192,-7.686],[-252.134,-7.745],[-252.048,-7.74],[-251.86,-7.787],[-251.673,-7.818],[-251.547,-7.819],[-251.504,-7.792],[-251.461,-7.693],[-251.238,-7.693],[-251.126,-7.61],[-251.112,-7.679],[-250.986,-7.733],[-250.903,-7.688],[-250.633,-7.713],[-250.575,-7.774],[-250.514,-7.762],[-250.345,-7.782],[-250.118,-7.845],[-250.093,-7.838]]]}},{"type":"Feature","properties":{},"geometry":{"type":"Polygon","coordinates":[[[-220.806,-6.973],[-220.875,-6.972],[-221.058,-6.845],[-221.202,-6.857],[-221.26,-6.897],[-221.386,-6.877],[-221.44,-6.919],[-221.238,-7.113],[-221.159,-7.146],[-221.033,-7.164],[-220.961,-7.211],[-220.839,-7.203],[-220.842,-7.243],[-220.997,-7.24],[-221.094,-7.2],[-221.31,-7.193],[-221.31,-7.233],[-221.159,-7.314],[-221.073,-7.427],[-221.055,-7.497],[-220.965,-7.515],[-220.911,-7.596],[-220.994,-7.755],[-221.004,-7.865],[-221.091,-7.922],[-221.098,-8.093],[-221.163,-8.138],[-221.087,-8.292],[-220.911,-8.133],[-220.799,-8.096],[-220.716,-8.172],[-220.644,-8.199],[-220.486,-8.179],[-220.371,-8.125],[-220.068,-8.108],[-219.968,-8.246],[-219.748,-8.409],[-219.492,-8.638],[-219.377,-8.807],[-219.143,-9.049],[-218.992,-9.125],[-218.884,-9.219],[-218.769,-9.212],[-218.69,-9.152],[-218.614,-9.141],[-218.492,-9.216],[-218.38,-9.234],[-218.218,-9.201],[-218.106,-9.219],[-218.006,-9.189],[-217.818,-9.177],[-217.79,-9.158],[-217.682,-9.204],[-217.534,-9.241],[-217.422,-9.324],[-217.347,-9.331],[-217.268,-9.278],[-217.059,-9.179],[-216.965,-9.101],[-216.821,-9.042],[-216.638,-9.008],[-216.594,-8.962],[-216.602,-8.782],[-216.738,-8.593],[-216.868,-8.486],[-216.936,-8.452],[-217.102,-8.414],[-217.232,-8.329],[-217.16,-8.289],[-217.019,-8.336],[-216.663,-8.248],[-216.407,-8.241],[-216.371,-8.186],[-216.45,-8.032],[-216.35,-7.981],[-216.234,-8.04],[-216.101,-8.029],[-216.044,-7.973],[-216.144,-7.809],[-216.159,-7.72],[-216.242,-7.583],[-216.076,-7.694],[-215.784,-7.796],[-215.738,-7.684],[-215.644,-7.688],[-215.633,-7.743],[-215.532,-7.737],[-215.583,-7.585],[-215.424,-7.642],[-215.338,-7.634],[-215.133,-7.706],[-215.115,-7.782],[-215.003,-7.816],[-214.809,-7.819],[-214.758,-7.865],[-214.679,-7.861],[-214.593,-7.932],[-214.535,-7.946],[-214.388,-7.932],[-214.229,-7.97],[-214.118,-8.042],[-214.06,-8.035],[-213.92,-8.088],[-213.884,-8.201],[-213.754,-8.292],[-213.736,-8.405],[-213.639,-8.561],[-213.563,-8.611],[-213.394,-8.834],[-213.444,-8.864],[-213.441,-8.94],[-213.398,-9.006],[-213.221,-9.057],[-213.084,-9.125],[-213.095,-9.236],[-213.016,-9.302],[-212.948,-9.461],[-212.865,-9.44],[-212.796,-9.528],[-212.688,-9.538],[-212.508,-9.768],[-212.483,-9.879],[-212.393,-9.981],[-212.238,-10.06],[-212.12,-10.052],[-212.04,-10.155],[-211.824,-10.099],[-211.77,-10.106],[-211.598,-10.2],[-211.461,-10.173],[-211.27,-10.175],[-211.263,-10.231],[-211.13,-10.239],[-211.043,-10.278],[-210.932,-10.234],[-210.831,-10.249],[-210.672,-10.31],[-210.633,-10.276],[-210.51,-10.337],[-210.251,-10.339],[-209.949,-10.474],[-210.075,-10.553],[-209.884,-10.666],[-209.794,-10.693],[-209.682,-10.663],[-209.571,-10.675],[-209.506,-10.619],[-209.448,-10.621],[-209.308,-10.556],[-209.351,-10.477],[-209.653,-10.366],[-209.599,-10.3],[-209.43,-10.34],[-209.347,-10.339],[-209.441,-10.202],[-209.596,-10.207],[-209.7,-10.18],[-209.812,-10.092],[-210.006,-10.077],[-210.147,-10.014],[-210.143,-9.976],[-210.248,-9.879],[-210.255,-9.802],[-210.042,-9.756],[-209.952,-9.685],[-210.024,-9.631],[-210.111,-9.64],[-210.248,-9.601],[-210.381,-9.621],[-210.543,-9.594],[-210.665,-9.516],[-210.773,-9.488],[-210.813,-9.391],[-210.737,-9.182],[-210.672,-9.047],[-210.755,-8.998],[-210.845,-9.003],[-211.022,-9.052],[-211.097,-9.043],[-211.241,-9.104],[-211.378,-9.084],[-211.439,-9.032],[-211.504,-8.883],[-211.518,-8.731],[-211.612,-8.631],[-211.763,-8.569],[-211.763,-8.442],[-211.788,-8.306],[-211.886,-8.056],[-212.001,-8.056],[-212.033,-7.986],[-212.123,-7.937],[-212.274,-7.932],[-212.318,-7.811],[-212.393,-7.816],[-212.418,-7.704],[-212.498,-7.679],[-212.501,-7.628],[-212.645,-7.515],[-212.811,-7.463],[-212.858,-7.323],[-212.858,-7.213],[-212.93,-7.146],[-212.94,-7.048],[-213.045,-6.955],[-213.059,-6.836],[-213.023,-6.74],[-212.919,-6.713],[-212.804,-6.739],[-212.649,-6.747],[-212.562,-6.733],[-212.498,-6.755],[-212.4,-6.727],[-212.224,-6.718],[-212.145,-6.691],[-212.134,-6.477],[-212.199,-6.31],[-212.274,-6.273],[-212.379,-6.107],[-212.552,-5.962],[-212.71,-5.931],[-212.757,-5.967],[-212.894,-5.958],[-213.045,-5.891],[-213.066,-5.842],[-213.189,-5.839],[-213.21,-5.798],[-213.344,-5.749],[-213.538,-5.599],[-213.606,-5.604],[-213.826,-5.55],[-214.042,-5.475],[-214.114,-5.514],[-214.15,-5.475],[-214.24,-5.477],[-214.272,-5.423],[-214.258,-5.312],[-214.208,-5.221],[-214.19,-5.067],[-214.215,-4.969],[-214.19,-4.869],[-214.222,-4.814],[-214.308,-4.768],[-214.654,-4.39],[-214.82,-4.39],[-214.949,-4.342],[-215.003,-4.239],[-215.136,-4.162],[-215.126,-4.104],[-215.27,-4.027],[-215.396,-4.006],[-215.45,-3.968],[-215.45,-3.883],[-215.486,-3.817],[-215.691,-3.799],[-215.752,-3.868],[-215.795,-3.838],[-216.004,-3.794],[-216.054,-3.723],[-216.144,-3.681],[-216.18,-3.621],[-216.267,-3.603],[-216.382,-3.545],[-216.476,-3.436],[-216.875,-3.348],[-216.972,-3.356],[-217.498,-3.196],[-217.606,-3.145],[-217.797,-3.088],[-217.998,-2.956],[-218.114,-2.965],[-218.2,-2.9],[-218.423,-2.794],[-218.661,-2.701],[-218.718,-2.649],[-218.808,-2.615],[-218.956,-2.59],[-218.992,-2.608],[-219.258,-2.605],[-219.255,-2.499],[-219.392,-2.439],[-219.518,-2.433],[-219.611,-2.397],[-219.669,-2.456],[-219.791,-2.402],[-219.827,-2.348],[-219.903,-2.323],[-219.942,-2.355],[-220.137,-2.372],[-220.22,-2.355],[-220.32,-2.293],[-220.486,-2.232],[-220.533,-2.195],[-220.716,-2.122],[-220.893,-2.012],[-221.051,-1.96],[-221.138,-1.957],[-221.195,-1.921],[-221.336,-1.789],[-221.642,-1.71],[-221.771,-1.649],[-221.926,-1.61],[-222.074,-1.484],[-222.207,-1.484],[-222.466,-1.599],[-222.65,-1.71],[-222.858,-1.788],[-222.898,-1.889],[-222.794,-1.95],[-222.808,-2.004],[-222.772,-2.075],[-222.844,-2.112],[-222.977,-2.119],[-223.06,-2.173],[-223.132,-2.188],[-223.251,-2.252],[-223.316,-2.259],[-223.517,-2.211],[-223.571,-2.211],[-223.661,-2.289],[-223.65,-2.352],[-223.712,-2.45],[-223.722,-2.541],[-223.802,-2.625],[-223.978,-2.708],[-224.036,-2.775],[-224.09,-2.987],[-224.158,-3.012],[-224.28,-3.149],[-224.36,-3.177],[-224.428,-3.242],[-224.435,-3.29],[-224.529,-3.363],[-224.676,-3.387],[-224.723,-3.368],[-224.889,-3.361],[-225.015,-3.329],[-225.116,-3.25],[-225.137,-3.162],[-225.18,-3.137],[-225.177,-3.051],[-225.137,-2.939],[-225.227,-2.978],[-225.299,-2.958],[-225.332,-2.838],[-225.342,-2.563],[-225.36,-2.51],[-225.447,-2.492],[-225.504,-2.517],[-225.522,-2.635],[-225.468,-2.835],[-225.537,-2.855],[-225.598,-2.745],[-225.67,-2.522],[-225.796,-2.396],[-225.839,-2.309],[-225.857,-2.154],[-225.854,-1.94],[-225.911,-1.671],[-225.846,-1.629],[-225.778,-1.544],[-225.771,-1.436],[-225.717,-1.35],[-225.796,-1.212],[-225.857,-1.166],[-225.965,-0.959],[-225.89,-0.82],[-226.023,-0.724],[-226.253,-0.751],[-226.44,-0.744],[-226.61,-0.724],[-226.71,-0.629],[-226.844,-0.531],[-226.944,-0.511],[-227.042,-0.442],[-227.096,-0.454],[-227.29,-0.361],[-227.322,-0.369],[-227.564,-0.347],[-227.729,-0.384],[-227.902,-0.471],[-227.931,-0.531],[-227.996,-0.552],[-228.093,-0.634],[-228.114,-0.682],[-228.219,-0.719],[-228.41,-0.756],[-228.456,-0.737],[-228.6,-0.766],[-228.755,-0.82],[-228.73,-1.004],[-228.762,-1.117],[-228.82,-1.217],[-228.924,-1.237],[-228.996,-1.372],[-228.996,-1.457],[-228.874,-1.453],[-228.802,-1.521],[-228.611,-1.457],[-228.564,-1.502],[-228.51,-1.47],[-228.41,-1.487],[-228.291,-1.556],[-228.215,-1.548],[-228.071,-1.707],[-227.981,-1.722],[-228.071,-1.806],[-228.028,-1.965],[-227.927,-2.105],[-227.787,-2.166],[-227.718,-2.25],[-227.654,-2.271],[-227.441,-2.186],[-227.387,-2.211],[-227.362,-2.277],[-227.301,-2.306],[-227.207,-2.249],[-227.056,-2.284],[-226.829,-2.217],[-226.703,-2.205],[-226.556,-2.238],[-226.451,-2.245],[-226.289,-2.176],[-226.059,-2.107],[-226.098,-2.198],[-226.188,-2.237],[-226.16,-2.299],[-226.098,-2.259],[-226.055,-2.343],[-226.264,-2.517],[-226.289,-2.578],[-226.365,-2.539],[-226.462,-2.569],[-226.516,-2.517],[-226.674,-2.505],[-226.689,-2.443],[-226.826,-2.423],[-226.966,-2.48],[-227.164,-2.737],[-227.283,-2.814],[-227.416,-2.718],[-227.69,-2.676],[-227.798,-2.676],[-227.888,-2.705],[-227.963,-2.794],[-227.981,-2.878],[-227.924,-2.958],[-227.812,-2.917],[-227.675,-2.946],[-227.448,-3.106],[-227.398,-3.242],[-227.33,-3.329],[-227.272,-3.285],[-227.189,-3.282],[-227.168,-3.461],[-227.121,-3.475],[-227.067,-3.554],[-227.117,-3.643],[-227.243,-3.628],[-227.268,-3.682],[-227.214,-3.794],[-227.16,-3.998],[-227.099,-4.081],[-227.031,-4.113],[-226.919,-4.06],[-226.79,-4.079],[-226.732,-4.052],[-226.545,-3.865],[-226.592,-3.8],[-226.592,-3.723],[-226.494,-3.623],[-226.422,-3.581],[-226.43,-3.481],[-226.336,-3.361],[-226.332,-3.122],[-226.264,-3.052],[-226.138,-3.008],[-226.152,-3.088],[-226.278,-3.182],[-226.318,-3.233],[-226.296,-3.404],[-226.358,-3.461],[-226.289,-3.621],[-226.199,-3.61],[-226.088,-3.73],[-226.041,-3.838],[-225.976,-3.805],[-225.908,-3.824],[-225.839,-3.772],[-225.807,-3.836],[-225.81,-3.944],[-225.728,-3.971],[-225.684,-4.02],[-225.641,-3.925],[-225.569,-3.908],[-225.468,-4.022],[-225.396,-4.001],[-225.303,-4.054],[-225.342,-4.133],[-225.274,-4.15],[-225.26,-4.204],[-225.177,-4.26],[-225.072,-4.275],[-225.04,-4.319],[-224.813,-4.449],[-224.727,-4.459],[-224.572,-4.43],[-224.277,-4.496],[-224.086,-4.498],[-223.964,-4.586],[-223.733,-4.677],[-223.643,-4.677],[-223.168,-4.932],[-223.053,-4.876],[-222.995,-4.945],[-222.927,-4.923],[-222.884,-4.979],[-222.689,-5.021],[-222.596,-5.097],[-222.534,-5.096],[-222.419,-5.182],[-222.293,-5.222],[-222.178,-5.362],[-222.095,-5.324],[-222.084,-5.388],[-222.012,-5.47],[-221.894,-5.531],[-221.94,-5.575],[-221.944,-5.658],[-221.915,-5.741],[-221.768,-5.683],[-221.75,-5.719],[-221.843,-5.774],[-221.728,-5.888],[-221.724,-5.947],[-221.634,-6.092],[-221.606,-6.254],[-221.534,-6.403],[-221.292,-6.63],[-221.328,-6.695],[-221.177,-6.806],[-221.001,-6.853],[-220.932,-6.918],[-220.806,-6.973]]]}},{"type":"Feature","properties":{},"geometry":{"type":"Polygon","coordinates":[[[-240.153,-0.874],[-240.189,-0.834],[-240.265,-0.641],[-240.319,-0.737],[-240.463,-0.85],[-240.517,-0.964],[-240.545,-1.097],[-240.671,-1.215],[-240.671,-1.36],[-240.7,-1.387],[-240.697,-1.494],[-240.668,-1.573],[-240.693,-1.695],[-240.632,-1.833],[-240.646,-1.935],[-240.765,-1.982],[-240.873,-2.255],[-240.859,-2.443],[-240.97,-2.532],[-240.985,-2.578],[-241.085,-2.649],[-241.193,-2.63],[-241.244,-2.775],[-241.229,-2.862],[-241.118,-2.862],[-241.147,-3.054],[-241.237,-3.091],[-241.175,-3.193],[-241.147,-3.296],[-241.161,-3.348],[-241.075,-3.566],[-240.974,-3.51],[-240.841,-3.478],[-240.769,-3.485],[-240.704,-3.427],[-240.653,-3.431],[-240.502,-3.495],[-240.484,-3.562],[-240.545,-3.701],[-240.416,-3.971],[-240.369,-3.973],[-240.394,-4.104],[-240.376,-4.184],[-240.401,-4.243],[-240.373,-4.304],[-240.409,-4.564],[-240.509,-4.754],[-240.473,-4.883],[-240.553,-5.092],[-240.621,-5.192],[-240.646,-5.356],[-240.621,-5.433],[-240.527,-5.562],[-240.484,-5.558],[-240.43,-5.656],[-240.365,-5.617],[-240.322,-5.697],[-240.229,-5.702],[-240.157,-5.661],[-240.085,-5.568],[-240.013,-5.565],[-239.901,-5.595],[-239.678,-5.509],[-239.584,-5.617],[-239.541,-5.626],[-239.62,-5.337],[-239.735,-5.15],[-239.692,-4.993],[-239.692,-4.871],[-239.613,-4.829],[-239.555,-4.626],[-239.599,-4.574],[-239.599,-4.472],[-239.638,-4.386],[-239.613,-4.329],[-239.62,-4.167],[-239.649,-4.101],[-239.642,-3.895],[-239.552,-3.73],[-239.602,-3.502],[-239.606,-3.382],[-239.577,-3.267],[-239.617,-3.209],[-239.692,-3.174],[-239.775,-2.988],[-239.707,-2.904],[-239.458,-2.747],[-239.426,-2.696],[-239.224,-2.615],[-238.994,-2.661],[-238.933,-2.752],[-238.979,-2.802],[-238.929,-2.851],[-238.918,-2.978],[-238.951,-3.066],[-238.933,-3.194],[-239.023,-3.267],[-239.131,-3.446],[-239.105,-3.539],[-238.825,-3.804],[-238.76,-3.807],[-238.645,-3.968],[-238.447,-4.022],[-238.371,-4.087],[-238.414,-4.236],[-238.465,-4.231],[-238.479,-4.44],[-238.519,-4.581],[-238.515,-4.657],[-238.447,-4.744],[-238.342,-4.787],[-238.295,-4.836],[-238.177,-4.814],[-238.112,-4.846],[-238.007,-4.856],[-237.91,-4.837],[-237.892,-4.793],[-237.957,-4.707],[-237.953,-4.626],[-237.892,-4.52],[-237.759,-4.466],[-237.694,-4.462],[-237.568,-4.417],[-237.503,-4.435],[-237.403,-4.396],[-237.331,-4.432],[-237.316,-4.481],[-237.226,-4.451],[-237.093,-4.369],[-237.107,-4.136],[-237.313,-4.138],[-237.345,-4.006],[-237.399,-3.979],[-237.352,-3.885],[-237.471,-3.865],[-237.557,-3.731],[-237.665,-3.718],[-237.766,-3.643],[-237.799,-3.557],[-237.709,-3.471],[-237.748,-3.377],[-237.644,-3.218],[-237.572,-3.247],[-237.529,-3.162],[-237.615,-3.132],[-237.719,-3.039],[-237.687,-2.927],[-237.712,-2.889],[-237.806,-2.867],[-237.863,-2.775],[-237.917,-2.764],[-237.986,-2.693],[-237.982,-2.615],[-238.069,-2.463],[-238.119,-2.414],[-238.177,-2.287],[-238.299,-2.181],[-238.382,-2.178],[-238.447,-2.134],[-238.465,-2.06],[-238.673,-1.919],[-238.63,-1.806],[-238.461,-1.923],[-238.371,-1.928],[-238.259,-1.862],[-238.202,-1.718],[-238.025,-1.656],[-237.982,-1.619],[-237.856,-1.593],[-237.817,-1.614],[-237.629,-1.492],[-237.521,-1.381],[-237.352,-1.159],[-237.28,-1.109],[-237.187,-0.925],[-236.848,-0.872],[-236.852,-0.935],[-236.762,-1.024],[-236.69,-1.051],[-236.611,-0.984],[-236.6,-0.894],[-236.564,-0.854],[-236.546,-0.758],[-236.596,-0.643],[-236.762,-0.57],[-236.924,-0.557],[-236.974,-0.599],[-237.176,-0.612],[-237.219,-0.687],[-237.118,-0.695],[-237.071,-0.759],[-237.284,-0.793],[-237.377,-0.751],[-237.514,-0.749],[-237.791,-0.764],[-237.896,-0.926],[-238,-0.921],[-238.072,-0.955],[-238.285,-0.935],[-238.339,-0.888],[-238.339,-0.813],[-238.501,-0.859],[-238.627,-1.021],[-238.803,-1.203],[-238.832,-1.323],[-238.893,-1.406],[-238.969,-1.416],[-239.012,-1.381],[-239.109,-1.396],[-239.195,-1.344],[-239.325,-1.394],[-239.433,-1.202],[-239.419,-1.105],[-239.512,-0.97],[-239.588,-0.905],[-239.674,-0.938],[-239.757,-0.888],[-239.912,-0.658],[-239.977,-0.384],[-240.005,-0.209],[-239.973,-0.062],[-239.915,0.006],[-239.897,0.117],[-239.843,0.229],[-239.728,0.379],[-239.624,0.478],[-239.498,0.529],[-239.321,0.531],[-239.203,0.487],[-239.109,0.423],[-239.012,0.446],[-238.882,0.411],[-238.85,0.45],[-238.713,0.483],[-238.681,0.465],[-238.493,0.487],[-238.465,0.539],[-238.267,0.5],[-238.198,0.426],[-238.015,0.448],[-237.961,0.482],[-237.835,0.47],[-237.676,0.497],[-237.435,0.497],[-237.392,0.48],[-237.169,0.492],[-237.021,0.483],[-236.927,0.516],[-236.765,0.328],[-236.611,0.298],[-236.431,0.303],[-236.366,0.266],[-236.276,0.31],[-235.93,0.352],[-235.678,0.399],[-235.559,0.456],[-235.336,0.806],[-235.171,0.946],[-235.102,0.973],[-234.965,1.176],[-234.904,1.35],[-234.857,1.421],[-234.749,1.485],[-234.832,1.584],[-234.821,1.667],[-234.958,1.681],[-235.027,1.723],[-235.063,1.665],[-235.163,1.59],[-235.163,1.47],[-235.282,1.405],[-235.379,1.417],[-235.451,1.36],[-235.466,1.289],[-235.394,1.215],[-235.628,1.177],[-235.685,1.037],[-235.847,0.946],[-235.991,0.899],[-236.053,0.838],[-236.168,0.833],[-236.308,0.853],[-236.387,0.887],[-236.438,0.867],[-236.618,0.928],[-236.708,0.914],[-236.744,0.961],[-236.823,0.923],[-237.032,0.963],[-237.082,0.86],[-237.151,0.818],[-237.377,0.966],[-237.475,0.98],[-237.557,1.022],[-237.777,1.012],[-237.914,1.061],[-238.029,1.029],[-238.072,1.098],[-238.367,1.063],[-238.472,1.083],[-238.551,1.167],[-238.601,1.262],[-238.735,1.23],[-238.843,1.302],[-239.033,1.346],[-239.08,1.316],[-239.167,1.326],[-239.195,1.068],[-239.278,0.977],[-239.311,0.997],[-239.383,0.899],[-239.386,0.833],[-239.444,0.781],[-239.599,0.821],[-239.66,0.872],[-239.653,0.963],[-239.721,0.993],[-239.753,0.933],[-239.764,0.831],[-239.815,0.784],[-239.955,0.735],[-239.977,0.668],[-239.969,0.516],[-240.088,0.473],[-240.142,0.364],[-240.131,0.288],[-240.207,0.25],[-240.207,0.196],[-240.113,0.071],[-240.142,-0.042],[-240.221,-0.077],[-240.283,0.002],[-240.373,-0.018],[-240.301,-0.114],[-240.193,-0.155],[-240.218,-0.239],[-240.243,-0.471],[-240.207,-0.607],[-240.146,-0.717],[-240.131,-0.788],[-240.153,-0.874]]]}},{"type":"Feature","properties":{},"geometry":{"type":"Polygon","coordinates":[[[-259.053,1.826],[-259.078,1.834],[-259.143,2],[-259.334,2.135],[-259.381,2.13],[-259.492,2.199],[-259.618,2.354],[-259.69,2.569],[-259.726,2.591],[-259.788,2.706],[-259.87,2.682],[-259.946,2.728],[-260,2.724],[-260,-0.457],[-259.91,-0.557],[-259.842,-0.668],[-259.698,-0.817],[-259.618,-1.031],[-259.633,-1.134],[-259.536,-1.268],[-259.431,-1.33],[-259.431,-1.443],[-259.366,-1.507],[-259.356,-1.593],[-259.215,-1.816],[-259.158,-1.87],[-259.118,-1.995],[-259.122,-2.08],[-259.168,-2.141],[-259.078,-2.333],[-258.895,-2.586],[-258.736,-2.683],[-258.672,-2.74],[-258.582,-2.927],[-258.434,-3.162],[-258.362,-3.25],[-257.934,-3.551],[-257.779,-3.643],[-257.696,-3.844],[-257.718,-3.93],[-257.689,-3.991],[-257.3,-4.27],[-257.124,-4.42],[-257.08,-4.493],[-256.951,-4.543],[-256.828,-4.618],[-256.695,-4.734],[-256.684,-4.776],[-256.447,-4.908],[-256.382,-4.92],[-256.346,-4.979],[-256.191,-5.042],[-256.087,-5.131],[-256.098,-5.219],[-255.997,-5.263],[-256.008,-5.313],[-255.889,-5.447],[-255.741,-5.54],[-255.702,-5.643],[-255.615,-5.692],[-255.536,-5.783],[-255.457,-5.842],[-255.439,-5.928],[-255.302,-5.93],[-255.313,-5.808],[-255.468,-5.56],[-255.378,-5.491],[-255.291,-5.526],[-255.208,-5.609],[-255.1,-5.671],[-254.928,-5.746],[-254.87,-5.788],[-254.802,-5.678],[-254.82,-5.58],[-254.769,-5.577],[-254.69,-5.465],[-254.625,-5.558],[-254.485,-5.678],[-254.42,-5.714],[-254.398,-5.81],[-254.218,-5.828],[-254.172,-5.654],[-254.168,-5.383],[-254.136,-5.256],[-254.132,-5.042],[-254.089,-4.944],[-254.132,-4.781],[-254.092,-4.547],[-254.092,-4.469],[-254.146,-4.403],[-254.182,-4.3],[-254.168,-4.14],[-254.128,-4.005],[-254.046,-3.87],[-254.067,-3.802],[-254.15,-3.743],[-254.179,-3.672],[-254.118,-3.451],[-254.071,-3.365],[-253.938,-3.267],[-253.945,-3.047],[-254.024,-2.953],[-254.121,-2.951],[-254.208,-2.862],[-254.222,-2.689],[-254.326,-2.662],[-254.373,-2.615],[-254.388,-2.505],[-254.366,-2.416],[-254.694,-2.369],[-254.776,-2.343],[-254.863,-2.377],[-254.956,-2.367],[-255.118,-2.284],[-255.234,-2.429],[-255.23,-2.495],[-255.302,-2.583],[-255.255,-2.341],[-255.14,-2.2],[-255.118,-2.125],[-255.151,-2.038],[-255.226,-1.997],[-255.338,-2.031],[-255.363,-1.921],[-255.435,-1.857],[-255.482,-1.688],[-255.547,-1.531],[-255.543,-1.379],[-255.586,-1.273],[-255.59,-1.129],[-255.622,-1.031],[-255.788,-1.073],[-255.874,-1.031],[-255.943,-1.028],[-256.044,-0.977],[-256.206,-1.009],[-256.35,-0.943],[-256.533,-0.768],[-256.645,-0.712],[-256.584,-0.575],[-256.584,-0.518],[-256.425,-0.476],[-256.4,-0.437],[-256.497,-0.378],[-256.598,-0.384],[-256.504,-0.254],[-256.533,-0.183],[-256.512,-0.131],[-256.414,-0.096],[-256.328,-0.018],[-256.209,-0.013],[-256.198,0.034],[-256.256,0.277],[-256.411,0.377],[-256.458,0.435],[-256.609,0.531],[-256.663,0.532],[-256.778,0.489],[-256.832,0.408],[-256.944,0.374],[-256.994,0.325],[-257.113,0.261],[-257.235,0.229],[-257.286,0.257],[-256.926,0.443],[-256.915,0.516],[-257.08,0.708],[-257.124,0.727],[-257.332,0.75],[-257.448,0.738],[-257.538,0.774],[-257.678,0.917],[-257.761,0.982],[-257.808,1.066],[-257.8,1.181],[-257.854,1.248],[-257.847,1.311],[-257.883,1.387],[-257.977,1.438],[-258.222,1.644],[-258.29,1.671],[-258.434,1.655],[-258.574,1.709],[-258.621,1.774],[-258.7,2.047],[-258.934,2.219],[-258.949,2.292],[-259.114,2.299],[-259.201,2.209],[-259.176,2.116],[-259.114,2.037],[-259.053,1.883],[-259.053,1.826]]]}},{"type":"Feature","properties":{},"geometry":{"type":"Polygon","coordinates":[[[-240.722,5.345],[-240.794,5.443],[-240.913,5.409],[-241.064,5.434],[-241.283,5.566],[-241.406,5.683],[-241.589,5.796],[-241.737,5.828],[-241.823,5.806],[-241.874,5.693],[-241.946,5.718],[-242.036,5.686],[-242.079,5.772],[-242.061,5.814],[-241.942,5.809],[-241.874,5.863],[-241.928,5.987],[-241.982,6.061],[-242.025,6.047],[-242.115,5.954],[-242.219,5.951],[-242.291,5.912],[-242.345,5.958],[-242.335,6.079],[-242.396,6.182],[-242.345,6.253],[-242.277,6.255],[-242.255,6.39],[-242.288,6.464],[-242.36,6.522],[-242.443,6.54],[-242.468,6.621],[-242.54,6.547],[-242.637,6.625],[-242.691,6.628],[-242.727,6.753],[-242.77,6.817],[-242.752,6.951],[-242.857,7.003],[-242.972,6.91],[-242.947,6.831],[-243.026,6.708],[-243.177,6.581],[-243.206,6.67],[-243.141,6.817],[-243.166,6.973],[-243.235,7.025],[-243.332,6.876],[-243.353,6.718],[-243.497,6.495],[-243.652,6.38],[-243.677,6.318],[-243.8,6.218],[-243.847,6.147],[-243.857,6.073],[-243.933,5.931],[-243.947,5.843],[-244.081,5.747],[-244.124,5.6],[-244.181,5.534],[-244.325,5.529],[-244.415,5.617],[-244.451,5.541],[-244.595,5.424],[-244.639,5.333],[-244.43,5.161],[-244.451,5.056],[-244.52,5.026],[-244.631,4.911],[-244.801,4.951],[-244.869,4.852],[-244.952,4.801],[-244.984,4.916],[-244.941,5.054],[-245.071,5],[-245.276,4.875],[-245.398,4.779],[-245.47,4.693],[-245.672,4.607],[-245.747,4.593],[-245.999,4.602],[-246.032,4.578],[-246.007,4.484],[-246.053,4.274],[-246.262,4.001],[-246.547,3.769],[-246.608,3.648],[-246.698,3.55],[-246.723,3.484],[-246.835,3.363],[-246.993,3.162],[-247.274,3.065],[-247.425,3.033],[-247.987,2.886],[-248.138,2.881],[-248.329,2.842],[-248.469,2.761],[-248.559,2.68],[-248.595,2.484],[-248.552,2.373],[-248.635,2.341],[-248.699,2.4],[-248.779,2.417],[-248.822,2.179],[-248.793,2.069],[-248.825,1.953],[-248.905,1.775],[-248.872,1.706],[-248.962,1.677],[-248.995,1.556],[-248.951,1.476],[-249.16,1.566],[-249.232,1.552],[-249.398,1.601],[-249.452,1.593],[-249.509,1.65],[-249.509,1.74],[-249.61,1.699],[-249.787,1.682],[-249.833,1.703],[-250.057,1.689],[-250.129,1.774],[-250.269,1.839],[-250.338,1.915],[-250.366,2.074],[-250.438,1.99],[-250.658,1.936],[-250.651,1.809],[-250.748,1.669],[-250.903,1.561],[-250.939,1.498],[-250.939,1.384],[-251.011,1.247],[-250.935,1.23],[-251.072,1.14],[-251.018,0.995],[-251.058,0.884],[-251.144,0.833],[-251.122,0.715],[-251.072,0.641],[-251.09,0.531],[-251.054,0.423],[-251.079,0.34],[-251.047,0.301],[-250.953,0.288],[-250.899,0.244],[-250.834,0.112],[-250.701,0.011],[-250.845,0.021],[-250.813,-0.082],[-250.813,-0.177],[-250.914,-0.207],[-250.87,-0.516],[-250.766,-0.577],[-250.654,-0.584],[-250.618,-0.695],[-250.755,-0.695],[-250.726,-0.854],[-250.593,-0.911],[-250.561,-0.845],[-250.417,-0.894],[-250.402,-0.948],[-250.323,-0.984],[-250.266,-0.953],[-250.165,-1.087],[-250.064,-1.112],[-250.078,-1.202],[-250.035,-1.266],[-249.97,-1.286],[-249.931,-1.433],[-249.967,-1.646],[-250.006,-1.73],[-250.078,-1.769],[-250.096,-1.826],[-250.046,-1.874],[-249.923,-1.923],[-249.869,-2.07],[-249.905,-2.198],[-249.859,-2.289],[-249.841,-2.436],[-249.779,-2.532],[-249.841,-2.612],[-249.797,-2.64],[-249.754,-2.786],[-249.794,-2.895],[-249.736,-3.003],[-249.491,-2.875],[-249.383,-2.911],[-249.337,-3.081],[-249.247,-3.025],[-249.092,-3.083],[-248.941,-3.061],[-248.703,-2.936],[-248.552,-2.929],[-248.415,-3.008],[-248.296,-2.944],[-248.329,-2.895],[-248.246,-2.824],[-248.239,-2.907],[-248.167,-3.061],[-248.185,-3.191],[-248.156,-3.361],[-248.177,-3.545],[-248.095,-3.572],[-248.026,-3.525],[-247.882,-3.382],[-247.796,-3.329],[-247.699,-3.314],[-247.609,-3.339],[-247.475,-3.437],[-247.36,-3.417],[-247.331,-3.388],[-246.979,-3.162],[-247.058,-3.106],[-246.964,-2.993],[-246.817,-3.078],[-246.759,-3.177],[-246.655,-3.247],[-246.561,-3.238],[-246.514,-3.174],[-246.381,-3.186],[-246.356,-3.299],[-246.367,-3.456],[-246.287,-3.473],[-246.187,-3.456],[-245.956,-3.356],[-245.729,-3.414],[-245.549,-3.498],[-245.513,-3.488],[-245.402,-3.638],[-245.387,-3.684],[-245.395,-3.854],[-245.369,-4.013],[-245.395,-4.133],[-245.337,-4.184],[-245.287,-4.17],[-245.125,-4.071],[-244.941,-3.986],[-244.415,-3.78],[-244.243,-3.697],[-244.163,-3.633],[-244.034,-3.61],[-243.991,-3.451],[-243.915,-3.307],[-243.818,-3.257],[-243.836,-3.172],[-243.735,-3.137],[-243.807,-3.064],[-243.89,-2.931],[-243.836,-2.889],[-243.757,-3.008],[-243.713,-2.987],[-243.634,-2.862],[-243.634,-2.652],[-243.605,-2.575],[-243.677,-2.568],[-243.677,-2.512],[-243.461,-2.512],[-243.393,-2.193],[-243.469,-2.169],[-243.562,-2.198],[-243.641,-2.093],[-243.541,-2.043],[-243.533,-1.908],[-243.587,-1.847],[-243.577,-1.766],[-243.692,-1.801],[-243.778,-1.789],[-243.674,-1.703],[-243.443,-1.607],[-243.461,-1.482],[-243.389,-1.421],[-243.238,-1.366],[-243.213,-1.239],[-243.17,-1.266],[-243.044,-1.241],[-242.975,-1.203],[-242.936,-1.122],[-242.806,-0.948],[-242.749,-0.91],[-242.734,-0.829],[-242.619,-0.839],[-242.385,-0.786],[-242.385,-0.734],[-242.461,-0.695],[-242.407,-0.575],[-242.403,-0.423],[-242.525,-0.509],[-242.543,-0.427],[-242.511,-0.388],[-242.565,-0.265],[-242.536,-0.145],[-242.471,-0.038],[-242.525,0.058],[-242.515,0.18],[-242.432,0.389],[-242.381,0.424],[-242.381,0.502],[-242.273,0.652],[-242.27,0.715],[-242.212,0.792],[-242.061,0.836],[-242.018,0.791],[-241.964,0.821],[-242.025,0.983],[-242.108,1.095],[-242.011,1.078],[-241.957,0.955],[-241.813,0.875],[-241.683,0.858],[-241.615,0.804],[-241.571,0.84],[-241.435,0.804],[-241.312,0.847],[-241.201,0.804],[-241.136,0.868],[-241.042,0.912],[-240.995,0.963],[-240.999,1.047],[-241.067,1.076],[-241.143,1.058],[-241.222,1.201],[-241.327,1.28],[-241.388,1.351],[-241.546,1.404],[-241.647,1.534],[-241.73,1.562],[-241.874,1.655],[-241.989,1.784],[-242.075,1.819],[-242.144,1.983],[-242.057,2.164],[-241.957,2.209],[-241.899,2.278],[-241.935,2.366],[-242.011,2.456],[-242.194,2.638],[-242.216,2.758],[-242.374,2.837],[-242.263,2.902],[-242.331,2.959],[-242.381,3.086],[-242.518,3.101],[-242.547,3.172],[-242.63,3.177],[-242.633,3.295],[-242.558,3.373],[-242.554,3.435],[-242.655,3.447],[-242.774,3.504],[-242.799,3.555],[-242.781,3.648],[-242.569,3.634],[-242.504,3.609],[-242.453,3.665],[-242.349,3.628],[-242.252,3.638],[-242.173,3.704],[-242.266,3.753],[-242.223,3.8],[-242.479,4.05],[-242.605,4.099],[-242.626,4.17],[-242.493,4.124],[-242.392,4.176],[-242.345,4.273],[-242.371,4.362],[-242.291,4.371],[-242.187,4.33],[-242.108,4.257],[-241.996,4.232],[-241.863,4.298],[-241.633,4.35],[-241.456,4.36],[-241.355,4.443],[-241.399,4.519],[-241.532,4.538],[-241.525,4.602],[-241.604,4.612],[-241.755,4.724],[-241.827,4.837],[-241.867,4.86],[-241.784,4.965],[-241.708,4.978],[-241.625,5.041],[-241.571,5.019],[-241.492,4.931],[-241.417,4.972],[-241.319,4.945],[-240.844,5.107],[-240.733,5.201],[-240.722,5.345]]]}},{"type":"Feature","properties":{},"geometry":{"type":"Polygon","coordinates":[[[-233.432,7.3],[-233.392,7.466],[-233.428,7.604],[-233.417,7.719],[-233.489,7.733],[-233.608,7.858],[-233.605,7.933],[-233.565,8.006],[-233.536,8.231],[-233.637,8.187],[-233.612,8.293],[-233.655,8.339],[-233.619,8.396],[-233.644,8.535],[-233.781,8.555],[-233.842,8.528],[-233.889,8.607],[-233.684,8.788],[-233.666,8.884],[-233.687,8.957],[-233.821,9.094],[-233.799,9.24],[-233.925,9.239],[-233.99,9.294],[-234.008,9.397],[-234.152,9.538],[-234.22,9.548],[-234.357,9.612],[-234.433,9.757],[-234.544,9.813],[-234.602,9.681],[-234.533,9.404],[-234.458,9.19],[-234.472,9.026],[-234.559,8.98],[-234.688,8.994],[-234.782,9.088],[-234.821,8.997],[-234.814,8.876],[-234.883,8.83],[-234.973,8.918],[-235.084,8.994],[-235.21,8.991],[-235.214,8.734],[-235.25,8.693],[-235.228,8.597],[-235.289,8.472],[-235.343,8.514],[-235.43,8.528],[-235.531,8.624],[-235.595,8.607],[-235.678,8.514],[-235.768,8.212],[-235.844,8.19],[-235.963,8.19],[-236.128,8.153],[-236.143,8.41],[-236.24,8.607],[-236.369,8.651],[-236.409,8.592],[-236.477,8.622],[-236.488,8.698],[-236.564,8.722],[-236.564,8.649],[-236.636,8.624],[-236.668,8.546],[-236.917,8.519],[-236.96,8.491],[-237.043,8.308],[-236.996,8.209],[-237.075,8.15],[-237.241,8.116],[-237.309,8.131],[-237.399,8.092],[-237.561,8.067],[-237.709,8.009],[-237.871,7.815],[-237.885,7.603],[-237.953,7.452],[-237.953,7.3],[-238.065,7.218],[-238.101,7.14],[-238.101,7.057],[-238.04,6.957],[-237.881,6.897],[-237.831,6.952],[-237.755,7.099],[-237.734,7.25],[-237.701,7.321],[-237.622,7.391],[-237.64,7.473],[-237.514,7.579],[-237.557,7.609],[-237.489,7.695],[-237.403,7.761],[-237.295,7.788],[-237.197,7.758],[-237.205,7.535],[-237.179,7.459],[-237.107,7.532],[-237.003,7.467],[-236.949,7.655],[-236.881,7.741],[-236.823,7.589],[-236.873,7.532],[-236.83,7.486],[-236.737,7.527],[-236.657,7.42],[-236.582,7.373],[-236.542,7.408],[-236.647,7.572],[-236.513,7.663],[-236.503,7.709],[-236.557,7.802],[-236.413,7.839],[-236.297,7.81],[-236.207,7.711],[-236.089,7.699],[-235.934,7.603],[-235.858,7.461],[-235.775,7.366],[-235.779,7.28],[-235.869,7.177],[-235.97,7.115],[-236.024,6.966],[-236.031,6.812],[-235.963,6.8],[-235.945,6.437],[-235.901,6.365],[-235.754,6.186],[-235.577,6.11],[-235.293,5.946],[-235.232,5.938],[-235.063,5.863],[-234.929,5.862],[-234.843,6.108],[-234.76,6.095],[-234.721,6.019],[-234.735,5.949],[-234.793,5.877],[-234.818,5.799],[-234.699,5.671],[-234.692,5.58],[-234.598,5.581],[-234.501,5.727],[-234.332,5.949],[-234.299,6.041],[-234.292,6.15],[-234.4,6.427],[-234.533,6.594],[-234.602,6.598],[-234.623,6.674],[-234.613,6.768],[-234.519,6.914],[-234.49,7.015],[-234.361,7.089],[-234.343,7.238],[-234.191,7.351],[-234.148,7.336],[-234.148,7.255],[-234.098,7.101],[-234.015,7.006],[-234.022,6.939],[-233.979,6.866],[-233.921,6.843],[-233.903,6.724],[-233.918,6.64],[-233.9,6.493],[-233.824,6.363],[-233.788,6.39],[-233.77,6.616],[-233.745,6.767],[-233.831,6.883],[-233.756,6.919],[-233.691,6.799],[-233.655,6.849],[-233.698,6.919],[-233.651,7],[-233.533,7.003],[-233.525,7.066],[-233.421,7.201],[-233.389,7.277],[-233.432,7.3]]]}},{"type":"Feature","properties":{},"geometry":{"type":"Polygon","coordinates":[[[-237.701,18.404],[-237.781,18.523],[-237.845,18.519],[-237.889,18.393],[-238.025,18.286],[-238.148,18.288],[-238.454,18.399],[-238.576,18.477],[-238.735,18.555],[-238.828,18.626],[-238.893,18.642],[-239.091,18.566],[-239.149,18.639],[-239.221,18.622],[-239.228,18.561],[-239.39,18.538],[-239.44,18.487],[-239.415,18.406],[-239.433,18.293],[-239.53,18.09],[-239.523,18.004],[-239.573,17.916],[-239.577,17.823],[-239.609,17.781],[-239.599,17.697],[-239.645,17.678],[-239.667,17.557],[-239.599,17.52],[-239.555,17.378],[-239.591,17.322],[-239.563,17.008],[-239.573,16.962],[-239.689,16.778],[-239.674,16.712],[-239.725,16.611],[-239.663,16.292],[-239.602,16.229],[-239.599,16.165],[-239.692,16.045],[-239.815,16.034],[-239.894,16.069],[-239.908,16.153],[-240.099,16.251],[-240.074,16.344],[-240.11,16.388],[-240.211,16.343],[-240.243,16.216],[-240.221,16.138],[-240.243,15.944],[-240.171,15.956],[-240.121,15.915],[-240.106,15.763],[-240.081,15.691],[-240.099,15.61],[-240.041,15.492],[-240.113,15.429],[-239.995,15.269],[-239.948,15.063],[-239.951,14.931],[-239.908,14.794],[-239.811,14.776],[-239.789,14.88],[-239.71,14.814],[-239.757,14.73],[-239.714,14.654],[-239.631,14.62],[-239.624,14.509],[-239.591,14.451],[-239.437,14.441],[-239.401,14.505],[-239.422,14.659],[-239.462,14.703],[-239.455,14.836],[-239.393,14.885],[-239.368,14.796],[-239.17,14.764],[-239.062,14.668],[-239.019,14.558],[-239.03,14.502],[-239.123,14.458],[-239.285,14.298],[-239.372,14.269],[-239.411,14.176],[-239.379,14.104],[-239.397,13.968],[-239.372,13.811],[-239.275,13.935],[-239.123,13.913],[-239.087,13.882],[-239.069,13.784],[-238.961,13.759],[-238.954,13.627],[-238.857,13.641],[-238.72,13.595],[-238.627,13.668],[-238.537,13.695],[-238.565,13.796],[-238.515,13.852],[-238.31,13.926],[-238.274,13.968],[-238.015,13.811],[-237.881,13.752],[-237.806,13.622],[-237.68,13.592],[-237.5,13.367],[-237.496,13.239],[-237.413,13.175],[-237.309,13.229],[-237.345,13.44],[-237.403,13.507],[-237.377,13.553],[-237.503,13.653],[-237.489,13.82],[-237.55,13.906],[-237.464,13.962],[-237.377,13.892],[-237.334,13.82],[-237.262,13.818],[-237.136,13.695],[-237.187,13.654],[-237.028,13.528],[-236.83,13.448],[-236.809,13.359],[-236.701,13.236],[-236.722,13.121],[-236.701,13.019],[-236.56,13.036],[-236.402,12.896],[-236.215,12.864],[-236.135,12.913],[-236.117,12.967],[-235.995,12.962],[-236.013,12.873],[-236.161,12.839],[-236.157,12.716],[-236.121,12.645],[-235.991,12.537],[-235.905,12.557],[-235.912,12.629],[-235.869,12.677],[-235.858,12.797],[-235.883,12.916],[-235.815,13.057],[-235.883,13.075],[-235.93,13.016],[-236.02,13.099],[-236.117,13.146],[-236.211,13.052],[-236.251,13.155],[-236.233,13.224],[-236.175,13.261],[-236.269,13.362],[-236.333,13.486],[-236.395,13.516],[-236.474,13.605],[-236.413,13.729],[-236.204,13.688],[-236.067,13.791],[-236.236,13.864],[-236.557,13.941],[-236.611,14.038],[-236.747,14.068],[-236.783,13.992],[-236.719,13.936],[-236.686,13.815],[-236.733,13.749],[-236.891,13.722],[-236.949,13.776],[-236.917,13.884],[-236.92,13.989],[-236.967,14.023],[-236.956,14.098],[-237.046,14.168],[-237.125,14.266],[-237.266,14.313],[-237.32,14.35],[-237.399,14.325],[-237.529,14.347],[-237.611,14.304],[-237.622,14.229],[-237.68,14.1],[-237.741,14.188],[-237.831,14.139],[-237.709,14.023],[-237.799,13.994],[-237.77,13.906],[-237.914,13.938],[-238.065,13.995],[-238.22,14.126],[-238.267,14.188],[-238.241,14.23],[-238.274,14.347],[-238.331,14.401],[-238.389,14.612],[-238.371,14.703],[-238.274,14.72],[-238.407,14.86],[-238.439,14.99],[-238.493,15.063],[-238.519,15.183],[-238.587,15.232],[-238.619,15.353],[-238.526,15.438],[-238.511,15.52],[-238.45,15.576],[-238.357,15.736],[-238.414,15.765],[-238.447,15.829],[-238.421,15.932],[-238.357,15.969],[-238.249,16.078],[-238.169,16.091],[-237.899,16.208],[-237.795,16.236],[-237.809,16.317],[-237.763,16.505],[-237.655,16.643],[-237.536,16.895],[-237.529,16.989],[-237.471,17.109],[-237.557,17.128],[-237.59,17.175],[-237.565,17.292],[-237.633,17.354],[-237.755,17.374],[-237.838,17.594],[-237.86,17.798],[-237.817,17.984],[-237.827,18.114],[-237.712,18.219],[-237.68,18.293],[-237.701,18.404]]]}},{"type":"Feature","properties":{},"geometry":{"type":"Polygon","coordinates":[[[-228.341,32.477],[-228.291,32.587],[-228.255,32.588],[-228.201,32.681],[-228.003,32.811],[-228.042,32.945],[-228.096,32.984],[-228.071,33.048],[-228.19,33.127],[-228.129,33.2],[-228.179,33.244],[-228.291,33.271],[-228.388,33.254],[-228.489,33.274],[-228.503,33.34],[-228.302,33.406],[-228.262,33.485],[-228.269,33.58],[-228.334,33.667],[-228.5,33.667],[-228.582,33.581],[-228.716,33.583],[-228.935,33.654],[-228.989,33.747],[-229.014,33.848],[-228.986,33.936],[-229.05,33.938],[-229.086,33.892],[-229.173,33.939],[-229.317,33.934],[-229.367,33.882],[-229.436,33.884],[-229.551,33.802],[-229.533,33.743],[-229.612,33.678],[-229.608,33.605],[-229.709,33.575],[-229.839,33.63],[-229.907,33.573],[-229.983,33.446],[-230.131,33.539],[-230.213,33.455],[-230.131,33.397],[-230.192,33.348],[-230.419,33.37],[-230.447,33.225],[-230.253,33.139],[-230.253,33.066],[-230.177,33.043],[-230.12,33.063],[-230.055,33.016],[-230.069,32.93],[-230.116,32.875],[-230.185,32.864],[-230.185,32.972],[-230.278,33.08],[-230.336,33.07],[-230.368,32.978],[-230.303,32.84],[-230.195,32.772],[-230.159,32.639],[-230.105,32.663],[-230.044,32.745],[-229.907,32.794],[-229.821,32.793],[-229.788,32.734],[-229.871,32.641],[-229.817,32.592],[-229.641,32.688],[-229.626,32.793],[-229.659,32.857],[-229.756,32.875],[-229.846,32.842],[-229.886,32.881],[-229.796,32.93],[-229.778,32.975],[-229.868,33.102],[-229.76,33.188],[-229.634,33.141],[-229.583,33.092],[-229.565,32.941],[-229.407,32.816],[-229.385,32.781],[-229.425,32.698],[-229.36,32.648],[-229.428,32.555],[-229.428,32.452],[-229.522,32.349],[-229.569,32.257],[-229.67,32.129],[-229.752,32.134],[-229.821,32.094],[-229.828,32.018],[-229.781,31.93],[-229.828,31.79],[-229.742,31.72],[-229.662,31.607],[-229.706,31.445],[-229.803,31.354],[-229.778,31.246],[-229.547,31.249],[-229.464,31.162],[-229.36,31.187],[-229.338,31.271],[-229.425,31.315],[-229.479,31.432],[-229.472,31.513],[-229.356,31.715],[-229.223,31.71],[-229.202,31.612],[-229.306,31.547],[-229.295,31.459],[-229.252,31.435],[-229.202,31.325],[-229.256,31.121],[-229.335,31.069],[-229.32,31.005],[-229.209,31.077],[-229.076,31.113],[-228.993,31.2],[-228.939,31.226],[-228.896,31.329],[-228.986,31.363],[-228.942,31.44],[-228.849,31.471],[-228.788,31.455],[-228.734,31.381],[-228.64,31.41],[-228.59,31.585],[-228.55,31.651],[-228.525,31.763],[-228.554,31.878],[-228.341,32.477]]]}},{"type":"Feature","properties":{},"geometry":{"type":"MultiPolygon","coordinates":[[[[-226.577,34.446],[-226.53,34.424],[-226.3,34.525],[-226.178,34.463],[-226.062,34.451],[-226.034,34.507],[-225.954,34.564],[-225.821,34.615],[-225.753,34.718],[-225.674,34.704],[-225.544,34.76],[-225.303,34.777],[-225.166,34.721],[-225.04,34.643],[-224.954,34.625],[-224.788,34.655],[-224.658,34.709],[-224.597,34.659],[-224.59,34.54],[-224.68,34.429],[-224.792,34.343],[-224.896,34.318],[-224.939,34.267],[-224.864,34.228],[-224.907,34.068],[-224.846,34.01],[-224.925,33.978],[-224.921,33.906],[-224.828,33.838],[-224.658,33.745],[-224.673,33.671],[-224.554,33.551],[-224.363,33.495],[-224.234,33.482],[-224.115,33.529],[-224.039,33.593],[-223.931,33.846],[-223.895,33.892],[-223.802,33.921],[-223.726,33.971],[-223.701,34.154],[-223.496,34.247],[-223.344,34.285],[-223.172,34.312],[-223.107,34.343],[-223.074,34.424],[-223.186,34.486],[-223.431,34.596],[-223.481,34.681],[-223.467,34.765],[-223.384,34.853],[-223.321,35],[-227.804,35],[-227.938,34.907],[-228.003,34.838],[-228.125,34.76],[-228.143,34.714],[-228.345,34.654],[-228.402,34.66],[-228.478,34.552],[-228.546,34.518],[-228.586,34.424],[-228.762,34.382],[-228.806,34.426],[-228.964,34.41],[-229.025,34.439],[-229.101,34.355],[-229.13,34.279],[-229.076,34.184],[-229.137,34.113],[-229.086,34.054],[-229.068,33.946],[-228.964,34.047],[-228.896,34.03],[-228.813,33.933],[-228.726,33.927],[-228.618,34.034],[-228.564,33.98],[-228.507,34.029],[-228.413,34.027],[-228.258,34.056],[-227.837,33.841],[-227.866,33.938],[-227.787,33.99],[-227.798,34.108],[-227.762,34.142],[-227.776,34.238],[-227.686,34.328],[-227.618,34.366],[-227.502,34.363],[-227.495,34.287],[-227.441,34.218],[-227.344,34.199],[-227.164,34.311],[-226.926,34.318],[-226.876,34.277],[-226.79,34.307],[-226.754,34.427],[-226.66,34.348],[-226.577,34.446]]],[[[-220.021,35],[-220.13,35],[-220.205,34.973],[-220.158,34.9],[-220.072,34.907],[-220.021,35]]],[[[-220.913,35],[-221.226,35],[-221.224,34.905],[-221.253,34.814],[-221.224,34.751],[-221.249,34.682],[-221.166,34.596],[-221.015,34.684],[-220.911,34.843],[-220.86,34.871],[-220.868,34.966],[-220.913,35]]],[[[-221.503,35],[-223.149,35],[-223.172,34.871],[-223.085,34.775],[-223.038,34.858],[-222.981,34.784],[-222.722,34.809],[-222.7,34.728],[-222.833,34.657],[-222.948,34.647],[-222.984,34.579],[-222.858,34.589],[-222.574,34.667],[-222.315,34.67],[-222.207,34.64],[-222.106,34.667],[-221.951,34.655],[-221.811,34.601],[-221.786,34.713],[-221.66,34.826],[-221.634,34.917],[-221.503,35]]]]}},{"type":"Feature","properties":{},"geometry":{"type":"Polygon","coordinates":[[[-212.001,-43.23],[-212.037,-43.011],[-211.99,-42.97],[-211.994,-42.91],[-212.116,-42.829],[-212.112,-42.761],[-212.048,-42.72],[-212.033,-42.548],[-211.994,-42.514],[-211.994,-42.312],[-211.925,-42.197],[-211.918,-42.116],[-211.846,-42.08],[-211.853,-41.999],[-211.756,-41.991],[-211.774,-42.075],[-211.695,-42.185],[-211.734,-42.251],[-211.677,-42.278],[-211.637,-42.111],[-211.702,-42.05],[-211.673,-41.915],[-211.738,-41.8],[-211.695,-41.751],[-211.688,-41.63],[-211.72,-41.537],[-211.72,-41.451],[-211.67,-41.322],[-211.724,-41.216],[-211.724,-41.125],[-211.67,-41.001],[-211.684,-40.961],[-211.792,-40.841],[-211.857,-40.834],[-211.918,-40.768],[-212.03,-40.743],[-212.084,-40.853],[-212.181,-40.893],[-212.332,-40.826],[-212.404,-40.846],[-212.48,-40.953],[-212.555,-41.008],[-212.656,-40.942],[-212.714,-40.941],[-212.829,-41.007],[-212.984,-40.976],[-213.333,-41.088],[-213.437,-41.169],[-213.455,-41.133],[-213.578,-41.167],[-213.786,-41.155],[-213.92,-41.115],[-214.096,-41.039],[-214.19,-41.027],[-214.287,-40.931],[-214.38,-40.922],[-214.722,-40.806],[-214.866,-40.792],[-214.881,-40.821],[-215.014,-40.745],[-215.104,-40.745],[-215.205,-40.716],[-215.277,-40.657],[-215.309,-40.704],[-215.291,-40.811],[-215.396,-40.996],[-215.324,-41.081],[-215.298,-41.243],[-215.234,-41.336],[-215.205,-41.447],[-215.133,-41.545],[-215.075,-41.709],[-215.007,-41.746],[-214.938,-41.849],[-214.845,-41.915],[-214.748,-42.042],[-214.733,-42.123],[-214.654,-42.148],[-214.632,-42.238],[-214.517,-42.341],[-214.445,-42.351],[-214.481,-42.427],[-214.758,-42.265],[-214.798,-42.305],[-214.73,-42.54],[-214.737,-42.595],[-214.647,-42.651],[-214.528,-42.915],[-214.481,-42.962],[-214.416,-42.964],[-214.33,-43.092],[-214.197,-43.208],[-214.157,-43.301],[-213.941,-43.284],[-214.006,-43.345],[-213.97,-43.482],[-213.977,-43.553],[-213.779,-43.485],[-213.722,-43.526],[-213.488,-43.534],[-213.426,-43.479],[-213.401,-43.553],[-213.29,-43.629],[-213.218,-43.609],[-213.146,-43.639],[-213.074,-43.612],[-213.059,-43.443],[-213.002,-43.423],[-212.904,-43.306],[-212.937,-43.254],[-213.034,-43.198],[-213.027,-43.131],[-212.897,-43.239],[-212.793,-43.286],[-212.75,-43.268],[-212.757,-43.144],[-212.667,-43.043],[-212.642,-42.911],[-212.577,-42.926],[-212.49,-43.024],[-212.44,-42.977],[-212.498,-42.854],[-212.415,-42.822],[-212.31,-42.896],[-212.174,-42.894],[-212.123,-43.041],[-212.184,-43.053],[-212.321,-42.987],[-212.354,-43.073],[-212.253,-43.105],[-212.3,-43.163],[-212.206,-43.244],[-212.145,-43.156],[-212.001,-43.23]]]}},{"type":"Feature","properties":{},"geometry":{"type":"Polygon","coordinates":[[[-234.728,10.323],[-234.753,10.399],[-234.803,10.446],[-234.807,10.603],[-234.879,10.703],[-234.973,10.743],[-234.994,10.797],[-234.944,11.01],[-234.973,11.176],[-234.958,11.248],[-235.034,11.294],[-235.016,11.382],[-235.07,11.422],[-235.167,11.424],[-235.257,11.329],[-235.369,11.304],[-235.43,11.346],[-235.455,11.409],[-235.556,11.447],[-235.66,11.55],[-235.689,11.466],[-235.595,11.302],[-235.581,11.128],[-235.613,11.066],[-235.585,11.02],[-235.603,10.934],[-235.473,10.878],[-235.451,10.983],[-235.379,11.002],[-235.307,10.939],[-235.221,10.821],[-235.199,10.725],[-235.261,10.395],[-235.207,10.303],[-235.221,10.152],[-235.117,10.135],[-234.983,10.026],[-234.958,10.049],[-235.001,10.2],[-235.009,10.335],[-234.958,10.365],[-234.911,10.228],[-234.839,10.282],[-234.771,10.254],[-234.728,10.323]]]}},{"type":"Feature","properties":{},"geometry":{"type":"Polygon","coordinates":[[[-234.289,11.149],[-234.292,11.177],[-234.443,11.211],[-234.433,11.268],[-234.361,11.343],[-234.44,11.425],[-234.497,11.539],[-234.533,11.653],[-234.508,11.738],[-234.544,11.785],[-234.555,11.947],[-234.476,12.047],[-234.512,12.17],[-234.501,12.248],[-234.638,12.285],[-234.692,12.342],[-234.652,12.4],[-234.728,12.499],[-234.832,12.579],[-234.901,12.575],[-234.951,12.53],[-235.027,12.577],[-235.131,12.53],[-235.322,12.516],[-235.642,12.545],[-235.725,12.533],[-235.657,12.386],[-235.61,12.222],[-235.505,12.098],[-235.43,12.05],[-235.322,12.03],[-235.264,11.968],[-235.207,11.858],[-235.167,11.846],[-235.073,11.741],[-234.998,11.775],[-235.009,11.611],[-235.109,11.571],[-235.156,11.481],[-234.994,11.425],[-234.998,11.29],[-234.868,11.282],[-234.8,11.228],[-234.753,11.093],[-234.685,11.15],[-234.602,11.105],[-234.465,11.138],[-234.411,11.122],[-234.289,11.149]]]}},{"type":"Feature","properties":{},"geometry":{"type":"Polygon","coordinates":[[[-246.442,22.163],[-246.464,22.161],[-246.453,22.106],[-246.421,22.133],[-246.442,22.163]]]}},{"type":"Feature","properties":{},"geometry":{"type":"Polygon","coordinates":[[[-246.471,22.202],[-246.473,22.199],[-246.475,22.173],[-246.449,22.19],[-246.471,22.202]]]}},{"type":"Feature","properties":{},"geometry":{"type":"Polygon","coordinates":[[[-187.25,-43.279],[-187.189,-43.17],[-187.052,-43.092],[-186.916,-43.067],[-186.847,-43.002],[-186.721,-42.96],[-186.39,-42.444],[-186.293,-42.405],[-186.253,-42.334],[-186.109,-42.241],[-186.044,-42.158],[-185.998,-42.032],[-185.803,-41.876],[-185.713,-41.755],[-185.774,-41.724],[-185.828,-41.579],[-185.951,-41.437],[-185.868,-41.321],[-185.756,-41.322],[-185.846,-41.221],[-185.681,-41.027],[-185.774,-41.066],[-185.8,-40.985],[-185.926,-41.015],[-186.023,-41.147],[-186.073,-41.084],[-186.08,-41.001],[-186.023,-40.941],[-186.145,-40.925],[-186.25,-40.976],[-186.26,-41.049],[-186.354,-41.088],[-186.397,-41.05],[-186.498,-41.142],[-186.599,-41.16],[-186.714,-41.262],[-186.786,-41.302],[-186.898,-41.307],[-186.916,-41.189],[-186.966,-41.159],[-186.97,-41.017],[-186.937,-40.892],[-187.009,-40.78],[-187.132,-40.848],[-187.229,-40.792],[-187.279,-40.736],[-187.308,-40.649],[-187.268,-40.53],[-187.358,-40.51],[-187.376,-40.574],[-187.459,-40.627],[-187.492,-40.589],[-187.636,-40.716],[-187.776,-40.78],[-187.895,-40.887],[-187.88,-41.096],[-187.895,-41.14],[-187.873,-41.292],[-187.913,-41.309],[-187.931,-41.413],[-188.006,-41.451],[-188.143,-41.665],[-188.359,-41.758],[-188.518,-41.758],[-188.51,-41.831],[-188.572,-41.984],[-188.636,-42.064],[-188.669,-42.148],[-188.694,-42.295],[-188.766,-42.396],[-188.773,-42.45],[-188.878,-42.592],[-188.996,-42.705],[-189.058,-42.734],[-189.14,-42.844],[-189.299,-42.955],[-189.486,-43.006],[-189.637,-43.104],[-189.76,-43.237],[-189.821,-43.225],[-189.896,-43.257],[-189.968,-43.345],[-190.102,-43.394],[-190.267,-43.566],[-190.354,-43.607],[-190.419,-43.604],[-190.807,-43.759],[-191.142,-43.973],[-191.254,-44.011],[-191.355,-43.965],[-191.527,-44.026],[-191.589,-44.027],[-191.661,-44.119],[-191.83,-44.238],[-191.88,-44.321],[-191.967,-44.353],[-192.165,-44.505],[-192.147,-44.588],[-192.247,-44.603],[-192.327,-44.662],[-192.399,-44.683],[-192.553,-44.836],[-192.69,-44.875],[-192.798,-44.949],[-192.859,-45.044],[-192.996,-45.15],[-192.989,-45.206],[-192.921,-45.306],[-192.982,-45.341],[-193.119,-45.28],[-193.194,-45.346],[-193.299,-45.542],[-193.23,-45.611],[-193.201,-45.724],[-193.108,-45.706],[-193.111,-45.777],[-193.511,-45.807],[-193.533,-45.841],[-193.525,-45.996],[-193.371,-45.966],[-193.385,-46.087],[-193.248,-46.066],[-193.295,-46.19],[-193.237,-46.219],[-192.913,-46.238],[-192.827,-46.273],[-192.593,-46.251],[-192.539,-46.148],[-192.424,-46.157],[-192.301,-46.189],[-192.211,-46.293],[-192.258,-46.322],[-192.15,-46.396],[-192.053,-46.369],[-191.941,-46.383],[-191.927,-46.349],[-191.783,-46.354],[-191.679,-46.481],[-191.668,-46.53],[-191.409,-46.614],[-191.157,-46.56],[-191.124,-46.645],[-190.966,-46.682],[-190.901,-46.66],[-190.732,-46.655],[-190.689,-46.626],[-190.527,-46.63],[-190.433,-46.565],[-190.365,-46.579],[-190.152,-46.467],[-190.102,-46.344],[-189.961,-46.277],[-189.904,-46.224],[-189.781,-46.174],[-189.742,-46.064],[-189.666,-45.981],[-189.508,-45.924],[-189.299,-45.908],[-189.212,-45.863],[-189.234,-45.794],[-189.306,-45.733],[-189.302,-45.679],[-189.198,-45.529],[-189.133,-45.481],[-189.094,-45.404],[-189.122,-45.356],[-189.018,-45.155],[-188.91,-45.074],[-188.806,-44.926],[-188.784,-44.742],[-188.806,-44.566],[-188.723,-44.439],[-188.719,-44.372],[-188.654,-44.279],[-188.582,-44.26],[-188.449,-44.168],[-188.194,-44.061],[-188.132,-44.058],[-187.938,-43.956],[-187.61,-43.852],[-187.6,-43.749],[-187.502,-43.722],[-187.384,-43.788],[-187.283,-43.803],[-187.182,-43.882],[-187.031,-43.902],[-186.894,-43.83],[-186.894,-43.696],[-186.948,-43.653],[-187.034,-43.653],[-187.106,-43.614],[-187.196,-43.61],[-187.25,-43.499],[-187.25,-43.279]]]}},{"type":"Feature","properties":{},"geometry":{"type":"Polygon","coordinates":[[[-183.046,-39.607],[-183.056,-39.495],[-183.096,-39.413],[-183.064,-39.348],[-182.974,-39.276],[-182.934,-39.2],[-182.614,-39.078],[-182.556,-39.071],[-182.236,-39.082],[-182.182,-39.105],[-182.16,-39.228],[-182.088,-39.255],[-182.048,-39.092],[-182.117,-39.085],[-182.038,-38.761],[-182.002,-38.683],[-181.937,-38.717],[-181.818,-38.639],[-181.699,-38.531],[-181.681,-38.399],[-181.638,-38.317],[-181.681,-38.266],[-181.645,-38.188],[-181.67,-38.146],[-181.62,-38.079],[-181.652,-38.013],[-181.57,-37.874],[-181.433,-37.7],[-181.487,-37.653],[-181.66,-37.618],[-181.721,-37.558],[-181.969,-37.55],[-182.124,-37.648],[-182.261,-37.677],[-182.329,-37.79],[-182.372,-37.808],[-182.412,-37.893],[-182.563,-37.977],[-182.804,-37.996],[-182.869,-38.021],[-183.049,-37.928],[-183.283,-37.878],[-183.481,-37.763],[-183.553,-37.751],[-183.769,-37.667],[-183.87,-37.687],[-183.953,-37.624],[-184.003,-37.631],[-184.046,-37.564],[-184.01,-37.515],[-184.014,-37.43],[-184.057,-37.283],[-184.097,-37.231],[-184.115,-37.136],[-184.079,-37.055],[-184.151,-36.841],[-184.295,-36.844],[-184.19,-36.748],[-184.208,-36.707],[-184.316,-36.741],[-184.367,-36.704],[-184.439,-36.552],[-184.561,-36.474],[-184.637,-36.476],[-184.644,-36.53],[-184.496,-36.653],[-184.518,-36.704],[-184.478,-36.799],[-184.55,-36.875],[-184.471,-36.962],[-184.421,-37.141],[-184.468,-37.2],[-184.55,-37.224],[-184.633,-37.207],[-184.676,-37.152],[-184.673,-37.01],[-184.759,-36.942],[-184.892,-36.974],[-184.921,-36.885],[-185.036,-36.907],[-185.101,-36.863],[-185.35,-36.826],[-185.296,-36.758],[-185.256,-36.817],[-185.18,-36.824],[-185.278,-36.594],[-185.256,-36.501],[-185.285,-36.412],[-185.195,-36.334],[-185.177,-36.277],[-185.242,-36.245],[-185.375,-36.108],[-185.368,-36.056],[-185.504,-35.988],[-185.497,-35.829],[-185.422,-35.85],[-185.414,-35.762],[-185.447,-35.696],[-185.429,-35.595],[-185.53,-35.517],[-185.544,-35.433],[-185.612,-35.419],[-185.652,-35.351],[-185.663,-35.265],[-185.749,-35.274],[-185.803,-35.341],[-185.908,-35.274],[-185.944,-35.152],[-186.044,-35.059],[-186.138,-34.999],[-186.235,-35.022],[-186.268,-34.973],[-186.426,-34.928],[-186.451,-34.988],[-186.523,-34.99],[-186.642,-34.869],[-186.631,-34.967],[-186.674,-35.015],[-186.736,-35.002],[-186.703,-34.909],[-186.836,-34.845],[-186.926,-34.7],[-186.948,-34.602],[-187.092,-34.541],[-187.009,-34.472],[-186.988,-34.421],[-187.099,-34.413],[-187.175,-34.446],[-187.258,-34.431],[-187.326,-34.48],[-187.2,-34.551],[-186.844,-34.945],[-186.797,-35.058],[-186.854,-35.193],[-186.901,-35.22],[-186.79,-35.314],[-186.631,-35.517],[-186.556,-35.373],[-186.376,-35.323],[-186.455,-35.446],[-186.53,-35.424],[-186.592,-35.571],[-186.142,-36.066],[-185.976,-36.268],[-185.918,-36.4],[-185.796,-36.348],[-185.958,-36.165],[-185.857,-36.172],[-185.749,-36.268],[-185.699,-36.219],[-185.616,-36.224],[-185.623,-36.327],[-185.566,-36.358],[-185.53,-36.584],[-185.548,-36.647],[-185.627,-36.631],[-185.656,-36.54],[-185.756,-36.439],[-185.803,-36.466],[-185.782,-36.545],[-185.645,-36.685],[-185.591,-36.761],[-185.512,-37.015],[-185.479,-37.04],[-185.299,-36.937],[-185.216,-36.986],[-185.119,-37.076],[-185.213,-37.109],[-185.296,-37.177],[-185.357,-37.057],[-185.436,-37.091],[-185.31,-37.329],[-185.27,-37.363],[-185.27,-37.457],[-185.213,-37.569],[-185.148,-37.764],[-185.209,-37.873],[-185.216,-37.967],[-185.148,-37.949],[-185.112,-37.986],[-185.116,-38.063],[-185.076,-38.119],[-185.296,-38.119],[-185.278,-38.193],[-185.299,-38.327],[-185.35,-38.425],[-185.36,-38.636],[-185.422,-38.84],[-185.54,-38.938],[-185.634,-38.975],[-185.789,-38.973],[-186.044,-39.098],[-186.149,-39.134],[-186.221,-39.208],[-186.242,-39.301],[-186.217,-39.394],[-186.149,-39.463],[-186.012,-39.543],[-185.785,-39.578],[-185.681,-39.613],[-185.584,-39.718],[-185.458,-39.814],[-185.263,-39.86],[-185.159,-39.862],[-185.033,-39.916],[-184.828,-40.108],[-184.766,-40.336],[-184.813,-40.569],[-184.86,-40.674],[-184.961,-40.826],[-185.022,-40.875],[-185.065,-40.983],[-185.159,-41.044],[-185.324,-41.223],[-185.4,-41.256],[-185.353,-41.321],[-185.26,-41.346],[-185.173,-41.319],[-185.188,-41.229],[-185.098,-41.246],[-185.134,-41.332],[-185.134,-41.42],[-185.062,-41.439],[-184.99,-41.386],[-184.817,-41.419],[-184.82,-41.51],[-184.777,-41.614],[-184.669,-41.609],[-184.55,-41.552],[-184.331,-41.422],[-184.223,-41.371],[-184.032,-41.246],[-183.931,-41.14],[-183.877,-41.012],[-183.78,-40.934],[-183.65,-40.696],[-183.456,-40.486],[-183.388,-40.485],[-183.359,-40.39],[-183.298,-40.291],[-183.164,-40.177],[-182.963,-39.754],[-182.963,-39.664],[-183.046,-39.607]]]}},{"type":"Feature","properties":{},"geometry":{"type":"Polygon","coordinates":[[[-231.841,-15.09],[-231.866,-15.146],[-231.812,-15.19],[-231.812,-15.107],[-231.841,-15.09]]]}},{"type":"Feature","properties":{},"geometry":{"type":"Polygon","coordinates":[[[-231.585,-14.957],[-231.614,-14.891],[-231.653,-14.883],[-231.643,-14.957],[-231.585,-14.957]]]}},{"type":"Feature","properties":{},"geometry":{"type":"Polygon","coordinates":[[[-230.465,-14.798],[-230.498,-14.798],[-230.444,-14.908],[-230.422,-14.861],[-230.465,-14.798]]]}},{"type":"Feature","properties":{},"geometry":{"type":"Polygon","coordinates":[[[-226.592,-11.592],[-226.642,-11.617],[-226.628,-11.666],[-226.592,-11.654],[-226.592,-11.592]]]}},{"type":"Feature","properties":{},"geometry":{"type":"Polygon","coordinates":[[[-246.604,-8.447],[-246.712,-8.432],[-246.709,-8.495],[-246.604,-8.447]]]}},{"type":"Feature","properties":{},"geometry":{"type":"Polygon","coordinates":[[[-231.769,-8.252],[-231.808,-8.201],[-231.902,-8.221],[-231.848,-8.285],[-231.769,-8.252]]]}},{"type":"Feature","properties":{},"geometry":{"type":"Polygon","coordinates":[[[-230.969,-8.208],[-231.11,-8.177],[-231.149,-8.223],[-231.005,-8.262],[-230.969,-8.208]]]}},{"type":"Feature","properties":{},"geometry":{"type":"Polygon","coordinates":[[[-232.258,-8.159],[-232.316,-8.155],[-232.33,-8.241],[-232.233,-8.213],[-232.258,-8.159]]]}},{"type":"Feature","properties":{},"geometry":{"type":"Polygon","coordinates":[[[-232.784,-8.027],[-232.831,-8.024],[-232.849,-8.096],[-232.766,-8.086],[-232.784,-8.027]]]}},{"type":"Feature","properties":{},"geometry":{"type":"Polygon","coordinates":[[[-228.896,-7.628],[-229.018,-7.672],[-228.957,-7.713],[-228.896,-7.628]]]}},{"type":"Feature","properties":{},"geometry":{"type":"Polygon","coordinates":[[[-229.032,-7.534],[-229.14,-7.487],[-229.155,-7.542],[-229.032,-7.534]]]}},{"type":"Feature","properties":{},"geometry":{"type":"Polygon","coordinates":[[[-228.824,-7.404],[-228.971,-7.412],[-228.996,-7.487],[-228.903,-7.482],[-228.824,-7.404]]]}},{"type":"Feature","properties":{},"geometry":{"type":"Polygon","coordinates":[[[-239.041,-7.282],[-239.185,-7.257],[-239.185,-7.303],[-239.041,-7.282]]]}},{"type":"Feature","properties":{},"geometry":{"type":"Polygon","coordinates":[[[-221.246,-6.779],[-221.321,-6.759],[-221.318,-6.848],[-221.253,-6.864],[-221.246,-6.779]]]}},{"type":"Feature","properties":{},"geometry":{"type":"Polygon","coordinates":[[[-228.402,-6.679],[-228.464,-6.739],[-228.435,-6.752],[-228.402,-6.679]]]}},{"type":"Feature","properties":{},"geometry":{"type":"Polygon","coordinates":[[[-225.393,-6.421],[-225.494,-6.321],[-225.562,-6.284],[-225.645,-6.342],[-225.641,-6.379],[-225.537,-6.424],[-225.49,-6.514],[-225.393,-6.421]]]}},{"type":"Feature","properties":{},"geometry":{"type":"Polygon","coordinates":[[[-227.204,-5.609],[-227.243,-5.671],[-227.193,-5.68],[-227.204,-5.609]]]}},{"type":"Feature","properties":{},"geometry":{"type":"Polygon","coordinates":[[[-236.222,-5.514],[-236.265,-5.475],[-236.297,-5.492],[-236.247,-5.535],[-236.222,-5.514]]]}},{"type":"Feature","properties":{},"geometry":{"type":"Polygon","coordinates":[[[-232.766,-3.821],[-232.863,-3.846],[-232.827,-3.91],[-232.744,-3.875],[-232.766,-3.821]]]}},{"type":"Feature","properties":{},"geometry":{"type":"Polygon","coordinates":[[[-227.297,-3.453],[-227.348,-3.405],[-227.322,-3.496],[-227.297,-3.453]]]}},{"type":"Feature","properties":{},"geometry":{"type":"Polygon","coordinates":[[[-232.229,-3.162],[-232.294,-3.157],[-232.319,-3.252],[-232.222,-3.245],[-232.229,-3.162]]]}},{"type":"Feature","properties":{},"geometry":{"type":"Polygon","coordinates":[[[-232.629,-1.367],[-232.694,-1.377],[-232.683,-1.436],[-232.622,-1.406],[-232.629,-1.367]]]}},{"type":"Feature","properties":{},"geometry":{"type":"Polygon","coordinates":[[[-231.808,2.368],[-231.873,2.358],[-231.83,2.297],[-231.808,2.368]]]}},{"type":"Feature","properties":{},"geometry":{"type":"Polygon","coordinates":[[[-239.138,5.575],[-239.181,5.542],[-239.149,5.505],[-239.102,5.499],[-239.109,5.558],[-239.138,5.575]]]}},{"type":"Feature","properties":{},"geometry":{"type":"Polygon","coordinates":[[[-238.097,6.034],[-238.155,6.042],[-238.13,6],[-238.097,6.034]]]}},{"type":"Feature","properties":{},"geometry":{"type":"Polygon","coordinates":[[[-253.79,9.62],[-253.844,9.679],[-253.862,9.654],[-253.79,9.62]]]}},{"type":"Feature","properties":{},"geometry":{"type":"Polygon","coordinates":[[[-253.275,10.269],[-253.311,10.252],[-253.275,10.227],[-253.243,10.257],[-253.275,10.269]]]}},{"type":"Feature","properties":{},"geometry":{"type":"Polygon","coordinates":[[[-235.534,10.713],[-235.592,10.649],[-235.491,10.642],[-235.534,10.713]]]}},{"type":"Feature","properties":{},"geometry":{"type":"Polygon","coordinates":[[[-234.177,10.735],[-234.238,10.742],[-234.267,10.807],[-234.317,10.753],[-234.231,10.701],[-234.177,10.735]]]}},{"type":"Feature","properties":{},"geometry":{"type":"Polygon","coordinates":[[[-248.037,21.658],[-248.163,21.645],[-248.138,21.569],[-248.019,21.613],[-248.037,21.658]]]}},{"type":"Feature","properties":{},"geometry":{"type":"Polygon","coordinates":[[[-246.608,22.028],[-246.655,22.069],[-246.676,22.011],[-246.608,22.028]]]}},{"type":"Feature","properties":{},"geometry":{"type":"Polygon","coordinates":[[[-246.637,22.158],[-246.691,22.148],[-246.737,22.106],[-246.712,22.069],[-246.665,22.101],[-246.637,22.158]]]}},{"type":"Feature","properties":{},"geometry":{"type":"Polygon","coordinates":[[[-242.929,23.473],[-242.997,23.419],[-242.871,23.399],[-242.857,23.45],[-242.929,23.473]]]}},{"type":"Feature","properties":{},"geometry":{"type":"Polygon","coordinates":[[[-240.693,26.037],[-240.743,26.001],[-240.61,25.967],[-240.599,25.996],[-240.693,26.037]]]}},{"type":"Feature","properties":{},"geometry":{"type":"Polygon","coordinates":[[[-237.763,30.314],[-237.788,30.346],[-237.914,30.305],[-237.799,30.241],[-237.763,30.314]]]}},{"type":"Feature","properties":{},"geometry":{"type":"Polygon","coordinates":[[[-237.601,30.456],[-237.727,30.469],[-237.716,30.422],[-237.601,30.456]]]}},{"type":"Feature","properties":{},"geometry":{"type":"Polygon","coordinates":[[[-238.162,31.374],[-238.187,31.32],[-238.148,31.293],[-238.123,31.354],[-238.162,31.374]]]}},{"type":"Feature","properties":{},"geometry":{"type":"Polygon","coordinates":[[[-240.121,32.126],[-240.167,32.252],[-240.207,32.122],[-240.121,32.126]]]}},{"type":"Feature","properties":{},"geometry":{"type":"Polygon","coordinates":[[[-240.275,-8.621],[-240.344,-8.611],[-240.344,-8.767],[-240.275,-8.761],[-240.275,-8.621]]]}},{"type":"Feature","properties":{},"geometry":{"type":"Polygon","coordinates":[[[-250.982,-7.758],[-251.043,-7.72],[-251.18,-7.679],[-251.205,-7.72],[-251,-7.774],[-250.982,-7.758]]]}},{"type":"Feature","properties":{},"geometry":{"type":"Polygon","coordinates":[[[-256.18,0.887],[-256.148,0.835],[-256.09,0.781],[-256.058,0.791],[-256.101,0.853],[-256.18,0.887]]]}},{"type":"Feature","properties":{},"geometry":{"type":"Polygon","coordinates":[[[-256.058,0.997],[-256.155,1.012],[-256.144,0.968],[-256.08,0.934],[-256.058,0.997]]]}},{"type":"Feature","properties":{},"geometry":{"type":"Polygon","coordinates":[[[-241.399,2.245],[-241.377,2.287],[-241.442,2.312],[-241.431,2.255],[-241.399,2.245]]]}},{"type":"Feature","properties":{},"geometry":{"type":"Polygon","coordinates":[[[-250.892,2.532],[-250.978,2.528],[-250.975,2.486],[-250.921,2.496],[-250.892,2.532]]]}},{"type":"Feature","properties":{},"geometry":{"type":"Polygon","coordinates":[[[-242.497,3.334],[-242.551,3.344],[-242.583,3.288],[-242.471,3.292],[-242.497,3.334]]]}},{"type":"Feature","properties":{},"geometry":{"type":"Polygon","coordinates":[[[-253.729,3.361],[-253.768,3.258],[-253.722,3.231],[-253.729,3.361]]]}},{"type":"Feature","properties":{},"geometry":{"type":"Polygon","coordinates":[[[-242.108,3.498],[-242.173,3.589],[-242.216,3.538],[-242.108,3.498]]]}},{"type":"Feature","properties":{},"geometry":{"type":"Polygon","coordinates":[[[-242.482,3.477],[-242.605,3.567],[-242.741,3.592],[-242.777,3.535],[-242.713,3.498],[-242.626,3.498],[-242.504,3.455],[-242.482,3.477]]]}},{"type":"Feature","properties":{},"geometry":{"type":"Polygon","coordinates":[[[-242.155,3.8],[-242.155,3.827],[-242.212,3.867],[-242.216,3.82],[-242.155,3.8]]]}},{"type":"Feature","properties":{},"geometry":{"type":"Polygon","coordinates":[[[-241.273,4.492],[-241.355,4.496],[-241.305,4.452],[-241.273,4.492]]]}},{"type":"Feature","properties":{},"geometry":{"type":"Polygon","coordinates":[[[-241.489,4.649],[-241.525,4.693],[-241.55,4.642],[-241.489,4.649]]]}},{"type":"Feature","properties":{},"geometry":{"type":"Polygon","coordinates":[[[-244.75,5.365],[-244.811,5.345],[-244.84,5.267],[-244.739,5.291],[-244.75,5.365]]]}},{"type":"Feature","properties":{},"geometry":{"type":"Polygon","coordinates":[[[-242.533,6.767],[-242.587,6.635],[-242.533,6.643],[-242.489,6.704],[-242.533,6.767]]]}},{"type":"Feature","properties":{},"geometry":{"type":"Polygon","coordinates":[[[-242.997,7.356],[-243.101,7.287],[-243.019,7.253],[-242.997,7.356]]]}},{"type":"Feature","properties":{},"geometry":{"type":"Polygon","coordinates":[[[-249.383,21.192],[-249.538,21.206],[-249.434,21.113],[-249.383,21.192]]]}},{"type":"Feature","properties":{},"geometry":{"type":"Polygon","coordinates":[[[-233.191,26.352],[-233.248,26.391],[-233.281,26.347],[-233.205,26.305],[-233.191,26.352]]]}},{"type":"Feature","properties":{},"geometry":{"type":"Polygon","coordinates":[[[-231.301,27.455],[-231.38,27.416],[-231.463,27.418],[-231.441,27.35],[-231.387,27.364],[-231.301,27.455]]]}},{"type":"Feature","properties":{},"geometry":{"type":"Polygon","coordinates":[[[-229.968,28.374],[-230.087,28.298],[-230.005,28.291],[-229.968,28.374]]]}},{"type":"Feature","properties":{},"geometry":{"type":"Polygon","coordinates":[[[-238.043,29.12],[-238.072,29.167],[-238.13,29.127],[-238.065,29.063],[-238.043,29.12]]]}},{"type":"Feature","properties":{},"geometry":{"type":"Polygon","coordinates":[[[-238.119,30.076],[-238.173,30.005],[-238.13,29.976],[-238.09,30.045],[-238.119,30.076]]]}},{"type":"Feature","properties":{},"geometry":{"type":"Polygon","coordinates":[[[-229.846,32.203],[-229.871,32.132],[-229.832,32.114],[-229.806,32.176],[-229.846,32.203]]]}},{"type":"Feature","properties":{},"geometry":{"type":"Polygon","coordinates":[[[-220.511,34.061],[-220.464,34.037],[-220.425,34.09],[-220.504,34.093],[-220.511,34.061]]]}},{"type":"Feature","properties":{},"geometry":{"type":"Polygon","coordinates":[[[-227.002,34.208],[-226.944,34.243],[-226.97,34.296],[-227.031,34.253],[-227.002,34.208]]]}},{"type":"Feature","properties":{},"geometry":{"type":"Polygon","coordinates":[[[-232.827,34.483],[-232.831,34.417],[-232.773,34.431],[-232.78,34.486],[-232.827,34.483]]]}},{"type":"Feature","properties":{},"geometry":{"type":"Polygon","coordinates":[[[-181.159,-49.628],[-181.213,-49.618],[-181.282,-49.672],[-181.184,-49.721],[-181.159,-49.628]]]}},{"type":"Feature","properties":{},"geometry":{"type":"Polygon","coordinates":[[[-214.985,-40.669],[-215.054,-40.64],[-215.129,-40.665],[-215.072,-40.723],[-214.985,-40.669]]]}},{"type":"Feature","properties":{},"geometry":{"type":"Polygon","coordinates":[[[-215.1,-40.47],[-215.039,-40.399],[-215.104,-40.38],[-215.1,-40.47]]]}},{"type":"Feature","properties":{},"geometry":{"type":"Polygon","coordinates":[[[-223.827,-35.012],[-223.838,-35.066],[-223.794,-35.071],[-223.827,-35.012]]]}},{"type":"Feature","properties":{},"geometry":{"type":"Polygon","coordinates":[[[-246.943,-25.262],[-246.896,-25.141],[-246.917,-25.137],[-246.943,-25.262]]]}},{"type":"Feature","properties":{},"geometry":{"type":"Polygon","coordinates":[[[-213.138,-19.116],[-213.221,-19.133],[-213.182,-19.175],[-213.138,-19.116]]]}},{"type":"Feature","properties":{},"geometry":{"type":"Polygon","coordinates":[[[-223.33,-15.663],[-223.38,-15.732],[-223.337,-15.779],[-223.287,-15.703],[-223.33,-15.663]]]}},{"type":"Feature","properties":{},"geometry":{"type":"Polygon","coordinates":[[[-223.2,-15.642],[-223.269,-15.649],[-223.247,-15.745],[-223.168,-15.668],[-223.2,-15.642]]]}},{"type":"Feature","properties":{},"geometry":{"type":"Polygon","coordinates":[[[-223.863,-13.435],[-223.845,-13.473],[-223.812,-13.452],[-223.852,-13.39],[-223.863,-13.435]]]}},{"type":"Feature","properties":{},"geometry":{"type":"Polygon","coordinates":[[[-223.708,-11.977],[-223.802,-12],[-223.816,-12.078],[-223.697,-12.014],[-223.708,-11.977]]]}},{"type":"Feature","properties":{},"geometry":{"type":"Polygon","coordinates":[[[-224.043,-11.706],[-223.992,-11.708],[-223.974,-11.64],[-224.05,-11.683],[-224.043,-11.706]]]}},{"type":"Feature","properties":{},"geometry":{"type":"Polygon","coordinates":[[[-227.38,-11.647],[-227.456,-11.632],[-227.441,-11.72],[-227.373,-11.708],[-227.38,-11.647]]]}},{"type":"Feature","properties":{},"geometry":{"type":"Polygon","coordinates":[[[-206.817,-11.277],[-206.755,-11.264],[-206.809,-11.208],[-206.817,-11.277]]]}},{"type":"Feature","properties":{},"geometry":{"type":"Polygon","coordinates":[[[-207.191,-10.632],[-207.313,-10.661],[-207.27,-10.707],[-207.162,-10.692],[-207.191,-10.632]]]}},{"type":"Feature","properties":{},"geometry":{"type":"Polygon","coordinates":[[[-208.926,-10.605],[-209.052,-10.594],[-208.955,-10.67],[-208.926,-10.605]]]}},{"type":"Feature","properties":{},"geometry":{"type":"Polygon","coordinates":[[[-198.022,-9.851],[-198.029,-9.736],[-198.072,-9.721],[-198.061,-9.79],[-198.022,-9.851]]]}},{"type":"Feature","properties":{},"geometry":{"type":"Polygon","coordinates":[[[-202.875,-8.275],[-202.9,-8.204],[-202.972,-8.206],[-202.875,-8.275]]]}},{"type":"Feature","properties":{},"geometry":{"type":"Polygon","coordinates":[[[-202.792,-8.289],[-202.831,-8.167],[-202.878,-8.167],[-202.828,-8.268],[-202.792,-8.289]]]}},{"type":"Feature","properties":{},"geometry":{"type":"Polygon","coordinates":[[[-204.43,-7.323],[-204.491,-7.375],[-204.423,-7.389],[-204.43,-7.323]]]}},{"type":"Feature","properties":{},"geometry":{"type":"Polygon","coordinates":[[[-203.883,-6.918],[-203.937,-6.924],[-203.904,-6.975],[-203.883,-6.918]]]}},{"type":"Feature","properties":{},"geometry":{"type":"Polygon","coordinates":[[[-211.9,-5.376],[-211.925,-5.428],[-211.878,-5.465],[-211.853,-5.42],[-211.9,-5.376]]]}},{"type":"Feature","properties":{},"geometry":{"type":"Polygon","coordinates":[[[-212.393,-5.286],[-212.436,-5.308],[-212.4,-5.362],[-212.354,-5.322],[-212.393,-5.286]]]}},{"type":"Feature","properties":{},"geometry":{"type":"Polygon","coordinates":[[[-210.482,-4.643],[-210.536,-4.67],[-210.521,-4.712],[-210.474,-4.668],[-210.482,-4.643]]]}},{"type":"Feature","properties":{},"geometry":{"type":"Polygon","coordinates":[[[-214.92,-4.047],[-214.978,-4.071],[-214.946,-4.128],[-214.899,-4.116],[-214.92,-4.047]]]}},{"type":"Feature","properties":{},"geometry":{"type":"Polygon","coordinates":[[[-228.554,-4.037],[-228.582,-3.959],[-228.633,-3.968],[-228.6,-4.047],[-228.554,-4.037]]]}},{"type":"Feature","properties":{},"geometry":{"type":"Polygon","coordinates":[[[-236.823,-3.574],[-236.859,-3.539],[-236.938,-3.571],[-236.881,-3.63],[-236.823,-3.574]]]}},{"type":"Feature","properties":{},"geometry":{"type":"Polygon","coordinates":[[[-209.009,-2.958],[-209.117,-2.904],[-209.182,-2.953],[-209.092,-2.971],[-209.009,-2.958]]]}},{"type":"Feature","properties":{},"geometry":{"type":"Polygon","coordinates":[[[-252.901,-2.86],[-252.937,-2.823],[-252.984,-2.88],[-252.915,-2.911],[-252.901,-2.86]]]}},{"type":"Feature","properties":{},"geometry":{"type":"Polygon","coordinates":[[[-225.418,-2.416],[-225.44,-2.352],[-225.476,-2.392],[-225.418,-2.416]]]}},{"type":"Feature","properties":{},"geometry":{"type":"Polygon","coordinates":[[[-225.764,-1.739],[-225.832,-1.83],[-225.807,-1.921],[-225.756,-1.796],[-225.764,-1.739]]]}},{"type":"Feature","properties":{},"geometry":{"type":"Polygon","coordinates":[[[-224.716,-1.477],[-224.892,-1.474],[-224.896,-1.517],[-224.723,-1.523],[-224.716,-1.477]]]}},{"type":"Feature","properties":{},"geometry":{"type":"Polygon","coordinates":[[[-232.309,-1.214],[-232.453,-1.171],[-232.467,-1.237],[-232.355,-1.271],[-232.309,-1.214]]]}},{"type":"Feature","properties":{},"geometry":{"type":"Polygon","coordinates":[[[-230.044,-1.163],[-230.141,-1.143],[-230.127,-1.21],[-230.044,-1.163]]]}},{"type":"Feature","properties":{},"geometry":{"type":"Polygon","coordinates":[[[-237.971,-0.332],[-238.072,-0.312],[-238.126,-0.332],[-238.101,-0.408],[-237.993,-0.411],[-237.971,-0.332]]]}},{"type":"Feature","properties":{},"geometry":{"type":"Polygon","coordinates":[[[-237.629,-0.265],[-237.68,-0.258],[-237.647,-0.322],[-237.629,-0.265]]]}},{"type":"Feature","properties":{},"geometry":{"type":"Polygon","coordinates":[[[-238.425,-0.182],[-238.375,-0.199],[-238.367,-0.124],[-238.432,-0.145],[-238.425,-0.182]]]}},{"type":"Feature","properties":{},"geometry":{"type":"Polygon","coordinates":[[[-255.504,0.071],[-255.576,0.112],[-255.59,0.092],[-255.54,0.048],[-255.504,0.071]]]}},{"type":"Feature","properties":{},"geometry":{"type":"Polygon","coordinates":[[[-232.6,0.379],[-232.658,0.362],[-232.643,0.284],[-232.582,0.313],[-232.6,0.379]]]}},{"type":"Feature","properties":{},"geometry":{"type":"Polygon","coordinates":[[[-255.716,0.708],[-255.727,0.796],[-255.806,0.781],[-255.795,0.727],[-255.716,0.708]]]}},{"type":"Feature","properties":{},"geometry":{"type":"Polygon","coordinates":[[[-234.706,1.552],[-234.749,1.449],[-234.825,1.416],[-234.814,1.39],[-234.731,1.414],[-234.706,1.473],[-234.706,1.552]]]}},{"type":"Feature","properties":{},"geometry":{"type":"Polygon","coordinates":[[[-234.569,2.388],[-234.631,2.348],[-234.577,2.317],[-234.569,2.388]]]}},{"type":"Feature","properties":{},"geometry":{"type":"Polygon","coordinates":[[[-239.411,6.38],[-239.494,6.245],[-239.422,6.252],[-239.411,6.38]]]}},{"type":"Feature","properties":{},"geometry":{"type":"Polygon","coordinates":[[[-241.463,7.006],[-241.474,7.044],[-241.561,7.035],[-241.553,6.983],[-241.463,7.006]]]}},{"type":"Feature","properties":{},"geometry":{"type":"Polygon","coordinates":[[[-237.766,14.798],[-237.802,14.833],[-237.838,14.798],[-237.759,14.742],[-237.766,14.798]]]}},{"type":"Feature","properties":{},"geometry":{"type":"Polygon","coordinates":[[[-238.612,18.902],[-238.702,18.882],[-238.681,18.843],[-238.612,18.902]]]}},{"type":"Feature","properties":{},"geometry":{"type":"Polygon","coordinates":[[[-238.022,19.578],[-238.094,19.531],[-238.022,19.499],[-238.022,19.578]]]}},{"type":"Feature","properties":{},"geometry":{"type":"Polygon","coordinates":[[[-196.319,-19.741],[-196.33,-19.693],[-196.359,-19.724],[-196.33,-19.788],[-196.305,-19.764],[-196.319,-19.741]]]}},{"type":"Feature","properties":{},"geometry":{"type":"Polygon","coordinates":[[[-180.058,-18.557],[-180.169,-18.589],[-180.13,-18.63],[-180.058,-18.557]]]}},{"type":"Feature","properties":{},"geometry":{"type":"Polygon","coordinates":[[[-182.487,-16.787],[-182.419,-16.728],[-182.441,-16.721],[-182.514,-16.787],[-182.487,-16.787]]]}},{"type":"Feature","properties":{},"geometry":{"type":"Polygon","coordinates":[[[-192.841,-15.539],[-192.892,-15.587],[-192.841,-15.609],[-192.791,-15.578],[-192.841,-15.539]]]}},{"type":"Feature","properties":{},"geometry":{"type":"Polygon","coordinates":[[[-193.425,-13.155],[-193.432,-13.089],[-193.464,-13.096],[-193.475,-13.155],[-193.425,-13.155]]]}},{"type":"Feature","properties":{},"geometry":{"type":"Polygon","coordinates":[[[-193.443,-11.284],[-193.475,-11.208],[-193.522,-11.247],[-193.5,-11.304],[-193.443,-11.284]]]}},{"type":"Feature","properties":{},"geometry":{"type":"Polygon","coordinates":[[[-201.514,-7.61],[-201.633,-7.563],[-201.636,-7.637],[-201.514,-7.61]]]}},{"type":"Feature","properties":{},"geometry":{"type":"Polygon","coordinates":[[[-201.636,-7.549],[-201.579,-7.561],[-201.564,-7.527],[-201.64,-7.514],[-201.636,-7.549]]]}},{"type":"Feature","properties":{},"geometry":{"type":"Polygon","coordinates":[[[-202.389,-7.404],[-202.464,-7.395],[-202.482,-7.414],[-202.389,-7.441],[-202.389,-7.404]]]}},{"type":"Feature","properties":{},"geometry":{"type":"Polygon","coordinates":[[[-202.223,-7.407],[-202.277,-7.384],[-202.32,-7.448],[-202.201,-7.473],[-202.223,-7.407]]]}},{"type":"Feature","properties":{},"geometry":{"type":"Polygon","coordinates":[[[-238.22,-7.343],[-238.223,-7.417],[-238.166,-7.389],[-238.22,-7.343]]]}},{"type":"Feature","properties":{},"geometry":{"type":"Polygon","coordinates":[[[-245.405,-7.13],[-245.459,-7.118],[-245.499,-7.159],[-245.38,-7.167],[-245.405,-7.13]]]}},{"type":"Feature","properties":{},"geometry":{"type":"Polygon","coordinates":[[[-236.636,-1.673],[-236.729,-1.769],[-236.697,-1.788],[-236.621,-1.713],[-236.636,-1.673]]]}},{"type":"Feature","properties":{},"geometry":{"type":"Polygon","coordinates":[[[-237.86,-0.384],[-237.867,-0.337],[-237.935,-0.297],[-237.939,-0.354],[-237.86,-0.384]]]}},{"type":"Feature","properties":{},"geometry":{"type":"Polygon","coordinates":[[[-240.517,4.85],[-240.542,4.843],[-240.542,4.718],[-240.502,4.734],[-240.517,4.85]]]}},{"type":"Feature","properties":{},"geometry":{"type":"Polygon","coordinates":[[[-238.904,10.895],[-238.976,10.865],[-238.915,10.823],[-238.904,10.895]]]}},{"type":"Feature","properties":{},"geometry":{"type":"Polygon","coordinates":[[[-239.714,11.93],[-239.797,11.947],[-239.746,11.836],[-239.714,11.93]]]}},{"type":"Feature","properties":{},"geometry":{"type":"Polygon","coordinates":[[[-213.347,-18.746],[-213.419,-18.682],[-213.43,-18.761],[-213.347,-18.746]]]}},{"type":"Feature","properties":{},"geometry":{"type":"Polygon","coordinates":[[[-217.246,-9.369],[-217.386,-9.383],[-217.358,-9.428],[-217.257,-9.42],[-217.246,-9.369]]]}},{"type":"Feature","properties":{},"geometry":{"type":"Polygon","coordinates":[[[-217.793,-9.239],[-217.851,-9.271],[-217.779,-9.292],[-217.793,-9.239]]]}},{"type":"Feature","properties":{},"geometry":{"type":"Polygon","coordinates":[[[-216.324,-8.39],[-216.342,-8.355],[-216.45,-8.336],[-216.375,-8.412],[-216.324,-8.39]]]}},{"type":"Feature","properties":{},"geometry":{"type":"Polygon","coordinates":[[[-216.339,-8.11],[-216.4,-8.111],[-216.368,-8.165],[-216.339,-8.11]]]}},{"type":"Feature","properties":{},"geometry":{"type":"Polygon","coordinates":[[[-216.324,-8.054],[-216.389,-8.02],[-216.418,-8.069],[-216.31,-8.1],[-216.324,-8.054]]]}},{"type":"Feature","properties":{},"geometry":{"type":"Polygon","coordinates":[[[-244.109,-7.107],[-244.135,-7.137],[-244.243,-7.169],[-244.163,-7.198],[-244.106,-7.164],[-244.109,-7.107]]]}},{"type":"Feature","properties":{},"geometry":{"type":"Polygon","coordinates":[[[-208.811,-4.891],[-208.879,-4.915],[-208.847,-4.954],[-208.804,-4.952],[-208.811,-4.891]]]}},{"type":"Feature","properties":{},"geometry":{"type":"Polygon","coordinates":[[[-226.408,-2.461],[-226.494,-2.424],[-226.476,-2.488],[-226.415,-2.512],[-226.408,-2.461]]]}},{"type":"Feature","properties":{},"geometry":{"type":"Polygon","coordinates":[[[-231.632,-0.989],[-231.671,-0.979],[-231.671,-1.021],[-231.628,-1.038],[-231.632,-0.989]]]}},{"type":"Feature","properties":{},"geometry":{"type":"Polygon","coordinates":[[[-230.098,-0.408],[-230.152,-0.432],[-230.149,-0.482],[-230.102,-0.479],[-230.098,-0.408]]]}},{"type":"Feature","properties":{},"geometry":{"type":"Polygon","coordinates":[[[-234.58,5.426],[-234.623,5.431],[-234.638,5.367],[-234.577,5.379],[-234.58,5.426]]]}},{"type":"Feature","properties":{},"geometry":{"type":"Polygon","coordinates":[[[-236.157,9.642],[-236.272,9.587],[-236.197,9.56],[-236.157,9.642]]]}},{"type":"Feature","properties":{},"geometry":{"type":"Polygon","coordinates":[[[-235.851,13.185],[-235.804,13.173],[-235.801,13.214],[-235.862,13.234],[-235.851,13.185]]]}},{"type":"Feature","properties":{},"geometry":{"type":"Polygon","coordinates":[[[-235.912,13.261],[-236.013,13.276],[-236.06,13.244],[-235.959,13.225],[-235.912,13.261]]]}},{"type":"Feature","properties":{},"geometry":{"type":"Polygon","coordinates":[[[-236.11,13.274],[-236.078,13.33],[-236.143,13.354],[-236.157,13.283],[-236.11,13.274]]]}},{"type":"Feature","properties":{},"geometry":{"type":"Polygon","coordinates":[[[-239.995,16.268],[-240.009,16.344],[-240.074,16.295],[-239.995,16.268]]]}},{"type":"Feature","properties":{},"geometry":{"type":"Polygon","coordinates":[[[-238.238,31.374],[-238.274,31.403],[-238.382,31.444],[-238.4,31.428],[-238.281,31.357],[-238.238,31.374]]]}},{"type":"Feature","properties":{},"geometry":{"type":"Polygon","coordinates":[[[-184.831,-36.741],[-184.943,-36.817],[-184.817,-36.826],[-184.831,-36.741]]]}},{"type":"Feature","properties":{},"geometry":{"type":"Polygon","coordinates":[[[-236.855,-8.425],[-236.999,-8.449],[-237.089,-8.515],[-237.046,-8.586],[-236.963,-8.491],[-236.837,-8.474],[-236.855,-8.425]]]}},{"type":"Feature","properties":{},"geometry":{"type":"Polygon","coordinates":[[[-242.335,-8.149],[-242.435,-8.145],[-242.507,-8.176],[-242.515,-8.343],[-242.432,-8.365],[-242.335,-8.149]]]}},{"type":"Feature","properties":{},"geometry":{"type":"Polygon","coordinates":[[[-239.242,-7.076],[-239.321,-7.044],[-239.386,-7.07],[-239.329,-7.151],[-239.228,-7.13],[-239.242,-7.076]]]}},{"type":"Feature","properties":{},"geometry":{"type":"Polygon","coordinates":[[[-234.209,6.947],[-234.217,7.135],[-234.299,7.177],[-234.325,7.071],[-234.281,7.052],[-234.256,6.937],[-234.209,6.947]]]}},{"type":"Feature","properties":{},"geometry":{"type":"Polygon","coordinates":[[[-237.028,7.383],[-237.075,7.43],[-237.133,7.397],[-237.197,7.417],[-237.183,7.295],[-237.028,7.383]]]}},{"type":"Feature","properties":{},"geometry":{"type":"Polygon","coordinates":[[[-234.706,9.97],[-234.782,10.13],[-234.85,10.166],[-234.854,10.071],[-234.706,9.97]]]}},{"type":"Feature","properties":{},"geometry":{"type":"Polygon","coordinates":[[[-235.401,11.564],[-235.444,11.66],[-235.57,11.696],[-235.624,11.647],[-235.588,11.547],[-235.534,11.478],[-235.408,11.481],[-235.401,11.564]]]}},{"type":"Feature","properties":{},"geometry":{"type":"Polygon","coordinates":[[[-235.185,11.631],[-235.214,11.571],[-235.167,11.537],[-235.145,11.604],[-235.185,11.631]]]}},{"type":"Feature","properties":{},"geometry":{"type":"Polygon","coordinates":[[[-247.155,21.775],[-247.223,21.773],[-247.231,21.663],[-247.267,21.63],[-247.234,21.582],[-247.191,21.658],[-247.202,21.706],[-247.155,21.775]]]}},{"type":"Feature","properties":{},"geometry":{"type":"Polygon","coordinates":[[[-238.745,28.141],[-238.771,28.22],[-238.875,28.141],[-238.85,28.041],[-238.767,28.065],[-238.745,28.141]]]}},{"type":"Feature","properties":{},"geometry":{"type":"Polygon","coordinates":[[[-244.451,-8.667],[-244.527,-8.724],[-244.412,-8.807],[-244.376,-8.768],[-244.451,-8.667]]]}},{"type":"Feature","properties":{},"geometry":{"type":"Polygon","coordinates":[[[-240.441,-8.518],[-240.445,-8.485],[-240.574,-8.473],[-240.621,-8.566],[-240.599,-8.675],[-240.553,-8.653],[-240.441,-8.518]]]}},{"type":"Feature","properties":{},"geometry":{"type":"Polygon","coordinates":[[[-236.65,-8.268],[-236.794,-8.233],[-236.873,-8.258],[-236.963,-8.333],[-236.96,-8.41],[-236.837,-8.392],[-236.711,-8.405],[-236.679,-8.385],[-236.65,-8.268]]]}},{"type":"Feature","properties":{},"geometry":{"type":"Polygon","coordinates":[[[-240.913,-8.132],[-240.959,-8.149],[-240.977,-8.235],[-240.898,-8.252],[-240.862,-8.191],[-240.913,-8.132]]]}},{"type":"Feature","properties":{},"geometry":{"type":"Polygon","coordinates":[[[-244.43,-6.904],[-244.538,-6.843],[-244.725,-6.835],[-244.783,-6.904],[-244.714,-7.004],[-244.617,-6.911],[-244.487,-6.939],[-244.43,-6.904]]]}},{"type":"Feature","properties":{},"geometry":{"type":"Polygon","coordinates":[[[-247.299,-5.725],[-247.353,-5.732],[-247.418,-5.795],[-247.396,-5.847],[-247.27,-5.828],[-247.299,-5.725]]]}},{"type":"Feature","properties":{},"geometry":{"type":"Polygon","coordinates":[[[-257.595,-5.405],[-257.725,-5.312],[-257.829,-5.28],[-257.872,-5.349],[-257.703,-5.472],[-257.595,-5.405]]]}},{"type":"Feature","properties":{},"geometry":{"type":"Polygon","coordinates":[[[-243.602,-3.393],[-243.674,-3.547],[-243.613,-3.64],[-243.566,-3.41],[-243.602,-3.393]]]}},{"type":"Feature","properties":{},"geometry":{"type":"Polygon","coordinates":[[[-259.795,-2.693],[-260,-2.489],[-260,-2.765],[-259.95,-2.808],[-259.863,-2.821],[-259.78,-2.74],[-259.795,-2.693]]]}},{"type":"Feature","properties":{},"geometry":{"type":"Polygon","coordinates":[[[-251.036,-1.573],[-251.101,-1.533],[-251.194,-1.565],[-251.169,-1.663],[-251.05,-1.632],[-251.036,-1.573]]]}},{"type":"Feature","properties":{},"geometry":{"type":"Polygon","coordinates":[[[-256.706,0.625],[-256.789,0.708],[-256.843,0.664],[-256.864,0.575],[-256.828,0.514],[-256.72,0.538],[-256.706,0.625]]]}},{"type":"Feature","properties":{},"geometry":{"type":"Polygon","coordinates":[[[-256.512,0.777],[-256.598,0.88],[-256.641,0.872],[-256.656,0.764],[-256.584,0.657],[-256.54,0.657],[-256.49,0.744],[-256.512,0.777]]]}},{"type":"Feature","properties":{},"geometry":{"type":"Polygon","coordinates":[[[-256.558,1.012],[-256.659,1.12],[-256.659,1.019],[-256.558,1.012]]]}},{"type":"Feature","properties":{},"geometry":{"type":"Polygon","coordinates":[[[-255.853,1.161],[-255.914,1.134],[-255.957,1.181],[-256.044,1.093],[-256.051,1.014],[-255.907,0.99],[-255.867,1.049],[-255.853,1.161]]]}},{"type":"Feature","properties":{},"geometry":{"type":"Polygon","coordinates":[[[-248.588,2.392],[-248.609,2.449],[-248.62,2.697],[-248.699,2.702],[-248.681,2.537],[-248.692,2.452],[-248.631,2.359],[-248.588,2.392]]]}},{"type":"Feature","properties":{},"geometry":{"type":"Polygon","coordinates":[[[-255.777,2.785],[-255.874,2.785],[-255.828,2.707],[-255.777,2.785]]]}},{"type":"Feature","properties":{},"geometry":{"type":"Polygon","coordinates":[[[-254.197,2.998],[-254.276,2.978],[-254.305,2.885],[-254.19,2.905],[-254.197,2.998]]]}},{"type":"Feature","properties":{},"geometry":{"type":"Polygon","coordinates":[[[-253.714,3.178],[-253.794,3.226],[-253.776,3.126],[-253.714,3.178]]]}},{"type":"Feature","properties":{},"geometry":{"type":"Polygon","coordinates":[[[-242.374,3.439],[-242.468,3.403],[-242.428,3.314],[-242.331,3.271],[-242.317,3.415],[-242.374,3.439]]]}},{"type":"Feature","properties":{},"geometry":{"type":"Polygon","coordinates":[[[-259.69,5.451],[-259.748,5.47],[-259.806,5.399],[-259.806,5.272],[-259.712,5.262],[-259.658,5.418],[-259.69,5.451]]]}},{"type":"Feature","properties":{},"geometry":{"type":"Polygon","coordinates":[[[-242.828,7.342],[-242.936,7.272],[-242.943,7.202],[-242.893,7.15],[-242.752,7.184],[-242.716,7.309],[-242.752,7.356],[-242.828,7.342]]]}},{"type":"Feature","properties":{},"geometry":{"type":"Polygon","coordinates":[[[-259.932,9.587],[-260,9.575],[-260,9.426],[-259.939,9.463],[-259.932,9.587]]]}},{"type":"Feature","properties":{},"geometry":{"type":"Polygon","coordinates":[[[-255.918,10.372],[-255.997,10.451],[-256.065,10.367],[-256.144,10.321],[-256.062,10.265],[-256.015,10.159],[-255.99,10.031],[-255.914,10.249],[-255.918,10.372]]]}},{"type":"Feature","properties":{},"geometry":{"type":"Polygon","coordinates":[[[-257.599,12.043],[-257.689,12.146],[-257.743,12.131],[-257.707,11.995],[-257.649,11.969],[-257.599,12.043]]]}},{"type":"Feature","properties":{},"geometry":{"type":"Polygon","coordinates":[[[-252.919,20.8],[-252.976,20.863],[-253.092,20.819],[-253.016,20.745],[-252.944,20.721],[-252.919,20.8]]]}},{"type":"Feature","properties":{},"geometry":{"type":"Polygon","coordinates":[[[-249.452,21.037],[-249.473,21.082],[-249.592,21.049],[-249.61,21.096],[-249.711,21.074],[-249.733,20.973],[-249.635,21.006],[-249.481,20.973],[-249.452,21.037]]]}},{"type":"Feature","properties":{},"geometry":{"type":"Polygon","coordinates":[[[-252.418,21.212],[-252.469,21.199],[-252.53,21.275],[-252.58,21.197],[-252.613,21.047],[-252.53,21.096],[-252.418,21.212]]]}},{"type":"Feature","properties":{},"geometry":{"type":"Polygon","coordinates":[[[-236.186,24.392],[-236.315,24.286],[-236.128,24.259],[-236.063,24.341],[-236.089,24.38],[-236.186,24.392]]]}},{"type":"Feature","properties":{},"geometry":{"type":"Polygon","coordinates":[[[-241.607,24.522],[-241.618,24.473],[-241.715,24.47],[-241.715,24.4],[-241.597,24.436],[-241.607,24.522]]]}},{"type":"Feature","properties":{},"geometry":{"type":"Polygon","coordinates":[[[-235.671,24.583],[-235.79,24.448],[-235.844,24.441],[-235.858,24.341],[-235.757,24.363],[-235.725,24.488],[-235.671,24.583]]]}},{"type":"Feature","properties":{},"geometry":{"type":"Polygon","coordinates":[[[-234.613,24.782],[-234.728,24.819],[-234.742,24.733],[-234.616,24.726],[-234.613,24.782]]]}},{"type":"Feature","properties":{},"geometry":{"type":"Polygon","coordinates":[[[-240.153,25.537],[-240.185,25.61],[-240.268,25.647],[-240.286,25.479],[-240.207,25.463],[-240.153,25.537]]]}},{"type":"Feature","properties":{},"geometry":{"type":"Polygon","coordinates":[[[-231.013,27.811],[-231.052,27.914],[-231.106,27.891],[-231.121,27.825],[-231.085,27.722],[-231.009,27.707],[-230.969,27.773],[-231.013,27.811]]]}},{"type":"Feature","properties":{},"geometry":{"type":"Polygon","coordinates":[[[-237.673,30.025],[-237.712,30.067],[-237.914,30.147],[-238.025,30.148],[-238.029,30.067],[-237.975,29.996],[-237.899,30.015],[-237.77,29.978],[-237.705,29.934],[-237.673,30.025]]]}},{"type":"Feature","properties":{},"geometry":{"type":"Polygon","coordinates":[[[-229.324,30.375],[-229.5,30.468],[-229.612,30.339],[-229.562,30.24],[-229.421,30.236],[-229.353,30.29],[-229.324,30.375]]]}},{"type":"Feature","properties":{},"geometry":{"type":"Polygon","coordinates":[[[-228.95,30.841],[-229.061,30.672],[-229.05,30.594],[-229.097,30.503],[-229.148,30.471],[-229.115,30.344],[-229.022,30.4],[-229.036,30.456],[-228.964,30.557],[-228.921,30.699],[-228.95,30.841]]]}},{"type":"Feature","properties":{},"geometry":{"type":"Polygon","coordinates":[[[-229.59,32.512],[-229.637,32.528],[-229.788,32.436],[-229.76,32.396],[-229.644,32.425],[-229.59,32.512]]]}},{"type":"Feature","properties":{},"geometry":{"type":"Polygon","coordinates":[[[-229.839,32.546],[-229.958,32.519],[-230.026,32.355],[-229.983,32.293],[-229.986,32.19],[-229.871,32.261],[-229.796,32.339],[-229.799,32.48],[-229.839,32.546]]]}},{"type":"Feature","properties":{},"geometry":{"type":"Polygon","coordinates":[[[-231.121,32.675],[-231.157,32.759],[-231.221,32.776],[-231.301,32.744],[-231.401,32.614],[-231.265,32.604],[-231.229,32.572],[-231.121,32.675]]]}},{"type":"Feature","properties":{},"geometry":{"type":"Polygon","coordinates":[[[-230.901,32.989],[-230.915,33.024],[-231.02,32.96],[-230.901,32.919],[-230.901,32.989]]]}},{"type":"Feature","properties":{},"geometry":{"type":"Polygon","coordinates":[[[-230.444,33.411],[-230.563,33.296],[-230.624,33.215],[-230.588,33.178],[-230.509,33.245],[-230.437,33.367],[-230.444,33.411]]]}},{"type":"Feature","properties":{},"geometry":{"type":"Polygon","coordinates":[[[-230.224,33.774],[-230.231,33.845],[-230.3,33.862],[-230.343,33.816],[-230.311,33.716],[-230.224,33.774]]]}},{"type":"Feature","properties":{},"geometry":{"type":"Polygon","coordinates":[[[-227.765,33.868],[-227.675,33.897],[-227.747,33.949],[-227.765,33.868]]]}},{"type":"Feature","properties":{},"geometry":{"type":"Polygon","coordinates":[[[-230.689,34.28],[-230.739,34.307],[-230.804,34.274],[-230.829,34.106],[-230.725,34.128],[-230.689,34.28]]]}},{"type":"Feature","properties":{},"geometry":{"type":"Polygon","coordinates":[[[-233.619,34.498],[-233.738,34.576],[-233.777,34.513],[-233.885,34.436],[-233.792,34.358],[-233.655,34.409],[-233.619,34.498]]]}},{"type":"Feature","properties":{},"geometry":{"type":"Polygon","coordinates":[[[-224.997,34.608],[-225.116,34.53],[-225.202,34.448],[-225.335,34.265],[-225.27,34.191],[-225.04,34.27],[-225.101,34.35],[-225.098,34.419],[-225.015,34.505],[-224.997,34.608]]]}},{"type":"Feature","properties":{},"geometry":{"type":"Polygon","coordinates":[[[-230.548,34.62],[-230.678,34.648],[-230.674,34.535],[-230.725,34.463],[-230.728,34.375],[-230.591,34.351],[-230.62,34.453],[-230.555,34.515],[-230.548,34.62]]]}},{"type":"Feature","properties":{},"geometry":{"type":"Polygon","coordinates":[[[-233.943,34.914],[-234.004,34.876],[-233.947,34.86],[-233.943,34.914]]]}},{"type":"Feature","properties":{},"geometry":{"type":"Polygon","coordinates":[[[-231.931,34.816],[-232.039,34.807],[-232.096,34.87],[-232.172,34.87],[-232.132,34.721],[-232.046,34.76],[-232.024,34.699],[-231.941,34.708],[-231.931,34.816]]]}},{"type":"Feature","properties":{},"geometry":{"type":"Polygon","coordinates":[[[-212.663,-43.34],[-212.714,-43.276],[-212.8,-43.357],[-212.85,-43.501],[-212.764,-43.484],[-212.696,-43.509],[-212.638,-43.409],[-212.663,-43.34]]]}},{"type":"Feature","properties":{},"geometry":{"type":"Polygon","coordinates":[[[-212.598,-43.131],[-212.642,-43.075],[-212.703,-43.166],[-212.631,-43.183],[-212.598,-43.131]]]}},{"type":"Feature","properties":{},"geometry":{"type":"Polygon","coordinates":[[[-211.857,-42.604],[-211.922,-42.579],[-211.986,-42.631],[-211.976,-42.719],[-211.889,-42.717],[-211.85,-42.666],[-211.857,-42.604]]]}},{"type":"Feature","properties":{},"geometry":{"type":"Polygon","coordinates":[[[-211.569,-40.373],[-211.655,-40.309],[-211.907,-40.346],[-211.986,-40.378],[-211.918,-40.454],[-211.803,-40.441],[-211.77,-40.463],[-211.673,-40.436],[-211.659,-40.503],[-211.533,-40.416],[-211.569,-40.373]]]}},{"type":"Feature","properties":{},"geometry":{"type":"Polygon","coordinates":[[[-214.557,-38.317],[-214.676,-38.312],[-214.73,-38.359],[-214.647,-38.428],[-214.557,-38.317]]]}},{"type":"Feature","properties":{},"geometry":{"type":"Polygon","coordinates":[[[-206.514,-27.415],[-206.557,-27.386],[-206.601,-27.493],[-206.59,-27.628],[-206.608,-27.702],[-206.543,-27.721],[-206.493,-27.505],[-206.514,-27.415]]]}},{"type":"Feature","properties":{},"geometry":{"type":"Polygon","coordinates":[[[-206.59,-27.339],[-206.575,-27.18],[-206.532,-27.061],[-206.615,-27.044],[-206.629,-27.226],[-206.59,-27.339]]]}},{"type":"Feature","properties":{},"geometry":{"type":"Polygon","coordinates":[[[-246.784,-26.068],[-246.95,-25.716],[-246.957,-25.63],[-247.04,-25.482],[-247.079,-25.524],[-247.079,-25.632],[-247.043,-25.698],[-247.036,-25.794],[-246.986,-25.845],[-246.953,-25.939],[-246.845,-26.054],[-246.784,-26.068]]]}},{"type":"Feature","properties":{},"geometry":{"type":"Polygon","coordinates":[[[-208.732,-23.667],[-208.807,-23.515],[-208.919,-23.474],[-209.02,-23.488],[-208.84,-23.694],[-208.786,-23.778],[-208.725,-23.771],[-208.732,-23.667]]]}},{"type":"Feature","properties":{},"geometry":{"type":"Polygon","coordinates":[[[-244.534,-20.73],[-244.599,-20.693],[-244.689,-20.801],[-244.635,-20.877],[-244.563,-20.82],[-244.534,-20.73]]]}},{"type":"Feature","properties":{},"geometry":{"type":"Polygon","coordinates":[[[-213.682,-18.383],[-213.722,-18.307],[-213.696,-18.238],[-213.783,-18.229],[-213.826,-18.334],[-213.776,-18.466],[-213.707,-18.493],[-213.646,-18.41],[-213.682,-18.383]]]}},{"type":"Feature","properties":{},"geometry":{"type":"Polygon","coordinates":[[[-220.439,-17.039],[-220.504,-17.002],[-220.554,-17.108],[-220.432,-17.1],[-220.439,-17.039]]]}},{"type":"Feature","properties":{},"geometry":{"type":"Polygon","coordinates":[[[-222.923,-15.75],[-222.916,-15.653],[-222.999,-15.615],[-223.056,-15.668],[-222.999,-15.788],[-222.923,-15.75]]]}},{"type":"Feature","properties":{},"geometry":{"type":"Polygon","coordinates":[[[-223.384,-15.539],[-223.474,-15.534],[-223.481,-15.642],[-223.398,-15.612],[-223.384,-15.539]]]}},{"type":"Feature","properties":{},"geometry":{"type":"Polygon","coordinates":[[[-235.423,-15.333],[-235.498,-15.317],[-235.513,-15.377],[-235.43,-15.374],[-235.423,-15.333]]]}},{"type":"Feature","properties":{},"geometry":{"type":"Polygon","coordinates":[[[-234.803,-14.471],[-234.879,-14.481],[-234.911,-14.607],[-234.807,-14.596],[-234.803,-14.471]]]}},{"type":"Feature","properties":{},"geometry":{"type":"Polygon","coordinates":[[[-223.712,-13.706],[-223.805,-13.67],[-223.812,-13.773],[-223.791,-13.856],[-223.719,-13.792],[-223.712,-13.706]]]}},{"type":"Feature","properties":{},"geometry":{"type":"Polygon","coordinates":[[[-223.578,-11.509],[-223.679,-11.603],[-223.733,-11.573],[-223.805,-11.681],[-223.625,-11.592],[-223.578,-11.509]]]}},{"type":"Feature","properties":{},"geometry":{"type":"Polygon","coordinates":[[[-205.719,-11.348],[-205.783,-11.311],[-205.909,-11.321],[-205.971,-11.36],[-205.902,-11.429],[-205.697,-11.386],[-205.719,-11.348]]]}},{"type":"Feature","properties":{},"geometry":{"type":"Polygon","coordinates":[[[-223.236,-11.039],[-223.312,-11.178],[-223.413,-11.284],[-223.438,-11.355],[-223.503,-11.399],[-223.474,-11.446],[-223.373,-11.33],[-223.319,-11.223],[-223.283,-11.207],[-223.236,-11.039]]]}},{"type":"Feature","properties":{},"geometry":{"type":"Polygon","coordinates":[[[-227.51,-11.159],[-227.398,-11.316],[-227.373,-11.245],[-227.42,-11.154],[-227.387,-11.098],[-227.42,-11.026],[-227.492,-11.078],[-227.51,-11.159]]]}},{"type":"Feature","properties":{},"geometry":{"type":"Polygon","coordinates":[[[-217.746,-10.666],[-217.786,-10.597],[-217.883,-10.653],[-217.847,-10.756],[-217.746,-10.717],[-217.746,-10.666]]]}},{"type":"Feature","properties":{},"geometry":{"type":"Polygon","coordinates":[[[-238.061,-10.43],[-238.137,-10.44],[-238.173,-10.494],[-238.295,-10.553],[-238.267,-10.597],[-238.141,-10.604],[-238.007,-10.521],[-238.004,-10.442],[-238.061,-10.43]]]}},{"type":"Feature","properties":{},"geometry":{"type":"Polygon","coordinates":[[[-217.707,-10.139],[-217.768,-10.141],[-217.808,-10.193],[-217.779,-10.242],[-217.71,-10.261],[-217.66,-10.19],[-217.707,-10.139]]]}},{"type":"Feature","properties":{},"geometry":{"type":"Polygon","coordinates":[[[-199.746,-9.158],[-199.635,-9.187],[-199.584,-9.131],[-199.696,-9.082],[-199.746,-9.158]]]}},{"type":"Feature","properties":{},"geometry":{"type":"Polygon","coordinates":[[[-200.805,-9.057],[-200.826,-9.138],[-200.765,-9.101],[-200.805,-9.057]]]}},{"type":"Feature","properties":{},"geometry":{"type":"Polygon","coordinates":[[[-199.905,-9.057],[-199.811,-9.082],[-199.735,-9.131],[-199.721,-9.023],[-199.847,-8.994],[-199.905,-9.057]]]}},{"type":"Feature","properties":{},"geometry":{"type":"Polygon","coordinates":[[[-200.833,-9.018],[-200.931,-9.033],[-200.902,-9.118],[-200.837,-9.091],[-200.833,-9.018]]]}},{"type":"Feature","properties":{},"geometry":{"type":"Polygon","coordinates":[[[-202.385,-8.734],[-202.443,-8.694],[-202.547,-8.723],[-202.378,-8.795],[-202.385,-8.734]]]}},{"type":"Feature","properties":{},"geometry":{"type":"Polygon","coordinates":[[[-201.942,-8.528],[-202.039,-8.522],[-202.101,-8.562],[-202.122,-8.682],[-202.043,-8.756],[-201.96,-8.756],[-201.885,-8.667],[-201.928,-8.616],[-201.867,-8.574],[-201.942,-8.528]]]}},{"type":"Feature","properties":{},"geometry":{"type":"Polygon","coordinates":[[[-208.887,-8.768],[-208.861,-8.591],[-208.89,-8.515],[-208.876,-8.425],[-208.941,-8.429],[-209.002,-8.518],[-208.876,-8.582],[-208.955,-8.733],[-208.887,-8.768]]]}},{"type":"Feature","properties":{},"geometry":{"type":"Polygon","coordinates":[[[-216.393,-8.638],[-216.526,-8.525],[-216.641,-8.488],[-216.663,-8.522],[-216.587,-8.596],[-216.393,-8.689],[-216.393,-8.638]]]}},{"type":"Feature","properties":{},"geometry":{"type":"Polygon","coordinates":[[[-202.641,-8.577],[-202.587,-8.498],[-202.651,-8.412],[-202.781,-8.528],[-202.792,-8.579],[-202.666,-8.662],[-202.641,-8.577]]]}},{"type":"Feature","properties":{},"geometry":{"type":"Polygon","coordinates":[[[-200.311,-8.508],[-200.355,-8.468],[-200.365,-8.385],[-200.423,-8.38],[-200.463,-8.459],[-200.365,-8.528],[-200.311,-8.508]]]}},{"type":"Feature","properties":{},"geometry":{"type":"Polygon","coordinates":[[[-216.62,-8.425],[-216.468,-8.486],[-216.389,-8.463],[-216.425,-8.373],[-216.627,-8.371],[-216.62,-8.425]]]}},{"type":"Feature","properties":{},"geometry":{"type":"Polygon","coordinates":[[[-234.429,-8.196],[-234.483,-8.292],[-234.407,-8.307],[-234.357,-8.176],[-234.429,-8.196]]]}},{"type":"Feature","properties":{},"geometry":{"type":"Polygon","coordinates":[[[-231.909,-8.132],[-231.981,-8.143],[-232.168,-8.098],[-232.208,-8.162],[-232.157,-8.206],[-232.06,-8.218],[-231.974,-8.262],[-231.884,-8.179],[-231.909,-8.132]]]}},{"type":"Feature","properties":{},"geometry":{"type":"Polygon","coordinates":[[[-228.892,-8.132],[-228.964,-8.083],[-229.079,-8.199],[-229.007,-8.235],[-228.892,-8.132]]]}},{"type":"Feature","properties":{},"geometry":{"type":"Polygon","coordinates":[[[-203.389,-8.073],[-203.465,-8.069],[-203.422,-8.187],[-203.382,-8.17],[-203.389,-8.073]]]}},{"type":"Feature","properties":{},"geometry":{"type":"Polygon","coordinates":[[[-230.159,-7.878],[-230.159,-7.829],[-230.275,-7.796],[-230.401,-7.807],[-230.415,-7.902],[-230.311,-8.029],[-230.217,-8.046],[-230.141,-7.932],[-230.159,-7.878]]]}},{"type":"Feature","properties":{},"geometry":{"type":"Polygon","coordinates":[[[-232.528,-7.527],[-232.629,-7.507],[-232.643,-7.655],[-232.517,-7.59],[-232.528,-7.527]]]}},{"type":"Feature","properties":{},"geometry":{"type":"Polygon","coordinates":[[[-228.017,-7.189],[-228.082,-7.103],[-228.244,-7.11],[-228.226,-7.166],[-228.122,-7.164],[-228.035,-7.255],[-228.017,-7.189]]]}},{"type":"Feature","properties":{},"geometry":{"type":"Polygon","coordinates":[[[-231.329,-7.137],[-231.38,-7.063],[-231.466,-7.151],[-231.362,-7.22],[-231.329,-7.137]]]}},{"type":"Feature","properties":{},"geometry":{"type":"Polygon","coordinates":[[[-204.185,-7.021],[-204.253,-6.972],[-204.325,-7.076],[-204.264,-7.124],[-204.149,-7.1],[-204.185,-7.021]]]}},{"type":"Feature","properties":{},"geometry":{"type":"Polygon","coordinates":[[[-254.737,-6.527],[-254.812,-6.548],[-254.794,-6.673],[-254.744,-6.629],[-254.737,-6.527]]]}},{"type":"Feature","properties":{},"geometry":{"type":"Polygon","coordinates":[[[-239.455,-5.938],[-239.505,-5.806],[-239.552,-5.844],[-239.548,-6.08],[-239.57,-6.195],[-239.53,-6.264],[-239.473,-6.195],[-239.44,-6.067],[-239.455,-5.938]]]}},{"type":"Feature","properties":{},"geometry":{"type":"Polygon","coordinates":[[[-227.196,-5.788],[-227.265,-5.654],[-227.358,-5.643],[-227.312,-5.759],[-227.333,-5.888],[-227.258,-5.95],[-227.193,-5.862],[-227.196,-5.788]]]}},{"type":"Feature","properties":{},"geometry":{"type":"Polygon","coordinates":[[[-226.815,-5.31],[-226.88,-5.295],[-226.977,-5.548],[-226.995,-5.648],[-227.07,-5.698],[-227.142,-5.989],[-227.049,-5.874],[-227.049,-5.795],[-226.966,-5.654],[-226.887,-5.595],[-226.815,-5.31]]]}},{"type":"Feature","properties":{},"geometry":{"type":"Polygon","coordinates":[[[-212.789,-5.269],[-212.865,-5.19],[-212.973,-5.236],[-212.991,-5.335],[-212.872,-5.443],[-212.786,-5.43],[-212.757,-5.356],[-212.789,-5.269]]]}},{"type":"Feature","properties":{},"geometry":{"type":"Polygon","coordinates":[[[-214.002,-4.535],[-214.046,-4.538],[-214.125,-4.67],[-214.06,-4.761],[-213.959,-4.712],[-213.952,-4.586],[-214.002,-4.535]]]}},{"type":"Feature","properties":{},"geometry":{"type":"Polygon","coordinates":[[[-226.44,-4.233],[-226.545,-4.202],[-226.667,-4.109],[-226.682,-4.138],[-226.541,-4.245],[-226.44,-4.233]]]}},{"type":"Feature","properties":{},"geometry":{"type":"Polygon","coordinates":[[[-231.47,-3.534],[-231.585,-3.532],[-231.614,-3.627],[-231.437,-3.593],[-231.47,-3.534]]]}},{"type":"Feature","properties":{},"geometry":{"type":"Polygon","coordinates":[[[-231.279,-3.525],[-231.326,-3.54],[-231.401,-3.491],[-231.441,-3.51],[-231.373,-3.618],[-231.279,-3.525]]]}},{"type":"Feature","properties":{},"geometry":{"type":"Polygon","coordinates":[[[-207.349,-3.115],[-207.349,-3.047],[-207.425,-3.041],[-207.457,-3.13],[-207.367,-3.22],[-207.349,-3.115]]]}},{"type":"Feature","properties":{},"geometry":{"type":"Polygon","coordinates":[[[-253.092,-2.929],[-253.189,-2.892],[-253.279,-2.966],[-253.138,-3.029],[-253.092,-2.929]]]}},{"type":"Feature","properties":{},"geometry":{"type":"Polygon","coordinates":[[[-207.929,-2.917],[-208.033,-2.887],[-207.976,-2.997],[-207.929,-2.917]]]}},{"type":"Feature","properties":{},"geometry":{"type":"Polygon","coordinates":[[[-233.932,-2.384],[-234.022,-2.181],[-234.001,-2.016],[-234.055,-1.965],[-234.13,-2.036],[-234.137,-2.087],[-234.101,-2.218],[-234.044,-2.303],[-234.015,-2.431],[-233.954,-2.475],[-233.932,-2.384]]]}},{"type":"Feature","properties":{},"geometry":{"type":"Polygon","coordinates":[[[-210.266,-1.474],[-210.276,-1.43],[-210.42,-1.347],[-210.46,-1.465],[-210.334,-1.577],[-210.208,-1.58],[-210.266,-1.474]]]}},{"type":"Feature","properties":{},"geometry":{"type":"Polygon","coordinates":[[[-225,-1.019],[-225.123,-0.937],[-225.198,-1.028],[-225.123,-1.131],[-225.044,-1.129],[-225,-1.019]]]}},{"type":"Feature","properties":{},"geometry":{"type":"Polygon","coordinates":[[[-229.083,-0.778],[-229.119,-0.764],[-229.266,-0.827],[-229.367,-0.807],[-229.482,-0.84],[-229.551,-0.818],[-229.558,-0.893],[-229.457,-0.915],[-229.18,-0.871],[-229.119,-0.84],[-229.083,-0.778]]]}},{"type":"Feature","properties":{},"geometry":{"type":"Polygon","coordinates":[[[-232.705,-0.744],[-232.705,-0.702],[-232.787,-0.616],[-232.845,-0.773],[-232.679,-0.793],[-232.705,-0.744]]]}},{"type":"Feature","properties":{},"geometry":{"type":"Polygon","coordinates":[[[-229.324,-0.435],[-229.367,-0.411],[-229.45,-0.464],[-229.36,-0.528],[-229.324,-0.435]]]}},{"type":"Feature","properties":{},"geometry":{"type":"Polygon","coordinates":[[[-238.148,-0.401],[-238.259,-0.428],[-238.321,-0.469],[-238.123,-0.511],[-238.083,-0.471],[-238.148,-0.401]]]}},{"type":"Feature","properties":{},"geometry":{"type":"Polygon","coordinates":[[[-232.766,-0.491],[-232.723,-0.374],[-232.766,-0.251],[-232.888,-0.288],[-232.874,-0.361],[-232.899,-0.427],[-232.82,-0.525],[-232.766,-0.491]]]}},{"type":"Feature","properties":{},"geometry":{"type":"Polygon","coordinates":[[[-256.288,-0.27],[-256.371,-0.234],[-256.479,-0.244],[-256.54,-0.334],[-256.454,-0.383],[-256.389,-0.388],[-256.245,-0.302],[-256.288,-0.27]]]}},{"type":"Feature","properties":{},"geometry":{"type":"Polygon","coordinates":[[[-230.462,-0.135],[-230.627,-0.037],[-230.627,-0.079],[-230.462,-0.135]]]}},{"type":"Feature","properties":{},"geometry":{"type":"Polygon","coordinates":[[[-255.313,0.071],[-255.453,0.225],[-255.468,0.171],[-255.396,0.092],[-255.313,0.071]]]}},{"type":"Feature","properties":{},"geometry":{"type":"Polygon","coordinates":[[[-255.774,0.88],[-255.871,0.943],[-255.907,0.88],[-255.813,0.799],[-255.774,0.88]]]}},{"type":"Feature","properties":{},"geometry":{"type":"Polygon","coordinates":[[[-234.346,3.469],[-234.429,3.59],[-234.487,3.709],[-234.559,3.737],[-234.58,3.668],[-234.479,3.577],[-234.494,3.464],[-234.375,3.398],[-234.346,3.469]]]}},{"type":"Feature","properties":{},"geometry":{"type":"Polygon","coordinates":[[[-233.342,3.982],[-233.338,3.898],[-233.288,3.921],[-233.342,3.982]]]}},{"type":"Feature","properties":{},"geometry":{"type":"Polygon","coordinates":[[[-239.75,5.267],[-239.8,5.35],[-239.912,5.259],[-240.034,5.223],[-240.056,5.19],[-240.171,5.136],[-240.16,5.049],[-240.045,5.075],[-240.02,5.127],[-239.811,5.183],[-239.75,5.267]]]}},{"type":"Feature","properties":{},"geometry":{"type":"Polygon","coordinates":[[[-201.708,6.937],[-201.723,6.966],[-201.859,6.951],[-201.874,6.907],[-201.805,6.794],[-201.694,6.799],[-201.676,6.93],[-201.708,6.937]]]}},{"type":"Feature","properties":{},"geometry":{"type":"Polygon","coordinates":[[[-242.914,8.058],[-243.026,8.035],[-243.044,7.922],[-242.997,7.824],[-242.943,7.836],[-242.914,7.917],[-242.914,8.058]]]}},{"type":"Feature","properties":{},"geometry":{"type":"Polygon","coordinates":[[[-242.673,8.324],[-242.731,8.268],[-242.709,8.185],[-242.659,8.197],[-242.644,8.303],[-242.673,8.324]]]}},{"type":"Feature","properties":{},"geometry":{"type":"Polygon","coordinates":[[[-235.217,9.2],[-235.293,9.251],[-235.365,9.183],[-235.329,9.126],[-235.235,9.078],[-235.192,9.156],[-235.217,9.2]]]}},{"type":"Feature","properties":{},"geometry":{"type":"Polygon","coordinates":[[[-236.301,9.164],[-236.344,9.289],[-236.521,9.171],[-236.438,9.114],[-236.359,9.099],[-236.301,9.164]]]}},{"type":"Feature","properties":{},"geometry":{"type":"Polygon","coordinates":[[[-233.835,9.83],[-233.918,10.056],[-234.015,9.902],[-234.008,9.816],[-233.965,9.766],[-233.878,9.759],[-233.835,9.83]]]}},{"type":"Feature","properties":{},"geometry":{"type":"Polygon","coordinates":[[[-240.049,10.603],[-240.164,10.637],[-240.221,10.536],[-240.193,10.446],[-240.085,10.482],[-240.005,10.541],[-240.049,10.603]]]}},{"type":"Feature","properties":{},"geometry":{"type":"Polygon","coordinates":[[[-237.287,10.735],[-237.331,10.762],[-237.377,10.684],[-237.471,10.591],[-237.471,10.422],[-237.367,10.444],[-237.313,10.505],[-237.262,10.64],[-237.287,10.735]]]}},{"type":"Feature","properties":{},"geometry":{"type":"Polygon","coordinates":[[[-236.2,11.179],[-236.24,11.279],[-236.29,11.218],[-236.251,11.142],[-236.2,11.179]]]}},{"type":"Feature","properties":{},"geometry":{"type":"Polygon","coordinates":[[[-240.131,11.515],[-240.218,11.447],[-240.146,11.405],[-240.131,11.515]]]}},{"type":"Feature","properties":{},"geometry":{"type":"Polygon","coordinates":[[[-239.977,11.893],[-240.095,11.978],[-240.131,11.907],[-240.077,11.837],[-240.045,11.68],[-239.951,11.709],[-239.919,11.789],[-239.977,11.893]]]}},{"type":"Feature","properties":{},"geometry":{"type":"Polygon","coordinates":[[[-237.313,12.403],[-237.356,12.479],[-237.518,12.493],[-237.568,12.41],[-237.489,12.378],[-237.388,12.277],[-237.331,12.317],[-237.313,12.403]]]}},{"type":"Feature","properties":{},"geometry":{"type":"Polygon","coordinates":[[[-236.211,12.376],[-236.229,12.471],[-236.305,12.628],[-236.391,12.687],[-236.416,12.624],[-236.269,12.407],[-236.211,12.376]]]}},{"type":"Feature","properties":{},"geometry":{"type":"Polygon","coordinates":[[[-236.719,12.864],[-236.737,12.898],[-236.841,12.937],[-236.881,13.025],[-236.981,13.144],[-237.057,13.111],[-237.05,13.043],[-236.963,13.004],[-236.816,12.859],[-236.719,12.864]]]}},{"type":"Feature","properties":{},"geometry":{"type":"Polygon","coordinates":[[[-239.739,13.712],[-239.761,13.805],[-239.897,13.865],[-239.908,13.795],[-239.739,13.712]]]}},{"type":"Feature","properties":{},"geometry":{"type":"Polygon","coordinates":[[[-237.896,14.102],[-238.025,14.21],[-238.036,14.142],[-237.863,14.019],[-237.896,14.102]]]}},{"type":"Feature","properties":{},"geometry":{"type":"Polygon","coordinates":[[[-237.993,15.01],[-237.997,15.039],[-238.155,15.046],[-238.18,14.946],[-238.079,14.811],[-238.061,14.641],[-237.997,14.674],[-237.986,14.799],[-238.029,14.862],[-237.986,14.933],[-237.993,15.01]]]}},{"type":"Feature","properties":{},"geometry":{"type":"Polygon","coordinates":[[[-238.029,18.985],[-238.097,19.005],[-238.148,18.923],[-238.105,18.867],[-238.007,18.962],[-238.029,18.985]]]}},{"type":"Feature","properties":{},"geometry":{"type":"Polygon","coordinates":[[[-238.475,19.321],[-238.483,19.394],[-238.605,19.404],[-238.652,19.37],[-238.601,19.303],[-238.501,19.259],[-238.475,19.321]]]}},{"type":"Feature","properties":{},"geometry":{"type":"Polygon","coordinates":[[[-192.478,-22.569],[-192.55,-22.539],[-192.582,-22.645],[-192.492,-22.67],[-192.478,-22.569]]]}},{"type":"Feature","properties":{},"geometry":{"type":"Polygon","coordinates":[[[-193.363,-20.424],[-193.435,-20.531],[-193.443,-20.624],[-193.489,-20.683],[-193.439,-20.695],[-193.414,-20.6],[-193.421,-20.549],[-193.363,-20.424]]]}},{"type":"Feature","properties":{},"geometry":{"type":"Polygon","coordinates":[[[-190.159,-20.141],[-190.246,-20.144],[-190.249,-20.218],[-190.17,-20.254],[-190.102,-20.193],[-190.159,-20.141]]]}},{"type":"Feature","properties":{},"geometry":{"type":"Polygon","coordinates":[[[-190.566,-19.492],[-190.635,-19.47],[-190.663,-19.315],[-190.739,-19.329],[-190.786,-19.438],[-190.782,-19.491],[-190.642,-19.636],[-190.563,-19.658],[-190.498,-19.528],[-190.566,-19.492]]]}},{"type":"Feature","properties":{},"geometry":{"type":"Polygon","coordinates":[[[-181.57,-18.955],[-181.616,-18.925],[-181.706,-18.972],[-181.811,-18.977],[-181.879,-19.07],[-181.937,-19.057],[-182.02,-19.101],[-181.998,-19.158],[-181.804,-19.146],[-181.804,-19.048],[-181.692,-18.998],[-181.656,-19.042],[-181.505,-19.013],[-181.57,-18.955]]]}},{"type":"Feature","properties":{},"geometry":{"type":"Polygon","coordinates":[[[-180.655,-17.998],[-180.688,-17.947],[-180.749,-17.951],[-180.68,-18.101],[-180.637,-18.079],[-180.655,-17.998]]]}},{"type":"Feature","properties":{},"geometry":{"type":"Polygon","coordinates":[[[-181.224,-17.628],[-181.26,-17.674],[-181.231,-17.746],[-181.163,-17.692],[-181.224,-17.628]]]}},{"type":"Feature","properties":{},"geometry":{"type":"Polygon","coordinates":[[[-191.841,-16.787],[-191.769,-16.823],[-191.668,-16.787],[-191.545,-16.848],[-191.529,-16.787],[-191.628,-16.767],[-191.7,-16.683],[-191.754,-16.691],[-191.815,-16.576],[-191.848,-16.58],[-191.88,-16.71],[-191.841,-16.787]]]}},{"type":"Feature","properties":{},"geometry":{"type":"Polygon","coordinates":[[[-191.815,-15.517],[-191.877,-15.622],[-191.808,-15.985],[-191.743,-15.975],[-191.736,-15.857],[-191.801,-15.627],[-191.815,-15.517]]]}},{"type":"Feature","properties":{},"geometry":{"type":"Polygon","coordinates":[[[-192.06,-15.393],[-192.024,-15.278],[-192.197,-15.32],[-192.319,-15.433],[-192.265,-15.484],[-192.161,-15.485],[-192.06,-15.393]]]}},{"type":"Feature","properties":{},"geometry":{"type":"Polygon","coordinates":[[[-191.905,-14.981],[-191.869,-15.158],[-191.877,-15.3],[-191.805,-15.29],[-191.866,-14.94],[-191.905,-14.981]]]}},{"type":"Feature","properties":{},"geometry":{"type":"Polygon","coordinates":[[[-192.485,-14.141],[-192.593,-14.195],[-192.568,-14.319],[-192.474,-14.32],[-192.402,-14.243],[-192.413,-14.172],[-192.485,-14.141]]]}},{"type":"Feature","properties":{},"geometry":{"type":"Polygon","coordinates":[[[-192.546,-13.918],[-192.431,-13.859],[-192.478,-13.736],[-192.525,-13.709],[-192.589,-13.739],[-192.604,-13.826],[-192.546,-13.918]]]}},{"type":"Feature","properties":{},"geometry":{"type":"Polygon","coordinates":[[[-193.075,-11.64],[-193.129,-11.588],[-193.234,-11.634],[-193.158,-11.713],[-193.014,-11.71],[-193.075,-11.64]]]}},{"type":"Feature","properties":{},"geometry":{"type":"Polygon","coordinates":[[[-193.853,-10.693],[-193.972,-10.648],[-194.123,-10.656],[-194.177,-10.762],[-194.245,-10.752],[-194.231,-10.835],[-194.148,-10.828],[-194.065,-10.776],[-193.947,-10.768],[-193.853,-10.693]]]}},{"type":"Feature","properties":{},"geometry":{"type":"Polygon","coordinates":[[[-225.353,7.719],[-225.364,7.63],[-225.432,7.614],[-225.508,7.481],[-225.479,7.368],[-225.407,7.366],[-225.335,7.638],[-225.353,7.719]]]}},{"type":"Feature","properties":{},"geometry":{"type":"Polygon","coordinates":[[[-221.807,9.576],[-221.858,9.575],[-221.865,9.512],[-221.796,9.521],[-221.807,9.576]]]}},{"type":"Feature","properties":{},"geometry":{"type":"Polygon","coordinates":[[[-215.115,13.641],[-215.151,13.644],[-215.216,13.516],[-215.345,13.44],[-215.374,13.345],[-215.32,13.247],[-215.241,13.286],[-215.23,13.379],[-215.19,13.445],[-215.093,13.516],[-215.046,13.599],[-215.115,13.641]]]}},{"type":"Feature","properties":{},"geometry":{"type":"Polygon","coordinates":[[[-214.211,15.267],[-214.305,15.194],[-214.262,15.137],[-214.211,15.267]]]}},{"type":"Feature","properties":{},"geometry":{"type":"Polygon","coordinates":[[[-225.634,34.554],[-225.796,34.512],[-225.717,34.453],[-225.63,34.485],[-225.634,34.554]]]}},{"type":"Feature","properties":{},"geometry":{"type":"Polygon","coordinates":[[[-254.298,-10.431],[-254.373,-10.509],[-254.305,-10.565],[-254.298,-10.431]]]}},{"type":"Feature","properties":{},"geometry":{"type":"Polygon","coordinates":[[[-233.824,34.733],[-233.835,34.755],[-233.932,34.77],[-233.882,34.718],[-233.824,34.733]]]}},{"type":"Feature","properties":{},"geometry":{"type":"Polygon","coordinates":[[[-233.831,34.792],[-233.849,34.809],[-233.896,34.794],[-233.853,34.762],[-233.831,34.792]]]}},{"type":"Feature","properties":{},"geometry":{"type":"Polygon","coordinates":[[[-233.921,34.822],[-233.903,34.799],[-233.857,34.833],[-233.889,34.853],[-233.921,34.822]]]}},{"type":"Feature","properties":{},"geometry":{"type":"Polygon","coordinates":[[[-231.927,34.844],[-231.999,34.914],[-231.999,34.836],[-231.927,34.844]]]}},{"type":"Feature","properties":{},"geometry":{"type":"Polygon","coordinates":[[[-236.398,-1.604],[-236.456,-1.497],[-236.524,-1.57],[-236.506,-1.71],[-236.398,-1.703],[-236.398,-1.604]]]}},{"type":"Feature","properties":{},"geometry":{"type":"Polygon","coordinates":[[[-246.154,22.197],[-246.093,22.204],[-245.981,22.264],[-246.107,22.293],[-246.154,22.197]]]}},{"type":"Feature","properties":{},"geometry":{"type":"Polygon","coordinates":[[[-246.453,22.742],[-246.525,22.719],[-246.37,22.595],[-246.363,22.656],[-246.453,22.742]]]}},{"type":"Feature","properties":{},"geometry":{"type":"Polygon","coordinates":[[[-230.973,32.899],[-231.016,32.93],[-231.031,32.874],[-230.973,32.855],[-230.973,32.899]]]}},{"type":"Feature","properties":{},"geometry":{"type":"Polygon","coordinates":[[[-193.288,-45.616],[-193.363,-45.677],[-193.349,-45.74],[-193.259,-45.728],[-193.288,-45.616]]]}},{"type":"Feature","properties":{},"geometry":{"type":"Polygon","coordinates":[[[-186.217,-40.907],[-186.077,-40.866],[-186.116,-40.789],[-186.174,-40.767],[-186.217,-40.839],[-186.217,-40.907]]]}},{"type":"Feature","properties":{},"geometry":{"type":"Polygon","coordinates":[[[-184.46,-36.282],[-184.514,-36.162],[-184.597,-36.062],[-184.63,-36.219],[-184.55,-36.27],[-184.46,-36.282]]]}},{"type":"Feature","properties":{},"geometry":{"type":"Polygon","coordinates":[[[-205.701,8.175],[-205.733,8.183],[-205.762,8.143],[-205.69,8.119],[-205.701,8.175]]]}},{"type":"Feature","properties":{},"geometry":{"type":"Polygon","coordinates":[[[-196.017,-20.048],[-196.035,-20.007],[-196.063,-20.041],[-196.045,-20.073],[-196.017,-20.048]]]}},{"type":"Feature","properties":{},"geometry":{"type":"Polygon","coordinates":[[[-230.368,-14.847],[-230.383,-14.825],[-230.411,-14.837],[-230.39,-14.867],[-230.368,-14.847]]]}},{"type":"Feature","properties":{},"geometry":{"type":"Polygon","coordinates":[[[-233.5,-13.874],[-233.486,-13.905],[-233.443,-13.895],[-233.446,-13.874],[-233.5,-13.874]]]}},{"type":"Feature","properties":{},"geometry":{"type":"Polygon","coordinates":[[[-225.116,-12.058],[-225.134,-12.076],[-225.09,-12.118],[-225.072,-12.068],[-225.116,-12.058]]]}},{"type":"Feature","properties":{},"geometry":{"type":"Polygon","coordinates":[[[-225.036,-12.027],[-225.044,-12.017],[-225.09,-12.036],[-225.051,-12.054],[-225.036,-12.027]]]}},{"type":"Feature","properties":{},"geometry":{"type":"Polygon","coordinates":[[[-224.878,-11.929],[-224.946,-11.919],[-224.943,-11.953],[-224.878,-11.929]]]}},{"type":"Feature","properties":{},"geometry":{"type":"Polygon","coordinates":[[[-226.523,-11.455],[-226.57,-11.509],[-226.505,-11.509],[-226.523,-11.455]]]}},{"type":"Feature","properties":{},"geometry":{"type":"Polygon","coordinates":[[[-228.716,-7.33],[-228.734,-7.297],[-228.784,-7.357],[-228.73,-7.357],[-228.716,-7.33]]]}},{"type":"Feature","properties":{},"geometry":{"type":"Polygon","coordinates":[[[-225.623,-6.254],[-225.666,-6.235],[-225.699,-6.185],[-225.767,-6.131],[-225.774,-6.029],[-225.875,-6.034],[-225.879,-6.122],[-225.836,-6.183],[-225.674,-6.308],[-225.623,-6.254]]]}},{"type":"Feature","properties":{},"geometry":{"type":"Polygon","coordinates":[[[-227.682,-5.514],[-227.682,-5.551],[-227.664,-5.573],[-227.636,-5.563],[-227.682,-5.514]]]}},{"type":"Feature","properties":{},"geometry":{"type":"Polygon","coordinates":[[[-230.073,-4.53],[-230.127,-4.545],[-230.102,-4.569],[-230.055,-4.557],[-230.073,-4.53]]]}},{"type":"Feature","properties":{},"geometry":{"type":"Polygon","coordinates":[[[-237.68,-3.512],[-237.709,-3.54],[-237.694,-3.571],[-237.655,-3.557],[-237.68,-3.512]]]}},{"type":"Feature","properties":{},"geometry":{"type":"Polygon","coordinates":[[[-237.561,-3.419],[-237.597,-3.409],[-237.568,-3.485],[-237.536,-3.453],[-237.561,-3.419]]]}},{"type":"Feature","properties":{},"geometry":{"type":"Polygon","coordinates":[[[-236.125,-2.019],[-236.161,-2.049],[-236.11,-2.063],[-236.125,-2.019]]]}},{"type":"Feature","properties":{},"geometry":{"type":"Polygon","coordinates":[[[-235.649,-1.96],[-235.682,-1.963],[-235.664,-2.005],[-235.628,-1.992],[-235.649,-1.96]]]}},{"type":"Feature","properties":{},"geometry":{"type":"Polygon","coordinates":[[[-236.344,-1.909],[-236.351,-1.935],[-236.337,-1.95],[-236.344,-1.909]]]}},{"type":"Feature","properties":{},"geometry":{"type":"Polygon","coordinates":[[[-236.261,-1.908],[-236.287,-1.911],[-236.287,-1.957],[-236.258,-1.941],[-236.261,-1.908]]]}},{"type":"Feature","properties":{},"geometry":{"type":"Polygon","coordinates":[[[-251.324,-1.713],[-251.241,-1.717],[-251.241,-1.695],[-251.324,-1.713]]]}},{"type":"Feature","properties":{},"geometry":{"type":"Polygon","coordinates":[[[-250.831,-1.257],[-250.885,-1.279],[-250.856,-1.311],[-250.831,-1.257]]]}},{"type":"Feature","properties":{},"geometry":{"type":"Polygon","coordinates":[[[-250.744,-1.17],[-250.78,-1.198],[-250.755,-1.219],[-250.744,-1.17]]]}},{"type":"Feature","properties":{},"geometry":{"type":"Polygon","coordinates":[[[-255.522,-0.271],[-255.579,-0.278],[-255.583,-0.319],[-255.507,-0.308],[-255.522,-0.271]]]}},{"type":"Feature","properties":{},"geometry":{"type":"Polygon","coordinates":[[[-257.16,0.291],[-257.152,0.277],[-257.091,0.298],[-257.116,0.315],[-257.16,0.291]]]}},{"type":"Feature","properties":{},"geometry":{"type":"Polygon","coordinates":[[[-256.922,0.624],[-256.944,0.659],[-256.962,0.652],[-256.944,0.597],[-256.922,0.624]]]}},{"type":"Feature","properties":{},"geometry":{"type":"Polygon","coordinates":[[[-256.494,0.701],[-256.526,0.654],[-256.501,0.627],[-256.479,0.679],[-256.494,0.701]]]}},{"type":"Feature","properties":{},"geometry":{"type":"Polygon","coordinates":[[[-256.886,0.792],[-256.926,0.754],[-256.908,0.722],[-256.882,0.757],[-256.886,0.792]]]}},{"type":"Feature","properties":{},"geometry":{"type":"Polygon","coordinates":[[[-255.435,0.798],[-255.46,0.767],[-255.385,0.765],[-255.378,0.787],[-255.435,0.798]]]}},{"type":"Feature","properties":{},"geometry":{"type":"Polygon","coordinates":[[[-256.332,0.84],[-256.306,0.774],[-256.281,0.798],[-256.332,0.84]]]}},{"type":"Feature","properties":{},"geometry":{"type":"Polygon","coordinates":[[[-256.537,0.919],[-256.566,0.88],[-256.53,0.87],[-256.537,0.919]]]}},{"type":"Feature","properties":{},"geometry":{"type":"Polygon","coordinates":[[[-239.35,1.073],[-239.368,1.068],[-239.332,1.042],[-239.339,1.068],[-239.35,1.073]]]}},{"type":"Feature","properties":{},"geometry":{"type":"Polygon","coordinates":[[[-239.624,1.08],[-239.631,1.032],[-239.595,1.044],[-239.624,1.08]]]}},{"type":"Feature","properties":{},"geometry":{"type":"Polygon","coordinates":[[[-232.215,2.265],[-232.244,2.221],[-232.193,2.213],[-232.215,2.265]]]}},{"type":"Feature","properties":{},"geometry":{"type":"Polygon","coordinates":[[[-241.78,5.855],[-241.82,5.851],[-241.809,5.819],[-241.769,5.831],[-241.78,5.855]]]}},{"type":"Feature","properties":{},"geometry":{"type":"Polygon","coordinates":[[[-238.749,9.631],[-238.778,9.605],[-238.778,9.583],[-238.742,9.624],[-238.749,9.631]]]}},{"type":"Feature","properties":{},"geometry":{"type":"Polygon","coordinates":[[[-256.216,10.515],[-256.256,10.482],[-256.234,10.456],[-256.195,10.463],[-256.216,10.515]]]}},{"type":"Feature","properties":{},"geometry":{"type":"Polygon","coordinates":[[[-253.063,10.439],[-253.052,10.507],[-253.113,10.505],[-253.124,10.414],[-253.063,10.439]]]}},{"type":"Feature","properties":{},"geometry":{"type":"Polygon","coordinates":[[[-253.092,10.532],[-253.07,10.598],[-253.11,10.627],[-253.146,10.571],[-253.092,10.532]]]}},{"type":"Feature","properties":{},"geometry":{"type":"Polygon","coordinates":[[[-240.369,11.069],[-240.419,11.098],[-240.419,11.046],[-240.369,11.069]]]}},{"type":"Feature","properties":{},"geometry":{"type":"Polygon","coordinates":[[[-240.387,11.201],[-240.427,11.179],[-240.416,11.138],[-240.373,11.174],[-240.387,11.201]]]}},{"type":"Feature","properties":{},"geometry":{"type":"Polygon","coordinates":[[[-250.672,12.221],[-250.708,12.228],[-250.712,12.189],[-250.672,12.187],[-250.672,12.221]]]}},{"type":"Feature","properties":{},"geometry":{"type":"Polygon","coordinates":[[[-242.533,23.754],[-242.626,23.767],[-242.605,23.679],[-242.522,23.663],[-242.533,23.754]]]}},{"type":"Feature","properties":{},"geometry":{"type":"Polygon","coordinates":[[[-191.892,5.596],[-191.884,5.591],[-191.873,5.602],[-191.869,5.618],[-191.873,5.624],[-191.873,5.605],[-191.884,5.595],[-191.892,5.596]]]}},{"type":"Feature","properties":{},"geometry":{"type":"Polygon","coordinates":[[[-188.276,6.101],[-188.273,6.079],[-188.255,6.079],[-188.276,6.101]]]}},{"type":"Feature","properties":{},"geometry":{"type":"Polygon","coordinates":[[[-188.089,7.099],[-188.075,7.104],[-188.071,7.118],[-188.078,7.118],[-188.082,7.104],[-188.089,7.099]]]}},{"type":"Feature","properties":{},"geometry":{"type":"Polygon","coordinates":[[[-244.153,-4.765],[-244.203,-4.787],[-244.192,-4.822],[-244.142,-4.78],[-244.153,-4.765]]]}},{"type":"Feature","properties":{},"geometry":{"type":"Polygon","coordinates":[[[-259.492,-3.122],[-259.507,-3.16],[-259.492,-3.179],[-259.464,-3.177],[-259.492,-3.14],[-259.492,-3.122]]]}},{"type":"Feature","properties":{},"geometry":{"type":"Polygon","coordinates":[[[-256.483,0.818],[-256.494,0.835],[-256.58,0.874],[-256.558,0.845],[-256.483,0.818]]]}},{"type":"Feature","properties":{},"geometry":{"type":"Polygon","coordinates":[[[-255.201,1.032],[-255.172,0.993],[-255.158,1.019],[-255.201,1.032]]]}},{"type":"Feature","properties":{},"geometry":{"type":"Polygon","coordinates":[[[-252.436,1.037],[-252.44,0.97],[-252.397,1.01],[-252.436,1.037]]]}},{"type":"Feature","properties":{},"geometry":{"type":"Polygon","coordinates":[[[-253.758,2.76],[-253.776,2.817],[-253.797,2.797],[-253.758,2.76]]]}},{"type":"Feature","properties":{},"geometry":{"type":"Polygon","coordinates":[[[-252.192,3.015],[-252.228,3.025],[-252.256,2.984],[-252.188,2.986],[-252.192,3.015]]]}},{"type":"Feature","properties":{},"geometry":{"type":"Polygon","coordinates":[[[-251.994,4.772],[-252.048,4.718],[-252.001,4.708],[-251.994,4.772]]]}},{"type":"Feature","properties":{},"geometry":{"type":"Polygon","coordinates":[[[-253.502,9.891],[-253.48,9.838],[-253.47,9.858],[-253.502,9.891]]]}},{"type":"Feature","properties":{},"geometry":{"type":"Polygon","coordinates":[[[-253.124,10.46],[-253.131,10.529],[-253.16,10.559],[-253.146,10.598],[-253.192,10.634],[-253.225,10.666],[-253.246,10.666],[-253.214,10.601],[-253.221,10.576],[-253.246,10.569],[-253.243,10.488],[-253.185,10.414],[-253.124,10.46]]]}},{"type":"Feature","properties":{},"geometry":{"type":"Polygon","coordinates":[[[-256.969,11.501],[-257.005,11.513],[-256.976,11.461],[-256.951,11.461],[-256.969,11.501]]]}},{"type":"Feature","properties":{},"geometry":{"type":"Polygon","coordinates":[[[-249.405,20.959],[-249.452,20.917],[-249.412,20.883],[-249.369,20.925],[-249.405,20.959]]]}},{"type":"Feature","properties":{},"geometry":{"type":"Polygon","coordinates":[[[-252.476,20.91],[-252.494,20.887],[-252.53,20.883],[-252.508,20.843],[-252.476,20.91]]]}},{"type":"Feature","properties":{},"geometry":{"type":"Polygon","coordinates":[[[-252.256,21.02],[-252.264,21.003],[-252.242,20.983],[-252.242,21.017],[-252.256,21.02]]]}},{"type":"Feature","properties":{},"geometry":{"type":"Polygon","coordinates":[[[-252.379,21.116],[-252.408,21.089],[-252.404,21.039],[-252.368,21.111],[-252.379,21.116]]]}},{"type":"Feature","properties":{},"geometry":{"type":"Polygon","coordinates":[[[-252.188,21.361],[-252.217,21.356],[-252.274,21.324],[-252.192,21.348],[-252.188,21.361]]]}},{"type":"Feature","properties":{},"geometry":{"type":"Polygon","coordinates":[[[-252.13,21.39],[-252.145,21.351],[-252.001,21.403],[-252.13,21.39]]]}},{"type":"Feature","properties":{},"geometry":{"type":"Polygon","coordinates":[[[-238.436,22.045],[-238.432,22.082],[-238.508,22.082],[-238.461,22.018],[-238.436,22.045]]]}},{"type":"Feature","properties":{},"geometry":{"type":"Polygon","coordinates":[[[-236.996,24.475],[-237.057,24.466],[-237.053,24.439],[-237.003,24.439],[-236.996,24.475]]]}},{"type":"Feature","properties":{},"geometry":{"type":"Polygon","coordinates":[[[-218.643,24.789],[-218.69,24.792],[-218.711,24.76],[-218.697,24.735],[-218.643,24.789]]]}},{"type":"Feature","properties":{},"geometry":{"type":"Polygon","coordinates":[[[-228.744,25.875],[-228.78,25.856],[-228.748,25.819],[-228.73,25.854],[-228.744,25.875]]]}},{"type":"Feature","properties":{},"geometry":{"type":"Polygon","coordinates":[[[-217.808,27.092],[-217.782,27.04],[-217.757,27.084],[-217.808,27.092]]]}},{"type":"Feature","properties":{},"geometry":{"type":"Polygon","coordinates":[[[-230.285,29.655],[-230.278,29.606],[-230.257,29.622],[-230.253,29.66],[-230.285,29.655]]]}},{"type":"Feature","properties":{},"geometry":{"type":"Polygon","coordinates":[[[-230.105,29.875],[-230.167,29.873],[-230.138,29.824],[-230.105,29.875]]]}},{"type":"Feature","properties":{},"geometry":{"type":"Polygon","coordinates":[[[-227.758,33.794],[-227.79,33.801],[-227.794,33.782],[-227.744,33.765],[-227.758,33.794]]]}},{"type":"Feature","properties":{},"geometry":{"type":"Polygon","coordinates":[[[-220.731,34.395],[-220.745,34.353],[-220.731,34.323],[-220.702,34.368],[-220.731,34.395]]]}},{"type":"Feature","properties":{},"geometry":{"type":"Polygon","coordinates":[[[-234.011,34.713],[-234.076,34.696],[-234.029,34.655],[-234.011,34.713]]]}},{"type":"Feature","properties":{},"geometry":{"type":"Polygon","coordinates":[[[-233.993,34.78],[-234.011,34.79],[-234.098,34.772],[-234.109,34.736],[-234.069,34.723],[-234.047,34.76],[-233.993,34.78]]]}},{"type":"Feature","properties":{},"geometry":{"type":"Polygon","coordinates":[[[-211.702,-42.305],[-211.752,-42.295],[-211.752,-42.324],[-211.72,-42.329],[-211.702,-42.305]]]}},{"type":"Feature","properties":{},"geometry":{"type":"Polygon","coordinates":[[[-213.372,-38.756],[-213.419,-38.747],[-213.52,-38.766],[-213.462,-38.798],[-213.372,-38.756]]]}},{"type":"Feature","properties":{},"geometry":{"type":"Polygon","coordinates":[[[-223.553,-35.149],[-223.535,-35.173],[-223.503,-35.173],[-223.524,-35.145],[-223.553,-35.149]]]}},{"type":"Feature","properties":{},"geometry":{"type":"Polygon","coordinates":[[[-222.632,-34.472],[-222.664,-34.516],[-222.646,-34.538],[-222.624,-34.499],[-222.632,-34.472]]]}},{"type":"Feature","properties":{},"geometry":{"type":"Polygon","coordinates":[[[-225.454,-33.712],[-225.515,-33.712],[-225.53,-33.768],[-225.458,-33.741],[-225.454,-33.712]]]}},{"type":"Feature","properties":{},"geometry":{"type":"Polygon","coordinates":[[[-226.433,-32.321],[-226.39,-32.307],[-226.401,-32.251],[-226.44,-32.275],[-226.433,-32.321]]]}},{"type":"Feature","properties":{},"geometry":{"type":"Polygon","coordinates":[[[-200.956,-31.518],[-200.923,-31.54],[-200.909,-31.589],[-200.895,-31.567],[-200.931,-31.52],[-200.956,-31.518]]]}},{"type":"Feature","properties":{},"geometry":{"type":"Polygon","coordinates":[[[-192.017,-29.018],[-192.053,-29.001],[-192.082,-29.036],[-192.013,-29.06],[-192.017,-29.018]]]}},{"type":"Feature","properties":{},"geometry":{"type":"Polygon","coordinates":[[[-207.036,-25.269],[-207.047,-25.279],[-207.007,-25.338],[-206.993,-25.328],[-207.036,-25.269]]]}},{"type":"Feature","properties":{},"geometry":{"type":"Polygon","coordinates":[[[-246.849,-24.926],[-246.863,-24.892],[-246.842,-24.801],[-246.867,-24.803],[-246.889,-24.962],[-246.849,-24.926]]]}},{"type":"Feature","properties":{},"geometry":{"type":"Polygon","coordinates":[[[-208.627,-23.82],[-208.656,-23.783],[-208.671,-23.803],[-208.642,-23.847],[-208.627,-23.82]]]}},{"type":"Feature","properties":{},"geometry":{"type":"Polygon","coordinates":[[[-210.273,-22.341],[-210.284,-22.375],[-210.276,-22.441],[-210.248,-22.398],[-210.244,-22.368],[-210.273,-22.341]]]}},{"type":"Feature","properties":{},"geometry":{"type":"Polygon","coordinates":[[[-209.707,-21.742],[-209.657,-21.772],[-209.661,-21.742],[-209.707,-21.742]]]}},{"type":"Feature","properties":{},"geometry":{"type":"Polygon","coordinates":[[[-209.7,-21.679],[-209.693,-21.661],[-209.736,-21.639],[-209.736,-21.671],[-209.7,-21.679]]]}},{"type":"Feature","properties":{},"geometry":{"type":"Polygon","coordinates":[[[-210.906,-20.418],[-210.917,-20.472],[-210.953,-20.494],[-210.946,-20.527],[-210.906,-20.485],[-210.906,-20.418]]]}},{"type":"Feature","properties":{},"geometry":{"type":"Polygon","coordinates":[[[-211.551,-19.965],[-211.551,-20.041],[-211.518,-20.004],[-211.551,-19.965]]]}},{"type":"Feature","properties":{},"geometry":{"type":"Polygon","coordinates":[[[-220.911,-16.828],[-220.886,-16.858],[-220.868,-16.813],[-220.911,-16.828]]]}},{"type":"Feature","properties":{},"geometry":{"type":"Polygon","coordinates":[[[-235.581,-15.254],[-235.628,-15.317],[-235.567,-15.308],[-235.581,-15.254]]]}},{"type":"Feature","properties":{},"geometry":{"type":"Polygon","coordinates":[[[-235.073,-14.974],[-235.102,-14.991],[-235.073,-15.029],[-235.059,-15.014],[-235.073,-14.974]]]}},{"type":"Feature","properties":{},"geometry":{"type":"Polygon","coordinates":[[[-224.234,-14.867],[-224.284,-14.85],[-224.273,-14.896],[-224.234,-14.867]]]}},{"type":"Feature","properties":{},"geometry":{"type":"Polygon","coordinates":[[[-223.19,-13.809],[-223.193,-13.814],[-223.19,-13.814],[-223.19,-13.809]]]}},{"type":"Feature","properties":{},"geometry":{"type":"Polygon","coordinates":[[[-223.182,-12.076],[-223.2,-12.085],[-223.204,-12.108],[-223.175,-12.105],[-223.182,-12.076]]]}},{"type":"Feature","properties":{},"geometry":{"type":"Polygon","coordinates":[[[-227.614,-12.071],[-227.661,-12.098],[-227.614,-12.134],[-227.614,-12.071]]]}},{"type":"Feature","properties":{},"geometry":{"type":"Polygon","coordinates":[[[-223.535,-11.894],[-223.503,-11.816],[-223.521,-11.814],[-223.535,-11.894]]]}},{"type":"Feature","properties":{},"geometry":{"type":"Polygon","coordinates":[[[-223.395,-11.745],[-223.47,-11.799],[-223.42,-11.798],[-223.395,-11.745]]]}},{"type":"Feature","properties":{},"geometry":{"type":"Polygon","coordinates":[[[-200.196,-11.291],[-200.207,-11.303],[-200.146,-11.325],[-200.16,-11.298],[-200.196,-11.291]]]}},{"type":"Feature","properties":{},"geometry":{"type":"Polygon","coordinates":[[[-217.739,-10.578],[-217.725,-10.641],[-217.674,-10.612],[-217.739,-10.578]]]}},{"type":"Feature","properties":{},"geometry":{"type":"Polygon","coordinates":[[[-198.259,-10.273],[-198.231,-10.252],[-198.27,-10.207],[-198.285,-10.219],[-198.259,-10.273]]]}},{"type":"Feature","properties":{},"geometry":{"type":"Polygon","coordinates":[[[-236.535,-10.149],[-236.596,-10.158],[-236.686,-10.285],[-236.575,-10.3],[-236.495,-10.171],[-236.535,-10.149]]]}},{"type":"Feature","properties":{},"geometry":{"type":"Polygon","coordinates":[[[-192.827,-9.886],[-192.809,-9.873],[-192.82,-9.861],[-192.834,-9.869],[-192.827,-9.886]]]}},{"type":"Feature","properties":{},"geometry":{"type":"Polygon","coordinates":[[[-192.91,-9.803],[-192.895,-9.807],[-192.895,-9.802],[-192.91,-9.803]]]}},{"type":"Feature","properties":{},"geometry":{"type":"Polygon","coordinates":[[[-200.171,-9.172],[-200.16,-9.123],[-200.196,-9.13],[-200.171,-9.172]]]}},{"type":"Feature","properties":{},"geometry":{"type":"Polygon","coordinates":[[[-199.923,-9.023],[-199.89,-8.961],[-199.926,-8.951],[-199.923,-9.023]]]}},{"type":"Feature","properties":{},"geometry":{"type":"Polygon","coordinates":[[[-197.262,-8.388],[-197.244,-8.378],[-197.266,-8.373],[-197.262,-8.388]]]}},{"type":"Feature","properties":{},"geometry":{"type":"Polygon","coordinates":[[[-203.188,-8.056],[-203.213,-8.086],[-203.184,-8.111],[-203.159,-8.113],[-203.188,-8.056]]]}},{"type":"Feature","properties":{},"geometry":{"type":"Polygon","coordinates":[[[-182.848,-7.194],[-182.851,-7.188],[-182.851,-7.191],[-182.848,-7.194]]]}},{"type":"Feature","properties":{},"geometry":{"type":"Polygon","coordinates":[[[-183.686,-6.303],[-183.676,-6.289],[-183.679,-6.289],[-183.686,-6.303]]]}},{"type":"Feature","properties":{},"geometry":{"type":"Polygon","coordinates":[[[-182.657,-6.121],[-182.642,-6.119],[-182.65,-6.11],[-182.66,-6.11],[-182.657,-6.121]]]}},{"type":"Feature","properties":{},"geometry":{"type":"Polygon","coordinates":[[[-255.169,-5.759],[-255.23,-5.761],[-255.18,-5.812],[-255.169,-5.759]]]}},{"type":"Feature","properties":{},"geometry":{"type":"Polygon","coordinates":[[[-183.866,-5.693],[-183.852,-5.707],[-183.859,-5.687],[-183.866,-5.693]]]}},{"type":"Feature","properties":{},"geometry":{"type":"Polygon","coordinates":[[[-210.878,-4.883],[-210.845,-4.923],[-210.831,-4.863],[-210.878,-4.883]]]}},{"type":"Feature","properties":{},"geometry":{"type":"Polygon","coordinates":[[[-213.797,-4.825],[-213.768,-4.854],[-213.736,-4.82],[-213.758,-4.787],[-213.797,-4.825]]]}},{"type":"Feature","properties":{},"geometry":{"type":"Polygon","coordinates":[[[-228.266,-4.694],[-228.276,-4.733],[-228.244,-4.736],[-228.266,-4.694]]]}},{"type":"Feature","properties":{},"geometry":{"type":"Polygon","coordinates":[[[-228.395,-4.43],[-228.345,-4.525],[-228.33,-4.489],[-228.366,-4.43],[-228.395,-4.43]]]}},{"type":"Feature","properties":{},"geometry":{"type":"Polygon","coordinates":[[[-228.633,-4.123],[-228.683,-4.087],[-228.705,-4.109],[-228.647,-4.133],[-228.633,-4.123]]]}},{"type":"Feature","properties":{},"geometry":{"type":"Polygon","coordinates":[[[-228.766,-3.988],[-228.784,-4.018],[-228.759,-4.047],[-228.752,-4.003],[-228.766,-3.988]]]}},{"type":"Feature","properties":{},"geometry":{"type":"Polygon","coordinates":[[[-231.203,-3.643],[-231.254,-3.66],[-231.239,-3.699],[-231.189,-3.677],[-231.203,-3.643]]]}},{"type":"Feature","properties":{},"geometry":{"type":"Polygon","coordinates":[[[-206.809,-3.471],[-206.752,-3.498],[-206.766,-3.444],[-206.809,-3.471]]]}},{"type":"Feature","properties":{},"geometry":{"type":"Polygon","coordinates":[[[-206.698,-3.368],[-206.734,-3.404],[-206.651,-3.395],[-206.698,-3.368]]]}},{"type":"Feature","properties":{},"geometry":{"type":"Polygon","coordinates":[[[-205.359,-3.262],[-205.373,-3.226],[-205.405,-3.211],[-205.355,-3.297],[-205.315,-3.35],[-205.297,-3.404],[-205.283,-3.393],[-205.359,-3.262]]]}},{"type":"Feature","properties":{},"geometry":{"type":"Polygon","coordinates":[[[-228.399,-2.635],[-228.377,-2.644],[-228.356,-2.629],[-228.359,-2.613],[-228.399,-2.635]]]}},{"type":"Feature","properties":{},"geometry":{"type":"Polygon","coordinates":[[[-183.215,-2.608],[-183.172,-2.656],[-183.161,-2.634],[-183.215,-2.608]]]}},{"type":"Feature","properties":{},"geometry":{"type":"Polygon","coordinates":[[[-208.019,-2.662],[-207.972,-2.659],[-207.983,-2.603],[-208.041,-2.627],[-208.019,-2.662]]]}},{"type":"Feature","properties":{},"geometry":{"type":"Polygon","coordinates":[[[-184.018,-2.505],[-184.014,-2.51],[-184.007,-2.51],[-184.014,-2.499],[-184.018,-2.505]]]}},{"type":"Feature","properties":{},"geometry":{"type":"Polygon","coordinates":[[[-184.41,-1.874],[-184.417,-1.911],[-184.399,-1.896],[-184.41,-1.874]]]}},{"type":"Feature","properties":{},"geometry":{"type":"Polygon","coordinates":[[[-184.943,-1.436],[-184.946,-1.453],[-184.943,-1.507],[-184.932,-1.497],[-184.932,-1.462],[-184.943,-1.436]]]}},{"type":"Feature","properties":{},"geometry":{"type":"Polygon","coordinates":[[[-183.589,-1.333],[-183.55,-1.425],[-183.542,-1.406],[-183.557,-1.374],[-183.589,-1.333]]]}},{"type":"Feature","properties":{},"geometry":{"type":"Polygon","coordinates":[[[-184.057,-1.284],[-184.043,-1.286],[-184.018,-1.32],[-184.01,-1.306],[-184.021,-1.284],[-184.057,-1.284]]]}},{"type":"Feature","properties":{},"geometry":{"type":"Polygon","coordinates":[[[-237.784,-0.248],[-237.824,-0.197],[-237.853,-0.244],[-237.784,-0.248]]]}},{"type":"Feature","properties":{},"geometry":{"type":"Polygon","coordinates":[[[-186.379,0.134],[-186.361,0.176],[-186.386,0.156],[-186.379,0.134]]]}},{"type":"Feature","properties":{},"geometry":{"type":"Polygon","coordinates":[[[-255.594,0.338],[-255.648,0.372],[-255.626,0.325],[-255.594,0.338]]]}},{"type":"Feature","properties":{},"geometry":{"type":"Polygon","coordinates":[[[-186.167,0.448],[-186.167,0.436],[-186.131,0.419],[-186.077,0.38],[-186.084,0.399],[-186.109,0.418],[-186.167,0.448]]]}},{"type":"Feature","properties":{},"geometry":{"type":"Polygon","coordinates":[[[-255.784,0.708],[-255.748,0.668],[-255.723,0.625],[-255.712,0.651],[-255.73,0.674],[-255.784,0.708]]]}},{"type":"Feature","properties":{},"geometry":{"type":"Polygon","coordinates":[[[-187.016,0.831],[-187.013,0.83],[-187.009,0.825],[-187.009,0.833],[-187.016,0.831]]]}},{"type":"Feature","properties":{},"geometry":{"type":"Polygon","coordinates":[[[-187.016,0.831],[-187.024,0.836],[-187.024,0.84],[-187.031,0.84],[-187.024,0.831],[-187.016,0.831]]]}},{"type":"Feature","properties":{},"geometry":{"type":"Polygon","coordinates":[[[-187.016,1.53],[-187.027,1.59],[-187.038,1.561],[-187.031,1.537],[-187.016,1.53]]]}},{"type":"Feature","properties":{},"geometry":{"type":"Polygon","coordinates":[[[-191.315,4.573],[-191.283,4.575],[-191.265,4.59],[-191.315,4.573]]]}},{"type":"Feature","properties":{},"geometry":{"type":"Polygon","coordinates":[[[-187.97,6.054],[-188.035,6.063],[-188.039,6.052],[-187.97,6.054]]]}},{"type":"Feature","properties":{},"geometry":{"type":"Polygon","coordinates":[[[-191.423,7.403],[-191.437,7.464],[-191.445,7.43],[-191.423,7.403]]]}},{"type":"Feature","properties":{},"geometry":{"type":"Polygon","coordinates":[[[-242.968,8.069],[-242.932,8.085],[-242.943,8.124],[-242.99,8.097],[-242.968,8.069]]]}},{"type":"Feature","properties":{},"geometry":{"type":"Polygon","coordinates":[[[-242.831,8.178],[-242.839,8.156],[-242.813,8.15],[-242.81,8.177],[-242.831,8.178]]]}},{"type":"Feature","properties":{},"geometry":{"type":"Polygon","coordinates":[[[-242.756,8.315],[-242.81,8.3],[-242.785,8.264],[-242.756,8.315]]]}},{"type":"Feature","properties":{},"geometry":{"type":"Polygon","coordinates":[[[-238.159,20.346],[-238.148,20.274],[-238.108,20.297],[-238.159,20.346]]]}},{"type":"Feature","properties":{},"geometry":{"type":"Polygon","coordinates":[[[-219.129,27.219],[-219.122,27.232],[-219.132,27.234],[-219.129,27.219]]]}},{"type":"Feature","properties":{},"geometry":{"type":"Polygon","coordinates":[[[-244.34,-32.15],[-244.354,-32.163],[-244.34,-32.233],[-244.318,-32.239],[-244.34,-32.15]]]}},{"type":"Feature","properties":{},"geometry":{"type":"Polygon","coordinates":[[[-193.198,-22.398],[-193.198,-22.446],[-193.158,-22.412],[-193.198,-22.398]]]}},{"type":"Feature","properties":{},"geometry":{"type":"Polygon","coordinates":[[[-193.576,-20.72],[-193.601,-20.722],[-193.583,-20.74],[-193.576,-20.72]]]}},{"type":"Feature","properties":{},"geometry":{"type":"Polygon","coordinates":[[[-195.775,-20.137],[-195.829,-20.061],[-195.829,-20.124],[-195.775,-20.137]]]}},{"type":"Feature","properties":{},"geometry":{"type":"Polygon","coordinates":[[[-180.223,-19.123],[-180.256,-19.19],[-180.198,-19.185],[-180.223,-19.123]]]}},{"type":"Feature","properties":{},"geometry":{"type":"Polygon","coordinates":[[[-181.472,-18.876],[-181.505,-18.863],[-181.526,-18.906],[-181.49,-18.927],[-181.472,-18.876]]]}},{"type":"Feature","properties":{},"geometry":{"type":"Polygon","coordinates":[[[-182.351,-18.493],[-182.38,-18.505],[-182.365,-18.562],[-182.336,-18.589],[-182.351,-18.493]]]}},{"type":"Feature","properties":{},"geometry":{"type":"Polygon","coordinates":[[[-181.879,-18.369],[-181.872,-18.415],[-181.847,-18.398],[-181.85,-18.358],[-181.879,-18.369]]]}},{"type":"Feature","properties":{},"geometry":{"type":"Polygon","coordinates":[[[-180.569,-17.794],[-180.605,-17.807],[-180.569,-17.841],[-180.569,-17.794]]]}},{"type":"Feature","properties":{},"geometry":{"type":"Polygon","coordinates":[[[-181.274,-17.724],[-181.282,-17.73],[-181.264,-17.768],[-181.246,-17.777],[-181.238,-17.762],[-181.256,-17.75],[-181.274,-17.724]]]}},{"type":"Feature","properties":{},"geometry":{"type":"Polygon","coordinates":[[[-180.994,-17.621],[-180.961,-17.642],[-180.979,-17.601],[-180.994,-17.621]]]}},{"type":"Feature","properties":{},"geometry":{"type":"Polygon","coordinates":[[[-191.794,-17.581],[-191.776,-17.561],[-191.718,-17.53],[-191.725,-17.51],[-191.761,-17.522],[-191.794,-17.551],[-191.794,-17.581]]]}},{"type":"Feature","properties":{},"geometry":{"type":"Polygon","coordinates":[[[-191.679,-17.448],[-191.643,-17.485],[-191.635,-17.444],[-191.661,-17.414],[-191.679,-17.448]]]}},{"type":"Feature","properties":{},"geometry":{"type":"Polygon","coordinates":[[[-182.905,-17.245],[-182.887,-17.311],[-182.837,-17.265],[-182.905,-17.245]]]}},{"type":"Feature","properties":{},"geometry":{"type":"Polygon","coordinates":[[[-191.61,-17.068],[-191.61,-17.041],[-191.661,-17.066],[-191.625,-17.086],[-191.61,-17.068]]]}},{"type":"Feature","properties":{},"geometry":{"type":"Polygon","coordinates":[[[-191.441,-16.944],[-191.401,-16.895],[-191.466,-16.894],[-191.441,-16.944]]]}},{"type":"Feature","properties":{},"geometry":{"type":"Polygon","coordinates":[[[-182.556,-16.868],[-182.628,-16.902],[-182.606,-16.931],[-182.588,-16.892],[-182.556,-16.868]]]}},{"type":"Feature","properties":{},"geometry":{"type":"Polygon","coordinates":[[[-181.667,-16.794],[-181.721,-16.787],[-181.717,-16.823],[-181.667,-16.829],[-181.667,-16.794]]]}},{"type":"Feature","properties":{},"geometry":{"type":"Polygon","coordinates":[[[-180.083,-16.656],[-180.065,-16.654],[-180.054,-16.618],[-180.09,-16.632],[-180.083,-16.656]]]}},{"type":"Feature","properties":{},"geometry":{"type":"Polygon","coordinates":[[[-181.411,-16.573],[-181.44,-16.588],[-181.408,-16.596],[-181.411,-16.573]]]}},{"type":"Feature","properties":{},"geometry":{"type":"Polygon","coordinates":[[[-191.671,-16.539],[-191.639,-16.514],[-191.675,-16.492],[-191.704,-16.499],[-191.671,-16.539]]]}},{"type":"Feature","properties":{},"geometry":{"type":"Polygon","coordinates":[[[-191.756,-16.492],[-191.747,-16.444],[-191.776,-16.441],[-191.795,-16.492],[-191.756,-16.492]]]}},{"type":"Feature","properties":{},"geometry":{"type":"Polygon","coordinates":[[[-180.637,-16.326],[-180.673,-16.326],[-180.655,-16.34],[-180.623,-16.34],[-180.637,-16.326]]]}},{"type":"Feature","properties":{},"geometry":{"type":"Polygon","coordinates":[[[-192.795,-15.75],[-192.766,-15.641],[-192.874,-15.622],[-192.899,-15.712],[-192.795,-15.75]]]}},{"type":"Feature","properties":{},"geometry":{"type":"Polygon","coordinates":[[[-192.877,-14.964],[-192.859,-14.953],[-192.885,-14.933],[-192.899,-14.94],[-192.877,-14.964]]]}},{"type":"Feature","properties":{},"geometry":{"type":"Polygon","coordinates":[[[-192.298,-13.62],[-192.366,-13.684],[-192.287,-13.668],[-192.298,-13.62]]]}},{"type":"Feature","properties":{},"geometry":{"type":"Polygon","coordinates":[[[-192.672,-13.51],[-192.683,-13.552],[-192.643,-13.554],[-192.64,-13.525],[-192.672,-13.51]]]}},{"type":"Feature","properties":{},"geometry":{"type":"Polygon","coordinates":[[[-193.425,-13.236],[-193.389,-13.268],[-193.356,-13.248],[-193.367,-13.216],[-193.425,-13.236]]]}},{"type":"Feature","properties":{},"geometry":{"type":"Polygon","coordinates":[[[-237.64,-8.432],[-237.647,-8.479],[-237.59,-8.486],[-237.59,-8.444],[-237.64,-8.432]]]}},{"type":"Feature","properties":{},"geometry":{"type":"Polygon","coordinates":[[[-238.288,-8.289],[-238.306,-8.344],[-238.256,-8.334],[-238.288,-8.289]]]}},{"type":"Feature","properties":{},"geometry":{"type":"Polygon","coordinates":[[[-201.715,-7.412],[-201.751,-7.395],[-201.784,-7.439],[-201.751,-7.473],[-201.715,-7.412]]]}},{"type":"Feature","properties":{},"geometry":{"type":"Polygon","coordinates":[[[-205.809,-4.464],[-205.816,-4.472],[-205.773,-4.503],[-205.78,-4.476],[-205.809,-4.464]]]}},{"type":"Feature","properties":{},"geometry":{"type":"Polygon","coordinates":[[[-205.848,-4.439],[-205.848,-4.38],[-205.866,-4.378],[-205.848,-4.439]]]}},{"type":"Feature","properties":{},"geometry":{"type":"Polygon","coordinates":[[[-207.515,-4.136],[-207.558,-4.169],[-207.508,-4.211],[-207.493,-4.172],[-207.515,-4.136]]]}},{"type":"Feature","properties":{},"geometry":{"type":"Polygon","coordinates":[[[-206.28,-4],[-206.313,-4.017],[-206.266,-4.04],[-206.251,-4.015],[-206.28,-4]]]}},{"type":"Feature","properties":{},"geometry":{"type":"Polygon","coordinates":[[[-238.781,5.821],[-238.821,5.846],[-238.857,5.835],[-238.839,5.787],[-238.781,5.821]]]}},{"type":"Feature","properties":{},"geometry":{"type":"Polygon","coordinates":[[[-238.371,6.657],[-238.418,6.632],[-238.371,6.589],[-238.371,6.657]]]}},{"type":"Feature","properties":{},"geometry":{"type":"Polygon","coordinates":[[[-225.728,7.074],[-225.764,7.008],[-225.72,7.02],[-225.728,7.074]]]}},{"type":"Feature","properties":{},"geometry":{"type":"Polygon","coordinates":[[[-225.537,7.294],[-225.616,7.238],[-225.54,7.256],[-225.537,7.294]]]}},{"type":"Feature","properties":{},"geometry":{"type":"Polygon","coordinates":[[[-225.53,7.363],[-225.508,7.342],[-225.497,7.319],[-225.472,7.332],[-225.486,7.348],[-225.53,7.363]]]}},{"type":"Feature","properties":{},"geometry":{"type":"Polygon","coordinates":[[[-238.594,12.062],[-238.634,12.111],[-238.637,12.027],[-238.594,12.062]]]}},{"type":"Feature","properties":{},"geometry":{"type":"Polygon","coordinates":[[[-248.804,15.775],[-248.793,15.782],[-248.8,15.789],[-248.804,15.775]]]}},{"type":"Feature","properties":{},"geometry":{"type":"Polygon","coordinates":[[[-248.235,16.044],[-248.239,16.049],[-248.246,16.045],[-248.235,16.044]]]}},{"type":"Feature","properties":{},"geometry":{"type":"Polygon","coordinates":[[[-232.19,26.736],[-232.233,26.734],[-232.24,26.712],[-232.19,26.707],[-232.19,26.736]]]}},{"type":"Feature","properties":{},"geometry":{"type":"Polygon","coordinates":[[[-232.006,27.092],[-232.064,27.025],[-232.049,27.018],[-232.006,27.067],[-232.006,27.092]]]}},{"type":"Feature","properties":{},"geometry":{"type":"Polygon","coordinates":[[[-229.781,30.471],[-229.828,30.454],[-229.788,30.42],[-229.738,30.447],[-229.781,30.471]]]}},{"type":"Feature","properties":{},"geometry":{"type":"Polygon","coordinates":[[[-205.607,-21.031],[-205.607,-21.029],[-205.611,-21.029],[-205.607,-21.031]]]}},{"type":"Feature","properties":{},"geometry":{"type":"Polygon","coordinates":[[[-193.327,-13.456],[-193.313,-13.424],[-193.342,-13.415],[-193.327,-13.456]]]}},{"type":"Feature","properties":{},"geometry":{"type":"Polygon","coordinates":[[[-191.189,-12.267],[-191.196,-12.291],[-191.175,-12.282],[-191.189,-12.267]]]}},{"type":"Feature","properties":{},"geometry":{"type":"Polygon","coordinates":[[[-207.904,-10.403],[-207.893,-10.401],[-207.889,-10.391],[-207.9,-10.391],[-207.904,-10.403]]]}},{"type":"Feature","properties":{},"geometry":{"type":"Polygon","coordinates":[[[-194.256,-10.421],[-194.253,-10.394],[-194.278,-10.401],[-194.256,-10.421]]]}},{"type":"Feature","properties":{},"geometry":{"type":"Polygon","coordinates":[[[-208.131,-10.345],[-208.123,-10.334],[-208.131,-10.339],[-208.131,-10.345]]]}},{"type":"Feature","properties":{},"geometry":{"type":"Polygon","coordinates":[[[-208.149,-10.259],[-208.145,-10.264],[-208.134,-10.254],[-208.138,-10.251],[-208.149,-10.259]]]}},{"type":"Feature","properties":{},"geometry":{"type":"Polygon","coordinates":[[[-180.094,-9.4],[-180.097,-9.388],[-180.101,-9.386],[-180.097,-9.4],[-180.094,-9.4]]]}},{"type":"Feature","properties":{},"geometry":{"type":"Polygon","coordinates":[[[-180.133,-9.344],[-180.122,-9.361],[-180.126,-9.347],[-180.133,-9.344]]]}},{"type":"Feature","properties":{},"geometry":{"type":"Polygon","coordinates":[[[-199.365,-7.892],[-199.393,-7.888],[-199.368,-7.927],[-199.365,-7.892]]]}},{"type":"Feature","properties":{},"geometry":{"type":"Polygon","coordinates":[[[-229.932,-7.762],[-229.968,-7.762],[-229.968,-7.775],[-229.918,-7.787],[-229.932,-7.762]]]}},{"type":"Feature","properties":{},"geometry":{"type":"Polygon","coordinates":[[[-229.994,-7.725],[-229.997,-7.706],[-230.023,-7.713],[-230.005,-7.748],[-229.994,-7.725]]]}},{"type":"Feature","properties":{},"geometry":{"type":"Polygon","coordinates":[[[-230.325,-7.571],[-230.311,-7.559],[-230.336,-7.537],[-230.347,-7.561],[-230.325,-7.571]]]}},{"type":"Feature","properties":{},"geometry":{"type":"Polygon","coordinates":[[[-230.876,-6.994],[-230.851,-6.992],[-230.854,-6.961],[-230.883,-6.973],[-230.876,-6.994]]]}},{"type":"Feature","properties":{},"geometry":{"type":"Polygon","coordinates":[[[-230.516,-6.755],[-230.487,-6.769],[-230.469,-6.732],[-230.512,-6.728],[-230.516,-6.755]]]}},{"type":"Feature","properties":{},"geometry":{"type":"Polygon","coordinates":[[[-229.986,-6.328],[-229.979,-6.313],[-229.997,-6.306],[-230.001,-6.316],[-229.986,-6.328]]]}},{"type":"Feature","properties":{},"geometry":{"type":"Polygon","coordinates":[[[-232.449,-5.513],[-232.438,-5.518],[-232.445,-5.506],[-232.449,-5.513]]]}},{"type":"Feature","properties":{},"geometry":{"type":"Polygon","coordinates":[[[-232.445,-5.491],[-232.453,-5.496],[-232.442,-5.499],[-232.445,-5.491]]]}},{"type":"Feature","properties":{},"geometry":{"type":"Polygon","coordinates":[[[-232.211,-5.41],[-232.197,-5.408],[-232.201,-5.4],[-232.211,-5.41]]]}},{"type":"Feature","properties":{},"geometry":{"type":"Polygon","coordinates":[[[-232.222,-5.349],[-232.215,-5.352],[-232.222,-5.342],[-232.222,-5.349]]]}},{"type":"Feature","properties":{},"geometry":{"type":"Polygon","coordinates":[[[-228.014,-5.318],[-228.039,-5.344],[-227.999,-5.372],[-227.985,-5.33],[-228.014,-5.318]]]}},{"type":"Feature","properties":{},"geometry":{"type":"Polygon","coordinates":[[[-230.242,-4.523],[-230.231,-4.54],[-230.221,-4.525],[-230.242,-4.523]]]}},{"type":"Feature","properties":{},"geometry":{"type":"Polygon","coordinates":[[[-215.399,-3.5],[-215.399,-3.518],[-215.381,-3.508],[-215.399,-3.5]]]}},{"type":"Feature","properties":{},"geometry":{"type":"Polygon","coordinates":[[[-215.939,-3.214],[-215.885,-3.248],[-215.867,-3.23],[-215.903,-3.189],[-215.939,-3.214]]]}},{"type":"Feature","properties":{},"geometry":{"type":"Polygon","coordinates":[[[-217.181,-1.734],[-217.142,-1.705],[-217.167,-1.696],[-217.181,-1.734]]]}},{"type":"Feature","properties":{},"geometry":{"type":"Polygon","coordinates":[[[-225.688,0.757],[-225.677,0.73],[-225.652,0.752],[-225.688,0.757]]]}},{"type":"Feature","properties":{},"geometry":{"type":"Polygon","coordinates":[[[-205.193,0.928],[-205.197,0.917],[-205.186,0.917],[-205.193,0.928]]]}},{"type":"Feature","properties":{},"geometry":{"type":"Polygon","coordinates":[[[-205.287,0.965],[-205.272,0.961],[-205.269,0.966],[-205.279,0.97],[-205.287,0.965]]]}},{"type":"Feature","properties":{},"geometry":{"type":"Polygon","coordinates":[[[-205.207,0.971],[-205.215,0.975],[-205.222,0.968],[-205.207,0.963],[-205.207,0.971]]]}},{"type":"Feature","properties":{},"geometry":{"type":"Polygon","coordinates":[[[-228.762,1.019],[-228.755,1.029],[-228.755,1.036],[-228.762,1.026],[-228.762,1.019]]]}},{"type":"Feature","properties":{},"geometry":{"type":"Polygon","coordinates":[[[-228.744,1.069],[-228.748,1.053],[-228.734,1.053],[-228.73,1.073],[-228.744,1.069]]]}},{"type":"Feature","properties":{},"geometry":{"type":"Polygon","coordinates":[[[-233.605,1.34],[-233.648,1.336],[-233.619,1.284],[-233.605,1.34]]]}},{"type":"Feature","properties":{},"geometry":{"type":"Polygon","coordinates":[[[-186.71,2.034],[-186.71,2.05],[-186.732,2.059],[-186.736,2.044],[-186.71,2.034]]]}},{"type":"Feature","properties":{},"geometry":{"type":"Polygon","coordinates":[[[-234.652,2.108],[-234.652,2.071],[-234.605,2.105],[-234.652,2.108]]]}},{"type":"Feature","properties":{},"geometry":{"type":"Polygon","coordinates":[[[-205.121,3.753],[-205.107,3.763],[-205.107,3.78],[-205.125,3.768],[-205.121,3.753]]]}},{"type":"Feature","properties":{},"geometry":{"type":"Polygon","coordinates":[[[-205.211,3.791],[-205.229,3.781],[-205.225,3.766],[-205.207,3.776],[-205.211,3.791]]]}},{"type":"Feature","properties":{},"geometry":{"type":"Polygon","coordinates":[[[-227.78,5.293],[-227.772,5.304],[-227.787,5.308],[-227.78,5.293]]]}},{"type":"Feature","properties":{},"geometry":{"type":"Polygon","coordinates":[[[-206.331,5.286],[-206.291,5.306],[-206.316,5.309],[-206.331,5.286]]]}},{"type":"Feature","properties":{},"geometry":{"type":"Polygon","coordinates":[[[-233.41,5.558],[-233.403,5.549],[-233.396,5.564],[-233.403,5.566],[-233.41,5.558]]]}},{"type":"Feature","properties":{},"geometry":{"type":"Polygon","coordinates":[[[-190.887,5.639],[-190.879,5.647],[-190.883,5.649],[-190.887,5.639]]]}},{"type":"Feature","properties":{},"geometry":{"type":"Polygon","coordinates":[[[-202.839,5.775],[-202.835,5.779],[-202.839,5.781],[-202.842,5.777],[-202.839,5.775]]]}},{"type":"Feature","properties":{},"geometry":{"type":"Polygon","coordinates":[[[-210.683,6.697],[-210.676,6.708],[-210.683,6.709],[-210.683,6.697]]]}},{"type":"Feature","properties":{},"geometry":{"type":"Polygon","coordinates":[[[-202.065,6.718],[-202.054,6.723],[-202.061,6.728],[-202.065,6.718]]]}},{"type":"Feature","properties":{},"geometry":{"type":"Polygon","coordinates":[[[-225.839,6.885],[-225.821,6.909],[-225.839,6.936],[-225.864,6.919],[-225.839,6.885]]]}},{"type":"Feature","properties":{},"geometry":{"type":"Polygon","coordinates":[[[-188.208,7.055],[-188.23,7.028],[-188.222,7.028],[-188.204,7.05],[-188.208,7.055]]]}},{"type":"Feature","properties":{},"geometry":{"type":"Polygon","coordinates":[[[-208.141,7.317],[-208.134,7.351],[-208.145,7.354],[-208.141,7.317]]]}},{"type":"Feature","properties":{},"geometry":{"type":"Polygon","coordinates":[[[-210.813,7.371],[-210.813,7.381],[-210.82,7.381],[-210.813,7.371]]]}},{"type":"Feature","properties":{},"geometry":{"type":"Polygon","coordinates":[[[-191.031,7.584],[-191.034,7.596],[-191.038,7.592],[-191.031,7.584]]]}},{"type":"Feature","properties":{},"geometry":{"type":"Polygon","coordinates":[[[-192.597,8.318],[-192.6,8.31],[-192.593,8.307],[-192.597,8.318]]]}},{"type":"Feature","properties":{},"geometry":{"type":"Polygon","coordinates":[[[-209.592,8.575],[-209.589,8.582],[-209.596,8.585],[-209.592,8.575]]]}},{"type":"Feature","properties":{},"geometry":{"type":"Polygon","coordinates":[[[-210.33,8.575],[-210.316,8.594],[-210.334,8.604],[-210.33,8.575]]]}},{"type":"Feature","properties":{},"geometry":{"type":"Polygon","coordinates":[[[-192.269,8.725],[-192.258,8.737],[-192.269,8.736],[-192.269,8.725]]]}},{"type":"Feature","properties":{},"geometry":{"type":"Polygon","coordinates":[[[-240.041,8.881],[-240.041,8.877],[-240.038,8.877],[-240.041,8.881]]]}},{"type":"Feature","properties":{},"geometry":{"type":"Polygon","coordinates":[[[-240.031,8.881],[-240.027,8.882],[-240.031,8.884],[-240.031,8.881]]]}},{"type":"Feature","properties":{},"geometry":{"type":"Polygon","coordinates":[[[-240.034,8.886],[-240.034,8.888],[-240.038,8.888],[-240.034,8.886]]]}},{"type":"Feature","properties":{},"geometry":{"type":"Polygon","coordinates":[[[-240.031,8.891],[-240.034,8.891],[-240.034,8.889],[-240.031,8.889],[-240.031,8.891]]]}},{"type":"Feature","properties":{},"geometry":{"type":"Polygon","coordinates":[[[-189.148,8.898],[-189.158,8.899],[-189.162,8.888],[-189.155,8.886],[-189.148,8.898]]]}},{"type":"Feature","properties":{},"geometry":{"type":"Polygon","coordinates":[[[-209.88,8.977],[-209.869,8.98],[-209.877,8.985],[-209.88,8.977]]]}},{"type":"Feature","properties":{},"geometry":{"type":"Polygon","coordinates":[[[-189.76,9.45],[-189.752,9.458],[-189.76,9.467],[-189.76,9.45]]]}},{"type":"Feature","properties":{},"geometry":{"type":"Polygon","coordinates":[[[-219.485,9.767],[-219.474,9.764],[-219.467,9.772],[-219.478,9.774],[-219.485,9.767]]]}},{"type":"Feature","properties":{},"geometry":{"type":"Polygon","coordinates":[[[-244.631,10.237],[-244.631,10.238],[-244.635,10.238],[-244.631,10.237]]]}},{"type":"Feature","properties":{},"geometry":{"type":"Polygon","coordinates":[[[-189.126,10.274],[-189.122,10.276],[-189.122,10.287],[-189.126,10.287],[-189.126,10.274]]]}},{"type":"Feature","properties":{},"geometry":{"type":"Polygon","coordinates":[[[-251.058,10.552],[-251.076,10.531],[-251.061,10.504],[-251.04,10.504],[-251.04,10.537],[-251.058,10.552]]]}},{"type":"Feature","properties":{},"geometry":{"type":"Polygon","coordinates":[[[-194.461,11.633],[-194.447,11.62],[-194.454,11.631],[-194.461,11.633]]]}},{"type":"Feature","properties":{},"geometry":{"type":"Polygon","coordinates":[[[-194.717,11.696],[-194.71,11.706],[-194.717,11.709],[-194.717,11.696]]]}},{"type":"Feature","properties":{},"geometry":{"type":"Polygon","coordinates":[[[-238.277,12.915],[-238.281,12.947],[-238.31,12.947],[-238.317,12.92],[-238.277,12.915]]]}},{"type":"Feature","properties":{},"geometry":{"type":"Polygon","coordinates":[[[-238.911,13.531],[-238.922,13.572],[-238.958,13.562],[-238.911,13.531]]]}},{"type":"Feature","properties":{},"geometry":{"type":"Polygon","coordinates":[[[-190.991,14.61],[-191.013,14.586],[-191.002,14.593],[-190.991,14.603],[-190.991,14.61]]]}},{"type":"Feature","properties":{},"geometry":{"type":"Polygon","coordinates":[[[-214.211,16.675],[-214.197,16.694],[-214.215,16.701],[-214.233,16.696],[-214.211,16.675]]]}},{"type":"Feature","properties":{},"geometry":{"type":"Polygon","coordinates":[[[-214.146,17.287],[-214.132,17.302],[-214.15,17.31],[-214.164,17.305],[-214.146,17.287]]]}},{"type":"Feature","properties":{},"geometry":{"type":"Polygon","coordinates":[[[-214.146,17.567],[-214.15,17.607],[-214.172,17.594],[-214.146,17.567]]]}},{"type":"Feature","properties":{},"geometry":{"type":"Polygon","coordinates":[[[-193.381,19.282],[-193.356,19.276],[-193.349,19.284],[-193.353,19.298],[-193.363,19.286],[-193.381,19.282]]]}},{"type":"Feature","properties":{},"geometry":{"type":"Polygon","coordinates":[[[-214.593,19.652],[-214.589,19.684],[-214.618,19.672],[-214.593,19.652]]]}},{"type":"Feature","properties":{},"geometry":{"type":"Polygon","coordinates":[[[-214.748,20.01],[-214.733,20.017],[-214.73,20.036],[-214.755,20.03],[-214.748,20.01]]]}},{"type":"Feature","properties":{},"geometry":{"type":"Polygon","coordinates":[[[-215.086,20.517],[-215.068,20.537],[-215.079,20.556],[-215.097,20.54],[-215.086,20.517]]]}},{"type":"Feature","properties":{},"geometry":{"type":"Polygon","coordinates":[[[-250.899,21.022],[-250.874,21.032],[-250.878,21.066],[-250.91,21.042],[-250.899,21.022]]]}},{"type":"Feature","properties":{},"geometry":{"type":"Polygon","coordinates":[[[-238.065,21.066],[-238.065,21.074],[-238.069,21.064],[-238.065,21.066]]]}},{"type":"Feature","properties":{},"geometry":{"type":"Polygon","coordinates":[[[-238.054,21.116],[-238.051,21.106],[-238.047,21.118],[-238.054,21.116]]]}},{"type":"Feature","properties":{},"geometry":{"type":"Polygon","coordinates":[[[-238.54,22.66],[-238.504,22.634],[-238.504,22.678],[-238.54,22.66]]]}},{"type":"Feature","properties":{},"geometry":{"type":"Polygon","coordinates":[[[-218.546,24.223],[-218.538,24.211],[-218.528,24.22],[-218.531,24.227],[-218.546,24.223]]]}},{"type":"Feature","properties":{},"geometry":{"type":"Polygon","coordinates":[[[-206.028,24.289],[-206.017,24.282],[-206.017,24.296],[-206.028,24.289]]]}},{"type":"Feature","properties":{},"geometry":{"type":"Polygon","coordinates":[[[-218.711,25.417],[-218.7,25.436],[-218.726,25.451],[-218.726,25.427],[-218.711,25.417]]]}},{"type":"Feature","properties":{},"geometry":{"type":"Polygon","coordinates":[[[-228.708,25.951],[-228.69,25.924],[-228.68,25.947],[-228.708,25.951]]]}},{"type":"Feature","properties":{},"geometry":{"type":"Polygon","coordinates":[[[-232.777,26.599],[-232.784,26.577],[-232.762,26.579],[-232.759,26.597],[-232.777,26.599]]]}},{"type":"Feature","properties":{},"geometry":{"type":"Polygon","coordinates":[[[-231.545,27.048],[-231.571,27.067],[-231.599,27.036],[-231.567,27.021],[-231.545,27.048]]]}},{"type":"Feature","properties":{},"geometry":{"type":"Polygon","coordinates":[[[-217.811,27.146],[-217.797,27.163],[-217.815,27.175],[-217.811,27.146]]]}},{"type":"Feature","properties":{},"geometry":{"type":"Polygon","coordinates":[[[-217.804,27.599],[-217.808,27.616],[-217.822,27.612],[-217.804,27.599]]]}},{"type":"Feature","properties":{},"geometry":{"type":"Polygon","coordinates":[[[-217.919,27.717],[-217.916,27.725],[-217.923,27.727],[-217.919,27.717]]]}},{"type":"Feature","properties":{},"geometry":{"type":"Polygon","coordinates":[[[-231.765,27.867],[-231.769,27.854],[-231.758,27.857],[-231.765,27.867]]]}},{"type":"Feature","properties":{},"geometry":{"type":"Polygon","coordinates":[[[-230.408,29.449],[-230.386,29.443],[-230.39,29.466],[-230.408,29.449]]]}},{"type":"Feature","properties":{},"geometry":{"type":"Polygon","coordinates":[[[-230.473,29.902],[-230.462,29.89],[-230.447,29.893],[-230.458,29.909],[-230.473,29.902]]]}},{"type":"Feature","properties":{},"geometry":{"type":"Polygon","coordinates":[[[-230.055,29.966],[-230.077,30.005],[-230.102,29.976],[-230.055,29.966]]]}},{"type":"Feature","properties":{},"geometry":{"type":"Polygon","coordinates":[[[-219.694,30.491],[-219.694,30.474],[-219.672,30.484],[-219.694,30.491]]]}},{"type":"Feature","properties":{},"geometry":{"type":"Polygon","coordinates":[[[-230.573,30.846],[-230.57,30.841],[-230.566,30.844],[-230.57,30.847],[-230.573,30.846]]]}},{"type":"Feature","properties":{},"geometry":{"type":"Polygon","coordinates":[[[-230.055,30.844],[-230.095,30.834],[-230.073,30.814],[-230.055,30.844]]]}},{"type":"Feature","properties":{},"geometry":{"type":"Polygon","coordinates":[[[-219.957,31.445],[-219.96,31.447],[-219.96,31.444],[-219.957,31.445]]]}},{"type":"Feature","properties":{},"geometry":{"type":"Polygon","coordinates":[[[-220.245,32.452],[-220.227,32.442],[-220.241,32.47],[-220.245,32.452]]]}},{"type":"Feature","properties":{},"geometry":{"type":"Polygon","coordinates":[[[-220.378,33.885],[-220.407,33.895],[-220.407,33.855],[-220.378,33.857],[-220.378,33.885]]]}},{"type":"Feature","properties":{},"geometry":{"type":"Polygon","coordinates":[[[-232.69,34.02],[-232.705,34.037],[-232.701,34.057],[-232.719,34.057],[-232.723,34.044],[-232.705,34.014],[-232.69,34.02]]]}},{"type":"Feature","properties":{},"geometry":{"type":"Polygon","coordinates":[[[-232.467,34.451],[-232.543,34.473],[-232.528,34.434],[-232.489,34.419],[-232.467,34.451]]]}},{"type":"Feature","properties":{},"geometry":{"type":"Polygon","coordinates":[[[-232.219,34.507],[-232.251,34.551],[-232.269,34.508],[-232.219,34.507]]]}},{"type":"Feature","properties":{},"geometry":{"type":"Polygon","coordinates":[[[-233.9,34.596],[-233.947,34.549],[-233.9,34.559],[-233.9,34.596]]]}},{"type":"Feature","properties":{},"geometry":{"type":"Polygon","coordinates":[[[-233.961,34.569],[-233.939,34.584],[-233.972,34.635],[-233.983,34.606],[-233.961,34.569]]]}},{"type":"Feature","properties":{},"geometry":{"type":"Polygon","coordinates":[[[-234.555,34.689],[-234.587,34.692],[-234.609,34.647],[-234.591,34.628],[-234.555,34.689]]]}},{"type":"Feature","properties":{},"geometry":{"type":"Polygon","coordinates":[[[-233.752,34.917],[-233.752,34.936],[-233.77,34.936],[-233.774,34.914],[-233.752,34.917]]]}},{"type":"Feature","properties":{},"geometry":{"type":"Polygon","coordinates":[[[-231.162,35],[-231.176,35],[-231.175,34.993],[-231.162,35]]]}},{"type":"Feature","properties":{},"geometry":{"type":"Polygon","coordinates":[[[-244.509,-31.996],[-244.509,-32.02],[-244.484,-32.025],[-244.477,-31.995],[-244.509,-31.996]]]}},{"type":"Feature","properties":{},"geometry":{"type":"Polygon","coordinates":[[[-246.32,-28.452],[-246.305,-28.484],[-246.269,-28.444],[-246.32,-28.452]]]}},{"type":"Feature","properties":{},"geometry":{"type":"Polygon","coordinates":[[[-193.014,-11.615],[-193.057,-11.625],[-193.054,-11.654],[-193.021,-11.639],[-193.014,-11.615]]]}},{"type":"Feature","properties":{},"geometry":{"type":"Polygon","coordinates":[[[-238.385,-10.602],[-238.436,-10.604],[-238.425,-10.639],[-238.385,-10.602]]]}},{"type":"Feature","properties":{},"geometry":{"type":"Polygon","coordinates":[[[-208.977,-9.64],[-209.002,-9.58],[-209.045,-9.607],[-208.977,-9.64]]]}},{"type":"Feature","properties":{},"geometry":{"type":"Polygon","coordinates":[[[-216.184,-8.495],[-216.22,-8.513],[-216.206,-8.539],[-216.177,-8.51],[-216.184,-8.495]]]}},{"type":"Feature","properties":{},"geometry":{"type":"Polygon","coordinates":[[[-203.454,-7.792],[-203.483,-7.809],[-203.465,-7.828],[-203.443,-7.818],[-203.454,-7.792]]]}},{"type":"Feature","properties":{},"geometry":{"type":"Polygon","coordinates":[[[-249.567,-5.837],[-249.571,-5.874],[-249.535,-5.857],[-249.567,-5.837]]]}},{"type":"Feature","properties":{},"geometry":{"type":"Polygon","coordinates":[[[-225.789,-5.759],[-225.832,-5.768],[-225.821,-5.827],[-225.778,-5.815],[-225.789,-5.759]]]}},{"type":"Feature","properties":{},"geometry":{"type":"Polygon","coordinates":[[[-216.414,-3.378],[-216.407,-3.348],[-216.476,-3.314],[-216.494,-3.348],[-216.414,-3.378]]]}},{"type":"Feature","properties":{},"geometry":{"type":"Polygon","coordinates":[[[-209.995,-1.673],[-210.042,-1.634],[-210.053,-1.673],[-209.995,-1.673]]]}},{"type":"Feature","properties":{},"geometry":{"type":"Polygon","coordinates":[[[-255.277,0.75],[-255.262,0.717],[-255.244,0.737],[-255.277,0.75]]]}},{"type":"Feature","properties":{},"geometry":{"type":"Polygon","coordinates":[[[-255.342,0.847],[-255.36,0.848],[-255.374,0.811],[-255.338,0.82],[-255.342,0.847]]]}},{"type":"Feature","properties":{},"geometry":{"type":"Polygon","coordinates":[[[-234.829,1.799],[-234.879,1.807],[-234.865,1.748],[-234.829,1.799]]]}},{"type":"Feature","properties":{},"geometry":{"type":"Polygon","coordinates":[[[-228.208,2.978],[-228.226,2.964],[-228.204,2.949],[-228.186,2.961],[-228.208,2.978]]]}},{"type":"Feature","properties":{},"geometry":{"type":"Polygon","coordinates":[[[-258.729,3.047],[-258.754,3.048],[-258.754,3.026],[-258.733,3.035],[-258.729,3.047]]]}},{"type":"Feature","properties":{},"geometry":{"type":"Polygon","coordinates":[[[-232.87,4.774],[-232.877,4.752],[-232.856,4.752],[-232.87,4.774]]]}},{"type":"Feature","properties":{},"geometry":{"type":"Polygon","coordinates":[[[-240.167,4.821],[-240.167,4.796],[-240.146,4.808],[-240.167,4.821]]]}},{"type":"Feature","properties":{},"geometry":{"type":"Polygon","coordinates":[[[-240.164,4.864],[-240.157,4.904],[-240.196,4.928],[-240.2,4.881],[-240.164,4.864]]]}},{"type":"Feature","properties":{},"geometry":{"type":"Polygon","coordinates":[[[-240.203,5.058],[-240.203,5.12],[-240.25,5.063],[-240.203,5.058]]]}},{"type":"Feature","properties":{},"geometry":{"type":"Polygon","coordinates":[[[-239.141,5.705],[-239.192,5.696],[-239.192,5.664],[-239.116,5.686],[-239.141,5.705]]]}},{"type":"Feature","properties":{},"geometry":{"type":"Polygon","coordinates":[[[-239.095,5.759],[-239.109,5.71],[-239.091,5.7],[-239.069,5.733],[-239.095,5.759]]]}},{"type":"Feature","properties":{},"geometry":{"type":"Polygon","coordinates":[[[-245.625,9.688],[-245.629,9.685],[-245.625,9.679],[-245.618,9.686],[-245.625,9.688]]]}},{"type":"Feature","properties":{},"geometry":{"type":"Polygon","coordinates":[[[-245.971,10.012],[-245.967,10.012],[-245.96,10.019],[-245.963,10.021],[-245.971,10.017],[-245.971,10.012]]]}},{"type":"Feature","properties":{},"geometry":{"type":"Polygon","coordinates":[[[-235.394,10.14],[-235.408,10.146],[-235.477,10.098],[-235.401,10.095],[-235.394,10.14]]]}},{"type":"Feature","properties":{},"geometry":{"type":"Polygon","coordinates":[[[-245.636,10.176],[-245.629,10.181],[-245.636,10.188],[-245.643,10.179],[-245.636,10.176]]]}},{"type":"Feature","properties":{},"geometry":{"type":"Polygon","coordinates":[[[-245.535,10.367],[-245.528,10.372],[-245.535,10.379],[-245.539,10.372],[-245.535,10.367]]]}},{"type":"Feature","properties":{},"geometry":{"type":"Polygon","coordinates":[[[-245.636,10.368],[-245.632,10.373],[-245.639,10.379],[-245.643,10.377],[-245.636,10.368]]]}},{"type":"Feature","properties":{},"geometry":{"type":"Polygon","coordinates":[[[-245.546,10.389],[-245.542,10.395],[-245.549,10.397],[-245.546,10.389]]]}},{"type":"Feature","properties":{},"geometry":{"type":"Polygon","coordinates":[[[-256.666,10.585],[-256.71,10.583],[-256.677,10.546],[-256.666,10.585]]]}},{"type":"Feature","properties":{},"geometry":{"type":"Polygon","coordinates":[[[-244.171,10.735],[-244.185,10.735],[-244.181,10.721],[-244.167,10.728],[-244.171,10.735]]]}},{"type":"Feature","properties":{},"geometry":{"type":"Polygon","coordinates":[[[-244.16,10.823],[-244.156,10.831],[-244.167,10.833],[-244.171,10.828],[-244.16,10.823]]]}},{"type":"Feature","properties":{},"geometry":{"type":"Polygon","coordinates":[[[-245.722,11.04],[-245.711,11.047],[-245.722,11.051],[-245.722,11.04]]]}},{"type":"Feature","properties":{},"geometry":{"type":"Polygon","coordinates":[[[-244.981,11.106],[-244.981,11.118],[-244.991,11.113],[-244.981,11.106]]]}},{"type":"Feature","properties":{},"geometry":{"type":"Polygon","coordinates":[[[-238.526,11.866],[-238.558,11.868],[-238.583,11.849],[-238.526,11.827],[-238.526,11.866]]]}},{"type":"Feature","properties":{},"geometry":{"type":"Polygon","coordinates":[[[-235.793,12.081],[-235.847,12.065],[-235.822,12.04],[-235.793,12.081]]]}},{"type":"Feature","properties":{},"geometry":{"type":"Polygon","coordinates":[[[-235.833,12.398],[-235.822,12.432],[-235.84,12.456],[-235.865,12.459],[-235.851,12.415],[-235.833,12.398]]]}},{"type":"Feature","properties":{},"geometry":{"type":"Polygon","coordinates":[[[-250.608,12.602],[-250.618,12.624],[-250.68,12.628],[-250.654,12.589],[-250.608,12.602]]]}},{"type":"Feature","properties":{},"geometry":{"type":"Polygon","coordinates":[[[-236.2,13.366],[-236.179,13.352],[-236.153,13.367],[-236.211,13.399],[-236.2,13.366]]]}},{"type":"Feature","properties":{},"geometry":{"type":"Polygon","coordinates":[[[-237.59,14.727],[-237.683,14.7],[-237.68,14.683],[-237.601,14.686],[-237.59,14.727]]]}},{"type":"Feature","properties":{},"geometry":{"type":"Polygon","coordinates":[[[-248.401,16.527],[-248.393,16.525],[-248.39,16.528],[-248.397,16.533],[-248.401,16.527]]]}},{"type":"Feature","properties":{},"geometry":{"type":"Polygon","coordinates":[[[-247.267,16.658],[-247.267,16.667],[-247.274,16.667],[-247.267,16.658]]]}},{"type":"Feature","properties":{},"geometry":{"type":"Polygon","coordinates":[[[-247.666,16.826],[-247.663,16.829],[-247.67,16.837],[-247.673,16.829],[-247.666,16.826]]]}},{"type":"Feature","properties":{},"geometry":{"type":"Polygon","coordinates":[[[-247.666,16.934],[-247.666,16.923],[-247.659,16.923],[-247.666,16.934]]]}},{"type":"Feature","properties":{},"geometry":{"type":"Polygon","coordinates":[[[-249.527,20.647],[-249.563,20.669],[-249.553,20.596],[-249.524,20.596],[-249.527,20.647]]]}},{"type":"Feature","properties":{},"geometry":{"type":"Polygon","coordinates":[[[-252.631,20.826],[-252.656,20.843],[-252.66,20.829],[-252.649,20.811],[-252.631,20.826]]]}},{"type":"Feature","properties":{},"geometry":{"type":"Polygon","coordinates":[[[-252.616,20.888],[-252.667,20.888],[-252.631,20.858],[-252.616,20.888]]]}},{"type":"Feature","properties":{},"geometry":{"type":"Polygon","coordinates":[[[-252.174,21.025],[-252.184,21.006],[-252.174,20.99],[-252.148,21.02],[-252.174,21.025]]]}},{"type":"Feature","properties":{},"geometry":{"type":"Polygon","coordinates":[[[-246.723,21.925],[-246.77,21.935],[-246.766,21.893],[-246.741,21.881],[-246.723,21.925]]]}},{"type":"Feature","properties":{},"geometry":{"type":"Polygon","coordinates":[[[-246.23,22.001],[-246.262,21.998],[-246.251,21.972],[-246.23,22.001]]]}},{"type":"Feature","properties":{},"geometry":{"type":"Polygon","coordinates":[[[-245.693,22.057],[-245.708,22.058],[-245.783,22.031],[-245.776,22.021],[-245.697,22.045],[-245.693,22.057]]]}},{"type":"Feature","properties":{},"geometry":{"type":"Polygon","coordinates":[[[-246.525,22.099],[-246.514,22.072],[-246.46,22.082],[-246.482,22.128],[-246.525,22.099]]]}},{"type":"Feature","properties":{},"geometry":{"type":"Polygon","coordinates":[[[-245.863,22.178],[-245.873,22.214],[-245.884,22.185],[-245.863,22.178]]]}},{"type":"Feature","properties":{},"geometry":{"type":"Polygon","coordinates":[[[-246.377,22.44],[-246.377,22.391],[-246.345,22.413],[-246.377,22.44]]]}},{"type":"Feature","properties":{},"geometry":{"type":"Polygon","coordinates":[[[-246.471,22.96],[-246.493,22.952],[-246.475,22.896],[-246.453,22.938],[-246.471,22.96]]]}},{"type":"Feature","properties":{},"geometry":{"type":"Polygon","coordinates":[[[-239.977,23.452],[-239.951,23.458],[-239.908,23.499],[-239.926,23.5],[-239.977,23.452]]]}},{"type":"Feature","properties":{},"geometry":{"type":"Polygon","coordinates":[[[-243.004,23.563],[-243.062,23.526],[-243.029,23.514],[-243.004,23.563]]]}},{"type":"Feature","properties":{},"geometry":{"type":"Polygon","coordinates":[[[-206.035,24.309],[-206.061,24.311],[-206.046,24.292],[-206.035,24.309]]]}},{"type":"Feature","properties":{},"geometry":{"type":"Polygon","coordinates":[[[-234.796,24.846],[-234.836,24.855],[-234.832,24.801],[-234.782,24.816],[-234.796,24.846]]]}},{"type":"Feature","properties":{},"geometry":{"type":"Polygon","coordinates":[[[-240.448,25.209],[-240.477,25.208],[-240.531,25.252],[-240.538,25.203],[-240.448,25.209]]]}},{"type":"Feature","properties":{},"geometry":{"type":"Polygon","coordinates":[[[-240.653,25.567],[-240.718,25.483],[-240.664,25.437],[-240.653,25.567]]]}},{"type":"Feature","properties":{},"geometry":{"type":"Polygon","coordinates":[[[-240.373,26.108],[-240.427,26.119],[-240.434,26.081],[-240.38,26.064],[-240.373,26.108]]]}},{"type":"Feature","properties":{},"geometry":{"type":"Polygon","coordinates":[[[-232.629,26.214],[-232.647,26.219],[-232.658,26.185],[-232.64,26.163],[-232.629,26.214]]]}},{"type":"Feature","properties":{},"geometry":{"type":"Polygon","coordinates":[[[-239.674,26.94],[-239.649,26.923],[-239.627,26.943],[-239.645,26.969],[-239.674,26.94]]]}},{"type":"Feature","properties":{},"geometry":{"type":"Polygon","coordinates":[[[-238.925,27.479],[-238.951,27.457],[-238.933,27.437],[-238.925,27.479]]]}},{"type":"Feature","properties":{},"geometry":{"type":"Polygon","coordinates":[[[-217.894,27.727],[-217.894,27.717],[-217.887,27.725],[-217.894,27.727]]]}},{"type":"Feature","properties":{},"geometry":{"type":"Polygon","coordinates":[[[-238.817,27.865],[-238.882,27.818],[-238.839,27.818],[-238.814,27.844],[-238.817,27.865]]]}},{"type":"Feature","properties":{},"geometry":{"type":"Polygon","coordinates":[[[-238.951,27.952],[-238.897,27.947],[-238.889,27.984],[-238.936,27.982],[-238.951,27.952]]]}},{"type":"Feature","properties":{},"geometry":{"type":"Polygon","coordinates":[[[-238.137,29.13],[-238.205,29.149],[-238.209,29.118],[-238.148,29.098],[-238.137,29.13]]]}},{"type":"Feature","properties":{},"geometry":{"type":"Polygon","coordinates":[[[-237.694,29.817],[-237.716,29.843],[-237.748,29.806],[-237.705,29.779],[-237.694,29.817]]]}},{"type":"Feature","properties":{},"geometry":{"type":"Polygon","coordinates":[[[-238.029,29.944],[-238.054,29.904],[-238.007,29.909],[-238.029,29.944]]]}},{"type":"Feature","properties":{},"geometry":{"type":"Polygon","coordinates":[[[-237.655,30.241],[-237.601,30.275],[-237.676,30.272],[-237.655,30.241]]]}},{"type":"Feature","properties":{},"geometry":{"type":"Polygon","coordinates":[[[-237.471,30.721],[-237.514,30.714],[-237.561,30.741],[-237.572,30.704],[-237.475,30.702],[-237.471,30.721]]]}},{"type":"Feature","properties":{},"geometry":{"type":"Polygon","coordinates":[[[-230.066,31.867],[-230.098,31.849],[-230.134,31.876],[-230.159,31.854],[-230.109,31.81],[-230.069,31.827],[-230.066,31.867]]]}},{"type":"Feature","properties":{},"geometry":{"type":"Polygon","coordinates":[[[-229.756,32.301],[-229.778,32.291],[-229.756,32.263],[-229.734,32.288],[-229.756,32.301]]]}},{"type":"Feature","properties":{},"geometry":{"type":"Polygon","coordinates":[[[-229.554,32.597],[-229.601,32.593],[-229.58,32.541],[-229.547,32.563],[-229.554,32.597]]]}},{"type":"Feature","properties":{},"geometry":{"type":"Polygon","coordinates":[[[-227.438,32.742],[-227.459,32.722],[-227.452,32.705],[-227.427,32.725],[-227.438,32.742]]]}},{"type":"Feature","properties":{},"geometry":{"type":"Polygon","coordinates":[[[-231.099,32.818],[-231.164,32.833],[-231.16,32.778],[-231.117,32.766],[-231.099,32.818]]]}},{"type":"Feature","properties":{},"geometry":{"type":"Polygon","coordinates":[[[-231.049,32.874],[-231.092,32.842],[-231.052,32.813],[-231.049,32.874]]]}},{"type":"Feature","properties":{},"geometry":{"type":"Polygon","coordinates":[[[-230.865,33.299],[-230.912,33.284],[-230.872,33.247],[-230.865,33.299]]]}},{"type":"Feature","properties":{},"geometry":{"type":"Polygon","coordinates":[[[-230.444,33.493],[-230.458,33.507],[-230.494,33.483],[-230.447,33.473],[-230.444,33.493]]]}},{"type":"Feature","properties":{},"geometry":{"type":"Polygon","coordinates":[[[-227.358,34.014],[-227.405,33.981],[-227.366,33.965],[-227.358,34.014]]]}},{"type":"Feature","properties":{},"geometry":{"type":"Polygon","coordinates":[[[-234.872,34.049],[-234.879,34.084],[-234.911,34.079],[-234.872,34.049]]]}},{"type":"Feature","properties":{},"geometry":{"type":"Polygon","coordinates":[[[-233.399,34.169],[-233.453,34.179],[-233.464,34.127],[-233.399,34.169]]]}},{"type":"Feature","properties":{},"geometry":{"type":"Polygon","coordinates":[[[-226.905,34.174],[-226.966,34.189],[-226.955,34.118],[-226.905,34.174]]]}},{"type":"Feature","properties":{},"geometry":{"type":"Polygon","coordinates":[[[-233.327,34.154],[-233.327,34.181],[-233.363,34.187],[-233.36,34.128],[-233.327,34.154]]]}},{"type":"Feature","properties":{},"geometry":{"type":"Polygon","coordinates":[[[-227.261,34.198],[-227.29,34.203],[-227.312,34.189],[-227.276,34.171],[-227.261,34.198]]]}},{"type":"Feature","properties":{},"geometry":{"type":"Polygon","coordinates":[[[-233.09,34.198],[-233.14,34.203],[-233.147,34.159],[-233.097,34.152],[-233.09,34.198]]]}},{"type":"Feature","properties":{},"geometry":{"type":"Polygon","coordinates":[[[-233.389,34.218],[-233.439,34.235],[-233.45,34.191],[-233.392,34.187],[-233.389,34.218]]]}},{"type":"Feature","properties":{},"geometry":{"type":"Polygon","coordinates":[[[-227.078,34.277],[-227.153,34.24],[-227.096,34.213],[-227.078,34.277]]]}},{"type":"Feature","properties":{},"geometry":{"type":"Polygon","coordinates":[[[-227.661,34.304],[-227.7,34.292],[-227.704,34.243],[-227.654,34.282],[-227.661,34.304]]]}},{"type":"Feature","properties":{},"geometry":{"type":"Polygon","coordinates":[[[-233.911,34.307],[-233.968,34.314],[-233.972,34.287],[-233.932,34.279],[-233.911,34.307]]]}},{"type":"Feature","properties":{},"geometry":{"type":"Polygon","coordinates":[[[-233.147,34.309],[-233.115,34.346],[-233.162,34.353],[-233.147,34.309]]]}},{"type":"Feature","properties":{},"geometry":{"type":"Polygon","coordinates":[[[-232.91,34.345],[-232.946,34.355],[-232.975,34.339],[-232.949,34.318],[-232.91,34.345]]]}},{"type":"Feature","properties":{},"geometry":{"type":"Polygon","coordinates":[[[-226.286,34.397],[-226.311,34.366],[-226.278,34.363],[-226.286,34.397]]]}},{"type":"Feature","properties":{},"geometry":{"type":"Polygon","coordinates":[[[-233.237,34.383],[-233.165,34.397],[-233.165,34.437],[-233.216,34.427],[-233.237,34.383]]]}},{"type":"Feature","properties":{},"geometry":{"type":"Polygon","coordinates":[[[-224.795,34.431],[-224.777,34.417],[-224.741,34.436],[-224.759,34.454],[-224.795,34.431]]]}},{"type":"Feature","properties":{},"geometry":{"type":"Polygon","coordinates":[[[-225.951,34.475],[-225.915,34.459],[-225.915,34.5],[-225.951,34.475]]]}},{"type":"Feature","properties":{},"geometry":{"type":"Polygon","coordinates":[[[-223.107,34.497],[-223.128,34.491],[-223.118,34.475],[-223.096,34.486],[-223.107,34.497]]]}},{"type":"Feature","properties":{},"geometry":{"type":"Polygon","coordinates":[[[-223.11,34.532],[-223.15,34.515],[-223.143,34.51],[-223.11,34.522],[-223.11,34.532]]]}},{"type":"Feature","properties":{},"geometry":{"type":"Polygon","coordinates":[[[-231.704,34.64],[-231.761,34.652],[-231.761,34.62],[-231.704,34.64]]]}},{"type":"Feature","properties":{},"geometry":{"type":"Polygon","coordinates":[[[-231.614,34.821],[-231.592,34.763],[-231.56,34.794],[-231.614,34.821]]]}},{"type":"Feature","properties":{},"geometry":{"type":"Polygon","coordinates":[[[-231.761,34.836],[-231.794,34.821],[-231.761,34.797],[-231.761,34.836]]]}},{"type":"Feature","properties":{},"geometry":{"type":"Polygon","coordinates":[[[-223.2,34.876],[-223.193,34.839],[-223.175,34.861],[-223.2,34.876]]]}},{"type":"Feature","properties":{},"geometry":{"type":"Polygon","coordinates":[[[-233.659,34.865],[-233.666,34.907],[-233.727,34.866],[-233.662,34.841],[-233.659,34.865]]]}},{"type":"Feature","properties":{},"geometry":{"type":"Polygon","coordinates":[[[-193.363,-47.994],[-193.381,-47.997],[-193.432,-48.034],[-193.396,-48.036],[-193.363,-47.994]]]}},{"type":"Feature","properties":{},"geometry":{"type":"Polygon","coordinates":[[[-192.582,-47.232],[-192.55,-47.239],[-192.514,-47.219],[-192.546,-47.207],[-192.582,-47.232]]]}},{"type":"Feature","properties":{},"geometry":{"type":"Polygon","coordinates":[[[-192.291,-46.785],[-192.294,-46.76],[-192.323,-46.758],[-192.316,-46.795],[-192.291,-46.785]]]}},{"type":"Feature","properties":{},"geometry":{"type":"Polygon","coordinates":[[[-191.409,-46.733],[-191.427,-46.754],[-191.459,-46.76],[-191.427,-46.792],[-191.394,-46.754],[-191.409,-46.733]]]}},{"type":"Feature","properties":{},"geometry":{"type":"Polygon","coordinates":[[[-185.62,-41.106],[-185.656,-41.126],[-185.612,-41.184],[-185.598,-41.14],[-185.62,-41.106]]]}},{"type":"Feature","properties":{},"geometry":{"type":"Polygon","coordinates":[[[-184.151,-36.625],[-184.183,-36.604],[-184.201,-36.569],[-184.223,-36.588],[-184.205,-36.615],[-184.151,-36.625]]]}},{"type":"Feature","properties":{},"geometry":{"type":"Polygon","coordinates":[[[-185.148,-36.392],[-185.144,-36.452],[-185.09,-36.439],[-185.105,-36.402],[-185.148,-36.392]]]}},{"type":"Feature","properties":{},"geometry":{"type":"Polygon","coordinates":[[[-184.867,-36.176],[-184.903,-36.187],[-184.9,-36.228],[-184.846,-36.201],[-184.867,-36.176]]]}},{"type":"Feature","properties":{},"geometry":{"type":"Polygon","coordinates":[[[-204.541,-22.176],[-204.541,-22.177],[-204.538,-22.176],[-204.538,-22.174],[-204.541,-22.176]]]}},{"type":"Feature","properties":{},"geometry":{"type":"Polygon","coordinates":[[[-206.446,-21.91],[-206.446,-21.909],[-206.449,-21.91],[-206.446,-21.91]]]}},{"type":"Feature","properties":{},"geometry":{"type":"Polygon","coordinates":[[[-206.359,-21.858],[-206.356,-21.858],[-206.356,-21.856],[-206.359,-21.858]]]}},{"type":"Feature","properties":{},"geometry":{"type":"Polygon","coordinates":[[[-206.241,-21.637],[-206.237,-21.637],[-206.237,-21.635],[-206.241,-21.637]]]}},{"type":"Feature","properties":{},"geometry":{"type":"Polygon","coordinates":[[[-204.203,-21.274],[-204.199,-21.274],[-204.199,-21.27],[-204.203,-21.274]]]}},{"type":"Feature","properties":{},"geometry":{"type":"Polygon","coordinates":[[[-211.482,-17.866],[-211.486,-17.866],[-211.486,-17.868],[-211.482,-17.868],[-211.482,-17.866]]]}},{"type":"Feature","properties":{},"geometry":{"type":"Polygon","coordinates":[[[-211.558,-17.736],[-211.558,-17.733],[-211.562,-17.735],[-211.558,-17.736]]]}},{"type":"Feature","properties":{},"geometry":{"type":"Polygon","coordinates":[[[-211.572,-17.655],[-211.569,-17.657],[-211.569,-17.654],[-211.572,-17.655]]]}},{"type":"Feature","properties":{},"geometry":{"type":"Polygon","coordinates":[[[-210.078,-16.963],[-210.082,-16.963],[-210.082,-16.966],[-210.078,-16.965],[-210.078,-16.963]]]}},{"type":"Feature","properties":{},"geometry":{"type":"Polygon","coordinates":[[[-209.999,-16.936],[-210.003,-16.936],[-209.999,-16.939],[-209.999,-16.936]]]}},{"type":"Feature","properties":{},"geometry":{"type":"Polygon","coordinates":[[[-212.12,-16.48],[-212.12,-16.482],[-212.116,-16.482],[-212.116,-16.48],[-212.12,-16.48]]]}},{"type":"Feature","properties":{},"geometry":{"type":"Polygon","coordinates":[[[-209.999,-16.23],[-210.003,-16.23],[-209.999,-16.232],[-209.999,-16.23]]]}},{"type":"Feature","properties":{},"geometry":{"type":"Polygon","coordinates":[[[-209.992,-16.134],[-209.995,-16.135],[-209.992,-16.137],[-209.992,-16.134]]]}},{"type":"Feature","properties":{},"geometry":{"type":"Polygon","coordinates":[[[-236.402,-12.429],[-236.423,-12.427],[-236.423,-12.438],[-236.402,-12.439],[-236.402,-12.429]]]}},{"type":"Feature","properties":{},"geometry":{"type":"Polygon","coordinates":[[[-236.395,25.74],[-236.398,25.746],[-236.398,25.74],[-236.395,25.74]]]}},{"type":"Feature","properties":{},"geometry":{"type":"Polygon","coordinates":[[[-236.405,25.753],[-236.413,25.751],[-236.405,25.745],[-236.405,25.753]]]}},{"type":"Feature","properties":{},"geometry":{"type":"Polygon","coordinates":[[[-236.441,25.756],[-236.445,25.758],[-236.441,25.755],[-236.441,25.756]]]}},{"type":"Feature","properties":{},"geometry":{"type":"Polygon","coordinates":[[[-236.456,25.761],[-236.463,25.773],[-236.485,25.77],[-236.488,25.758],[-236.456,25.761]]]}},{"type":"Feature","properties":{},"geometry":{"type":"Polygon","coordinates":[[[-236.38,25.775],[-236.384,25.775],[-236.38,25.773],[-236.38,25.775]]]}},{"type":"Feature","properties":{},"geometry":{"type":"Polygon","coordinates":[[[-236.405,25.802],[-236.409,25.797],[-236.405,25.797],[-236.405,25.802]]]}},{"type":"Feature","properties":{},"geometry":{"type":"Polygon","coordinates":[[[-235.43,25.897],[-235.433,25.898],[-235.433,25.895],[-235.43,25.897]]]}},{"type":"Feature","properties":{},"geometry":{"type":"Polygon","coordinates":[[[-236.326,25.927],[-236.326,25.929],[-236.33,25.93],[-236.326,25.927]]]}},{"type":"Feature","properties":{},"geometry":{"type":"Polygon","coordinates":[[[-236.326,25.927],[-236.323,25.919],[-236.315,25.925],[-236.323,25.93],[-236.326,25.927]]]}},{"type":"Feature","properties":{},"geometry":{"type":"Polygon","coordinates":[[[-206.511,-21.848],[-206.511,-21.846],[-206.514,-21.848],[-206.511,-21.85],[-206.511,-21.848]]]}},{"type":"Feature","properties":{},"geometry":{"type":"Polygon","coordinates":[[[-225.292,-6.588],[-225.314,-6.592],[-225.378,-6.747],[-225.332,-6.772],[-225.263,-6.63],[-225.292,-6.588]]]}},{"type":"Feature","properties":{},"geometry":{"type":"Polygon","coordinates":[[[-225.159,-6.288],[-225.202,-6.37],[-225.162,-6.46],[-225.116,-6.337],[-225.159,-6.288]]]}},{"type":"Feature","properties":{},"geometry":{"type":"Polygon","coordinates":[[[-235.934,-5.962],[-235.963,-5.915],[-236.017,-5.955],[-235.963,-5.987],[-235.934,-5.962]]]}},{"type":"Feature","properties":{},"geometry":{"type":"Polygon","coordinates":[[[-236.459,-5.246],[-236.441,-5.351],[-236.366,-5.367],[-236.377,-5.266],[-236.459,-5.246]]]}},{"type":"Feature","properties":{},"geometry":{"type":"Polygon","coordinates":[[[-232.384,-3.307],[-232.435,-3.255],[-232.481,-3.331],[-232.399,-3.356],[-232.384,-3.307]]]}},{"type":"Feature","properties":{},"geometry":{"type":"Polygon","coordinates":[[[-232.046,-2.917],[-232.165,-3.002],[-232.053,-3.019],[-232.046,-2.917]]]}},{"type":"Feature","properties":{},"geometry":{"type":"Polygon","coordinates":[[[-234.011,9.686],[-234.083,9.617],[-234.029,9.57],[-234.011,9.686]]]}},{"type":"Feature","properties":{},"geometry":{"type":"Polygon","coordinates":[[[-252.829,10.465],[-252.843,10.422],[-252.922,10.39],[-252.879,10.367],[-252.836,10.39],[-252.796,10.438],[-252.829,10.465]]]}},{"type":"Feature","properties":{},"geometry":{"type":"Polygon","coordinates":[[[-235.621,10.691],[-235.682,10.693],[-235.714,10.603],[-235.621,10.628],[-235.621,10.691]]]}},{"type":"Feature","properties":{},"geometry":{"type":"Polygon","coordinates":[[[-256.702,10.731],[-256.756,10.779],[-256.8,10.748],[-256.738,10.71],[-256.702,10.731]]]}},{"type":"Feature","properties":{},"geometry":{"type":"Polygon","coordinates":[[[-247.353,21.712],[-247.443,21.679],[-247.443,21.623],[-247.349,21.64],[-247.353,21.712]]]}},{"type":"Feature","properties":{},"geometry":{"type":"Polygon","coordinates":[[[-246.406,22.785],[-246.511,22.893],[-246.597,22.882],[-246.442,22.758],[-246.406,22.785]]]}},{"type":"Feature","properties":{},"geometry":{"type":"Polygon","coordinates":[[[-230.217,31.8],[-230.311,31.7],[-230.271,31.644],[-230.224,31.729],[-230.217,31.8]]]}},{"type":"Feature","properties":{},"geometry":{"type":"Polygon","coordinates":[[[-186.962,1.341],[-186.923,1.36],[-186.872,1.362],[-186.851,1.356],[-186.847,1.372],[-186.916,1.367],[-186.941,1.36],[-186.962,1.341]]]}},{"type":"Feature","properties":{},"geometry":{"type":"Polygon","coordinates":[[[-256.198,0.853],[-256.256,0.894],[-256.27,0.848],[-256.234,0.804],[-256.198,0.853]]]}},{"type":"Feature","properties":{},"geometry":{"type":"Polygon","coordinates":[[[-251.158,2.974],[-251.223,2.888],[-251.158,2.846],[-251.108,2.903],[-251.158,2.974]]]}},{"type":"Feature","properties":{},"geometry":{"type":"Polygon","coordinates":[[[-253.336,8.741],[-253.369,8.754],[-253.43,8.705],[-253.358,8.703],[-253.336,8.741]]]}},{"type":"Feature","properties":{},"geometry":{"type":"Polygon","coordinates":[[[-259.964,9.796],[-260,9.71],[-259.91,9.666],[-259.932,9.776],[-259.964,9.796]]]}},{"type":"Feature","properties":{},"geometry":{"type":"Polygon","coordinates":[[[-256.962,11.358],[-257.019,11.405],[-257.008,11.28],[-256.951,11.292],[-256.962,11.358]]]}},{"type":"Feature","properties":{},"geometry":{"type":"Polygon","coordinates":[[[-257.437,11.707],[-257.469,11.68],[-257.437,11.596],[-257.394,11.684],[-257.437,11.707]]]}},{"type":"Feature","properties":{},"geometry":{"type":"Polygon","coordinates":[[[-253.16,20.88],[-253.214,20.93],[-253.236,20.876],[-253.16,20.88]]]}},{"type":"Feature","properties":{},"geometry":{"type":"Polygon","coordinates":[[[-252.469,21.02],[-252.494,21.02],[-252.508,20.964],[-252.548,20.93],[-252.519,20.912],[-252.487,20.924],[-252.469,21.02]]]}},{"type":"Feature","properties":{},"geometry":{"type":"Polygon","coordinates":[[[-241.906,24.556],[-241.921,24.444],[-241.845,24.438],[-241.809,24.504],[-241.906,24.556]]]}},{"type":"Feature","properties":{},"geometry":{"type":"Polygon","coordinates":[[[-217.808,26.646],[-217.833,26.695],[-217.89,26.721],[-217.84,26.633],[-217.808,26.646]]]}},{"type":"Feature","properties":{},"geometry":{"type":"Polygon","coordinates":[[[-230.703,28.119],[-230.768,28.171],[-230.779,28.098],[-230.703,28.119]]]}},{"type":"Feature","properties":{},"geometry":{"type":"Polygon","coordinates":[[[-237.856,29.733],[-237.892,29.79],[-237.932,29.78],[-237.874,29.669],[-237.856,29.733]]]}},{"type":"Feature","properties":{},"geometry":{"type":"Polygon","coordinates":[[[-237.604,29.883],[-237.593,29.953],[-237.676,29.927],[-237.604,29.883]]]}},{"type":"Feature","properties":{},"geometry":{"type":"Polygon","coordinates":[[[-220.209,33.136],[-220.198,33.048],[-220.122,33.088],[-220.209,33.136]]]}},{"type":"Feature","properties":{},"geometry":{"type":"Polygon","coordinates":[[[-227.445,34.071],[-227.456,34.177],[-227.52,34.081],[-227.445,34.071]]]}},{"type":"Feature","properties":{},"geometry":{"type":"Polygon","coordinates":[[[-232.219,34.684],[-232.262,34.613],[-232.201,34.579],[-232.183,34.632],[-232.219,34.684]]]}},{"type":"Feature","properties":{},"geometry":{"type":"Polygon","coordinates":[[[-220.583,34.78],[-220.644,34.797],[-220.641,34.703],[-220.547,34.679],[-220.583,34.78]]]}},{"type":"Feature","properties":{},"geometry":{"type":"Polygon","coordinates":[[[-231.25,34.87],[-231.283,34.966],[-231.376,34.954],[-231.509,34.849],[-231.409,34.792],[-231.394,34.706],[-231.25,34.87]]]}},{"type":"Feature","properties":{},"geometry":{"type":"Polygon","coordinates":[[[-211.893,-40.53],[-211.806,-40.596],[-211.749,-40.49],[-211.893,-40.53]]]}},{"type":"Feature","properties":{},"geometry":{"type":"Polygon","coordinates":[[[-215.208,-40.421],[-215.284,-40.476],[-215.27,-40.569],[-215.208,-40.502],[-215.208,-40.421]]]}},{"type":"Feature","properties":{},"geometry":{"type":"Polygon","coordinates":[[[-214.665,-38.509],[-214.715,-38.452],[-214.798,-38.462],[-214.802,-38.534],[-214.665,-38.509]]]}},{"type":"Feature","properties":{},"geometry":{"type":"Polygon","coordinates":[[[-209.463,-22.275],[-209.535,-22.294],[-209.481,-22.341],[-209.463,-22.275]]]}},{"type":"Feature","properties":{},"geometry":{"type":"Polygon","coordinates":[[[-210.082,-22.042],[-210.132,-22.142],[-210.078,-22.191],[-210.082,-22.042]]]}},{"type":"Feature","properties":{},"geometry":{"type":"Polygon","coordinates":[[[-210.932,-20.315],[-210.996,-20.229],[-211.05,-20.232],[-211.029,-20.321],[-210.932,-20.315]]]}},{"type":"Feature","properties":{},"geometry":{"type":"Polygon","coordinates":[[[-211.043,-20.144],[-211.083,-20.088],[-211.119,-20.137],[-211.043,-20.144]]]}},{"type":"Feature","properties":{},"geometry":{"type":"Polygon","coordinates":[[[-223.103,-15.587],[-223.143,-15.521],[-223.164,-15.599],[-223.103,-15.587]]]}},{"type":"Feature","properties":{},"geometry":{"type":"Polygon","coordinates":[[[-209.124,-10.536],[-209.207,-10.558],[-209.139,-10.617],[-209.124,-10.536]]]}},{"type":"Feature","properties":{},"geometry":{"type":"Polygon","coordinates":[[[-217.811,-10.08],[-217.858,-10.05],[-217.905,-10.119],[-217.862,-10.173],[-217.811,-10.144],[-217.811,-10.08]]]}},{"type":"Feature","properties":{},"geometry":{"type":"Polygon","coordinates":[[[-201.773,-8.775],[-201.795,-8.707],[-201.845,-8.797],[-201.813,-8.837],[-201.773,-8.775]]]}},{"type":"Feature","properties":{},"geometry":{"type":"Polygon","coordinates":[[[-180.81,-8.542],[-180.781,-8.52],[-180.796,-8.518],[-180.81,-8.542]]]}},{"type":"Feature","properties":{},"geometry":{"type":"Polygon","coordinates":[[[-181.62,-8.071],[-181.609,-8.027],[-181.624,-8.056],[-181.62,-8.071]]]}},{"type":"Feature","properties":{},"geometry":{"type":"Polygon","coordinates":[[[-252.606,-2.868],[-252.591,-2.948],[-252.494,-2.855],[-252.573,-2.835],[-252.606,-2.868]]]}},{"type":"Feature","properties":{},"geometry":{"type":"Polygon","coordinates":[[[-207.987,-2.808],[-207.99,-2.745],[-208.087,-2.706],[-208.084,-2.845],[-207.987,-2.808]]]}},{"type":"Feature","properties":{},"geometry":{"type":"Polygon","coordinates":[[[-212.174,-2.237],[-212.224,-2.348],[-212.159,-2.341],[-212.12,-2.286],[-212.174,-2.237]]]}},{"type":"Feature","properties":{},"geometry":{"type":"Polygon","coordinates":[[[-225.616,-2.004],[-225.666,-2.083],[-225.609,-2.132],[-225.573,-2.039],[-225.616,-2.004]]]}},{"type":"Feature","properties":{},"geometry":{"type":"Polygon","coordinates":[[[-236.143,-1.95],[-236.229,-1.896],[-236.207,-1.992],[-236.143,-1.95]]]}},{"type":"Feature","properties":{},"geometry":{"type":"Polygon","coordinates":[[[-236.866,-1.766],[-236.899,-1.749],[-236.931,-1.84],[-236.848,-1.823],[-236.866,-1.766]]]}},{"type":"Feature","properties":{},"geometry":{"type":"Polygon","coordinates":[[[-185.234,-1.203],[-185.252,-1.237],[-185.227,-1.247],[-185.234,-1.203]]]}},{"type":"Feature","properties":{},"geometry":{"type":"Polygon","coordinates":[[[-185.501,-0.795],[-185.508,-0.747],[-185.522,-0.72],[-185.522,-0.67],[-185.537,-0.648],[-185.522,-0.741],[-185.501,-0.795]]]}},{"type":"Feature","properties":{},"geometry":{"type":"Polygon","coordinates":[[[-185.562,-0.628],[-185.598,-0.602],[-185.609,-0.606],[-185.562,-0.641],[-185.562,-0.628]]]}},{"type":"Feature","properties":{},"geometry":{"type":"Polygon","coordinates":[[[-193.061,-0.491],[-193.086,-0.501],[-193.083,-0.548],[-193.05,-0.54],[-193.061,-0.491]]]}},{"type":"Feature","properties":{},"geometry":{"type":"Polygon","coordinates":[[[-232.539,-0.005],[-232.561,0.139],[-232.593,0.147],[-232.607,0.026],[-232.539,-0.005]]]}},{"type":"Feature","properties":{},"geometry":{"type":"Polygon","coordinates":[[[-232.622,0.624],[-232.553,0.668],[-232.561,0.744],[-232.615,0.757],[-232.622,0.624]]]}},{"type":"Feature","properties":{},"geometry":{"type":"Polygon","coordinates":[[[-232.629,0.784],[-232.676,0.863],[-232.719,0.814],[-232.687,0.757],[-232.629,0.784]]]}},{"type":"Feature","properties":{},"geometry":{"type":"Polygon","coordinates":[[[-186.951,0.904],[-186.937,0.914],[-186.919,0.944],[-186.93,0.95],[-186.951,0.904]]]}},{"type":"Feature","properties":{},"geometry":{"type":"Polygon","coordinates":[[[-186.962,1.777],[-186.966,1.743],[-186.977,1.721],[-186.97,1.716],[-186.962,1.743],[-186.962,1.777]]]}},{"type":"Feature","properties":{},"geometry":{"type":"Polygon","coordinates":[[[-187.02,1.882],[-187.024,1.897],[-187.038,1.9],[-187.024,1.873],[-186.98,1.828],[-187.02,1.882]]]}},{"type":"Feature","properties":{},"geometry":{"type":"Polygon","coordinates":[[[-234.555,2.793],[-234.613,2.802],[-234.641,2.723],[-234.598,2.701],[-234.555,2.793]]]}},{"type":"Feature","properties":{},"geometry":{"type":"Polygon","coordinates":[[[-187.25,3.032],[-187.229,3.011],[-187.214,3.016],[-187.189,3.04],[-187.157,3.06],[-187.121,3.052],[-187.132,3.067],[-187.171,3.064],[-187.186,3.057],[-187.211,3.03],[-187.229,3.023],[-187.25,3.032]]]}},{"type":"Feature","properties":{},"geometry":{"type":"Polygon","coordinates":[[[-187.038,3.141],[-187.052,3.123],[-187.031,3.128],[-187.038,3.141]]]}},{"type":"Feature","properties":{},"geometry":{"type":"Polygon","coordinates":[[[-233.255,3.854],[-233.234,3.773],[-233.187,3.732],[-233.144,3.758],[-233.187,3.823],[-233.255,3.854]]]}},{"type":"Feature","properties":{},"geometry":{"type":"Polygon","coordinates":[[[-196.974,5.342],[-197.01,5.375],[-197.082,5.287],[-196.981,5.272],[-196.974,5.342]]]}},{"type":"Feature","properties":{},"geometry":{"type":"Polygon","coordinates":[[[-190.411,5.801],[-190.386,5.799],[-190.365,5.83],[-190.336,5.939],[-190.354,5.917],[-190.361,5.87],[-190.383,5.818],[-190.411,5.801]]]}},{"type":"Feature","properties":{},"geometry":{"type":"Polygon","coordinates":[[[-188.244,6.973],[-188.309,7.02],[-188.312,7.006],[-188.269,6.976],[-188.244,6.973]]]}},{"type":"Feature","properties":{},"geometry":{"type":"Polygon","coordinates":[[[-188.608,7.109],[-188.773,7.076],[-188.737,7.067],[-188.705,7.084],[-188.633,7.094],[-188.608,7.109]]]}},{"type":"Feature","properties":{},"geometry":{"type":"Polygon","coordinates":[[[-191.243,7.309],[-191.185,7.292],[-191.171,7.309],[-191.243,7.309]]]}},{"type":"Feature","properties":{},"geometry":{"type":"Polygon","coordinates":[[[-208.411,7.383],[-208.383,7.376],[-208.375,7.342],[-208.354,7.336],[-208.35,7.37],[-208.379,7.391],[-208.411,7.383]]]}},{"type":"Feature","properties":{},"geometry":{"type":"Polygon","coordinates":[[[-208.123,7.459],[-208.145,7.425],[-208.091,7.447],[-208.123,7.459]]]}},{"type":"Feature","properties":{},"geometry":{"type":"Polygon","coordinates":[[[-193.097,11.172],[-193.129,11.162],[-193.126,11.145],[-193.104,11.155],[-193.097,11.172]]]}},{"type":"Feature","properties":{},"geometry":{"type":"Polygon","coordinates":[[[-237.719,12.606],[-237.755,12.565],[-237.737,12.493],[-237.687,12.537],[-237.719,12.606]]]}},{"type":"Feature","properties":{},"geometry":{"type":"Polygon","coordinates":[[[-238.789,19.176],[-238.81,19.087],[-238.742,19.046],[-238.789,19.176]]]}},{"type":"Feature","properties":{},"geometry":{"type":"Polygon","coordinates":[[[-237.989,20.488],[-238.036,20.451],[-238.079,20.394],[-238.043,20.355],[-238.033,20.414],[-237.975,20.456],[-237.989,20.488]]]}},{"type":"Feature","properties":{},"geometry":{"type":"Polygon","coordinates":[[[-238.123,20.77],[-238.162,20.821],[-238.209,20.73],[-238.148,20.719],[-238.123,20.77]]]}},{"type":"Feature","properties":{},"geometry":{"type":"Polygon","coordinates":[[[-180.547,-17.29],[-180.623,-17.25],[-180.616,-17.39],[-180.547,-17.29]]]}},{"type":"Feature","properties":{},"geometry":{"type":"Polygon","coordinates":[[[-182.729,-17.081],[-182.761,-17.057],[-182.815,-17.12],[-182.729,-17.113],[-182.729,-17.081]]]}},{"type":"Feature","properties":{},"geometry":{"type":"Polygon","coordinates":[[[-182.876,-12.486],[-182.941,-12.475],[-182.956,-12.508],[-182.887,-12.512],[-182.876,-12.486]]]}},{"type":"Feature","properties":{},"geometry":{"type":"Polygon","coordinates":[[[-245.632,-7.09],[-245.708,-7.144],[-245.607,-7.179],[-245.632,-7.09]]]}},{"type":"Feature","properties":{},"geometry":{"type":"Polygon","coordinates":[[[-206.334,-4.04],[-206.41,-4.087],[-206.341,-4.123],[-206.334,-4.04]]]}},{"type":"Feature","properties":{},"geometry":{"type":"Polygon","coordinates":[[[-214.794,14.181],[-214.87,14.147],[-214.791,14.11],[-214.794,14.181]]]}},{"type":"Feature","properties":{},"geometry":{"type":"Polygon","coordinates":[[[-214.352,15.073],[-214.424,15.005],[-214.395,14.928],[-214.337,14.956],[-214.352,15.073]]]}},{"type":"Feature","properties":{},"geometry":{"type":"Polygon","coordinates":[[[-214.29,16.368],[-214.344,16.381],[-214.355,16.344],[-214.29,16.344],[-214.29,16.368]]]}},{"type":"Feature","properties":{},"geometry":{"type":"Polygon","coordinates":[[[-214.229,18.175],[-214.262,18.09],[-214.164,18.129],[-214.229,18.175]]]}},{"type":"Feature","properties":{},"geometry":{"type":"Polygon","coordinates":[[[-214.337,18.724],[-214.29,18.779],[-214.348,18.81],[-214.366,18.747],[-214.337,18.724]]]}},{"type":"Feature","properties":{},"geometry":{"type":"Polygon","coordinates":[[[-240.351,23.603],[-240.434,23.588],[-240.419,23.519],[-240.351,23.603]]]}},{"type":"Feature","properties":{},"geometry":{"type":"Polygon","coordinates":[[[-240.524,23.603],[-240.509,23.59],[-240.499,23.62],[-240.509,23.639],[-240.524,23.603]]]}},{"type":"Feature","properties":{},"geometry":{"type":"Polygon","coordinates":[[[-240.427,23.627],[-240.409,23.664],[-240.455,23.664],[-240.427,23.627]]]}},{"type":"Feature","properties":{},"geometry":{"type":"Polygon","coordinates":[[[-185.386,-21.711],[-185.368,-21.689],[-185.386,-21.669],[-185.404,-21.698],[-185.386,-21.711]]]}},{"type":"Feature","properties":{},"geometry":{"type":"Polygon","coordinates":[[[-181.318,-7.492],[-181.31,-7.475],[-181.336,-7.455],[-181.318,-7.492]]]}},{"type":"Feature","properties":{},"geometry":{"type":"Polygon","coordinates":[[[-190.462,-0.874],[-190.444,-0.859],[-190.455,-0.847],[-190.476,-0.854],[-190.462,-0.874]]]}},{"type":"Feature","properties":{},"geometry":{"type":"Polygon","coordinates":[[[-228.86,3.047],[-228.838,3.023],[-228.809,3.048],[-228.838,3.059],[-228.86,3.047]]]}},{"type":"Feature","properties":{},"geometry":{"type":"Polygon","coordinates":[[[-193.749,-10.264],[-193.763,-10.283],[-193.749,-10.31],[-193.72,-10.273],[-193.749,-10.264]]]}},{"type":"Feature","properties":{},"geometry":{"type":"Polygon","coordinates":[[[-225.27,-6.504],[-225.335,-6.455],[-225.375,-6.497],[-225.342,-6.56],[-225.27,-6.504]]]}},{"type":"Feature","properties":{},"geometry":{"type":"Polygon","coordinates":[[[-258.661,3.052],[-258.708,3.043],[-258.733,2.983],[-258.664,3.01],[-258.661,3.052]]]}},{"type":"Feature","properties":{},"geometry":{"type":"Polygon","coordinates":[[[-245.783,22.286],[-245.87,22.286],[-245.87,22.249],[-245.776,22.224],[-245.783,22.286]]]}},{"type":"Feature","properties":{},"geometry":{"type":"Polygon","coordinates":[[[-233.237,34.309],[-233.277,34.382],[-233.349,34.329],[-233.27,34.289],[-233.237,34.309]]]}},{"type":"Feature","properties":{},"geometry":{"type":"Polygon","coordinates":[[[-193.025,-45.164],[-193.108,-45.243],[-193,-45.306],[-193.025,-45.164]]]}},{"type":"Feature","properties":{},"geometry":{"type":"Polygon","coordinates":[[[-239.091,13.659],[-239.156,13.671],[-239.123,13.634],[-239.091,13.659]]]}},{"type":"Feature","properties":{},"geometry":{"type":"Polygon","coordinates":[[[-236.337,13.965],[-236.405,13.941],[-236.38,13.909],[-236.337,13.965]]]}},{"type":"Feature","properties":{},"geometry":{"type":"Polygon","coordinates":[[[-243.368,-8.275],[-243.623,-8.203],[-243.731,-8.248],[-243.893,-8.405],[-243.973,-8.446],[-243.926,-8.577],[-243.94,-8.714],[-244.109,-8.755],[-244.171,-8.792],[-243.991,-8.905],[-243.933,-8.856],[-243.832,-8.878],[-243.803,-8.915],[-243.674,-8.898],[-243.613,-8.924],[-243.436,-8.895],[-243.501,-8.802],[-243.443,-8.745],[-243.371,-8.615],[-243.317,-8.557],[-243.314,-8.481],[-243.256,-8.392],[-243.292,-8.317],[-243.368,-8.275]]]}},{"type":"Feature","properties":{},"geometry":{"type":"Polygon","coordinates":[[[-259.6,-3.184],[-259.528,-3.113],[-259.532,-3.015],[-259.744,-2.791],[-259.82,-2.802],[-259.809,-2.966],[-259.744,-3.054],[-259.654,-3.127],[-259.622,-3.272],[-259.532,-3.287],[-259.6,-3.184]]]}},{"type":"Feature","properties":{},"geometry":{"type":"Polygon","coordinates":[[[-250.24,-1.104],[-250.276,-0.987],[-250.345,-1.004],[-250.413,-0.97],[-250.546,-1.004],[-250.575,-1.268],[-250.521,-1.298],[-250.222,-1.141],[-250.24,-1.104]]]}},{"type":"Feature","properties":{},"geometry":{"type":"Polygon","coordinates":[[[-256.875,0.928],[-256.962,1.044],[-257.113,1.134],[-257.199,1.164],[-257.286,1.154],[-257.376,1.022],[-257.21,1.032],[-257.095,0.968],[-256.915,0.841],[-256.832,0.858],[-256.875,0.928]]]}},{"type":"Feature","properties":{},"geometry":{"type":"Polygon","coordinates":[[[-255.345,1.096],[-255.414,1.145],[-255.414,1.22],[-255.525,1.177],[-255.601,1.203],[-255.766,1.093],[-255.756,1.017],[-255.684,1.004],[-255.547,1.058],[-255.572,0.975],[-255.518,0.858],[-255.399,0.835],[-255.349,0.919],[-255.331,1.031],[-255.345,1.096]]]}},{"type":"Feature","properties":{},"geometry":{"type":"Polygon","coordinates":[[[-257.527,1.242],[-257.71,1.404],[-257.79,1.399],[-257.8,1.297],[-257.754,1.205],[-257.768,1.1],[-257.667,0.963],[-257.599,0.928],[-257.534,0.963],[-257.552,1.1],[-257.527,1.242]]]}},{"type":"Feature","properties":{},"geometry":{"type":"Polygon","coordinates":[[[-256.04,1.39],[-256.195,1.449],[-256.292,1.429],[-256.353,1.309],[-256.245,1.297],[-256.173,1.264],[-256.008,1.355],[-256.04,1.39]]]}},{"type":"Feature","properties":{},"geometry":{"type":"Polygon","coordinates":[[[-257.505,1.363],[-257.509,1.49],[-257.538,1.515],[-257.703,1.559],[-257.847,1.581],[-257.926,1.623],[-257.995,1.586],[-257.944,1.51],[-257.865,1.456],[-257.671,1.414],[-257.566,1.299],[-257.505,1.363]]]}},{"type":"Feature","properties":{},"geometry":{"type":"Polygon","coordinates":[[[-242.302,4.111],[-242.338,4.149],[-242.407,4.063],[-242.335,3.982],[-242.259,4.026],[-242.302,4.111]]]}},{"type":"Feature","properties":{},"geometry":{"type":"Polygon","coordinates":[[[-251.605,3.874],[-251.608,3.997],[-251.731,4.112],[-251.774,4.246],[-251.94,4.073],[-252.004,4.035],[-251.997,3.964],[-251.947,3.864],[-251.821,3.817],[-251.835,3.758],[-251.907,3.697],[-251.817,3.648],[-251.698,3.677],[-251.612,3.822],[-251.605,3.874]]]}},{"type":"Feature","properties":{},"geometry":{"type":"Polygon","coordinates":[[[-242.151,4.197],[-242.227,4.252],[-242.299,4.268],[-242.356,4.215],[-242.162,4.04],[-242.065,4.06],[-242.104,4.181],[-242.151,4.197]]]}},{"type":"Feature","properties":{},"geometry":{"type":"Polygon","coordinates":[[[-231.664,26.797],[-231.743,26.886],[-231.776,26.802],[-231.837,26.758],[-231.887,26.673],[-231.985,26.634],[-232.035,26.697],[-232.121,26.695],[-232.107,26.609],[-232.064,26.531],[-232.168,26.489],[-232.193,26.447],[-232.269,26.44],[-232.258,26.32],[-232.363,26.192],[-232.348,26.084],[-232.291,26.084],[-232.204,26.14],[-232.222,26.233],[-232.172,26.317],[-232.1,26.305],[-232.136,26.407],[-232.06,26.447],[-231.945,26.55],[-231.891,26.545],[-231.841,26.619],[-231.758,26.633],[-231.668,26.756],[-231.664,26.797]]]}},{"type":"Feature","properties":{},"geometry":{"type":"Polygon","coordinates":[[[-230.293,28.462],[-230.375,28.483],[-230.602,28.372],[-230.667,28.365],[-230.771,28.304],[-230.825,28.235],[-230.627,28.168],[-230.534,28.215],[-230.559,28.259],[-230.447,28.328],[-230.293,28.462]]]}},{"type":"Feature","properties":{},"geometry":{"type":"Polygon","coordinates":[[[-238.155,31.607],[-238.36,31.665],[-238.526,31.771],[-238.735,31.84],[-238.825,31.785],[-238.655,31.641],[-238.483,31.569],[-238.429,31.53],[-238.317,31.506],[-238.148,31.438],[-238.022,31.477],[-238.018,31.54],[-238.155,31.607]]]}},{"type":"Feature","properties":{},"geometry":{"type":"Polygon","coordinates":[[[-233.054,33.478],[-233.209,33.564],[-233.515,33.521],[-233.691,33.465],[-233.795,33.375],[-233.828,33.269],[-233.713,33.2],[-233.666,33.239],[-233.529,33.228],[-233.392,33.24],[-233.36,33.264],[-233.158,33.309],[-233.061,33.431],[-233.054,33.478]]]}},{"type":"Feature","properties":{},"geometry":{"type":"Polygon","coordinates":[[[-211.986,-40.15],[-211.95,-40.242],[-211.875,-40.27],[-211.774,-40.204],[-211.691,-40.238],[-211.666,-40.174],[-211.716,-40.081],[-211.702,-39.961],[-211.832,-39.936],[-212.048,-39.711],[-212.242,-39.879],[-212.094,-39.961],[-211.986,-40.15]]]}},{"type":"Feature","properties":{},"geometry":{"type":"Polygon","coordinates":[[[-215.896,-39.894],[-215.874,-39.808],[-215.918,-39.627],[-216.015,-39.571],[-216.051,-39.654],[-216.137,-39.701],[-216.137,-39.843],[-216.162,-39.934],[-216.108,-39.993],[-216.119,-40.093],[-216.076,-40.127],[-215.95,-40.076],[-215.864,-39.992],[-215.896,-39.894]]]}},{"type":"Feature","properties":{},"geometry":{"type":"Polygon","coordinates":[[[-221.872,-35.816],[-221.937,-35.762],[-222.092,-35.73],[-222.128,-35.794],[-222.207,-35.804],[-222.221,-35.74],[-222.29,-35.757],[-222.419,-35.726],[-222.354,-35.654],[-222.376,-35.583],[-222.556,-35.612],[-222.646,-35.586],[-222.927,-35.672],[-223.193,-35.708],[-223.38,-35.752],[-223.467,-35.912],[-223.344,-35.975],[-223.283,-36.062],[-223.15,-36.03],[-223.078,-36.049],[-222.981,-36.022],[-222.858,-36.042],[-222.79,-35.98],[-222.628,-36.01],[-222.542,-36.083],[-222.376,-35.991],[-222.372,-35.91],[-222.243,-35.872],[-222.048,-35.88],[-221.951,-35.919],[-221.876,-35.863],[-221.872,-35.816]]]}},{"type":"Feature","properties":{},"geometry":{"type":"Polygon","coordinates":[[[-206.629,-24.989],[-206.698,-24.93],[-206.719,-24.859],[-206.719,-24.693],[-206.806,-24.749],[-206.838,-24.813],[-206.759,-24.913],[-206.773,-25.028],[-206.82,-25.088],[-206.961,-25.183],[-206.932,-25.33],[-207,-25.434],[-207.015,-25.62],[-207,-25.728],[-206.946,-25.798],[-206.899,-25.722],[-206.917,-25.666],[-206.838,-25.463],[-206.734,-25.255],[-206.626,-25.012],[-206.629,-24.989]]]}},{"type":"Feature","properties":{},"geometry":{"type":"Polygon","coordinates":[[[-220.263,-16.492],[-220.277,-16.444],[-220.356,-16.438],[-220.396,-16.399],[-220.511,-16.434],[-220.713,-16.47],[-220.729,-16.492],[-220.781,-16.535],[-220.864,-16.698],[-220.846,-16.755],[-220.774,-16.721],[-220.698,-16.725],[-220.554,-16.664],[-220.505,-16.535],[-220.453,-16.492],[-220.433,-16.492],[-220.403,-16.535],[-220.378,-16.535],[-220.288,-16.492],[-220.276,-16.492],[-220.263,-16.492]]]}},{"type":"Feature","properties":{},"geometry":{"type":"Polygon","coordinates":[[[-223.049,-14.182],[-223.128,-14.207],[-223.211,-14.15],[-223.276,-14.185],[-223.294,-14.074],[-223.218,-14.043],[-223.233,-13.945],[-223.074,-13.805],[-223.143,-13.758],[-223.204,-13.853],[-223.283,-13.829],[-223.344,-13.702],[-223.438,-13.82],[-223.593,-13.832],[-223.571,-13.878],[-223.589,-13.966],[-223.564,-14.121],[-223.618,-14.207],[-223.539,-14.216],[-223.359,-14.28],[-223.265,-14.256],[-223.132,-14.28],[-223.056,-14.268],[-223.049,-14.182]]]}},{"type":"Feature","properties":{},"geometry":{"type":"Polygon","coordinates":[[[-199.498,-11.737],[-199.606,-11.657],[-199.714,-11.617],[-199.912,-11.495],[-199.998,-11.462],[-200.038,-11.521],[-199.991,-11.59],[-199.919,-11.592],[-199.833,-11.654],[-199.775,-11.63],[-199.638,-11.716],[-199.62,-11.777],[-199.516,-11.845],[-199.437,-11.772],[-199.498,-11.737]]]}},{"type":"Feature","properties":{},"geometry":{"type":"Polygon","coordinates":[[[-229.464,-11.705],[-229.551,-11.695],[-229.54,-11.592],[-229.605,-11.534],[-229.601,-11.433],[-229.652,-11.34],[-229.731,-11.338],[-229.828,-11.446],[-229.799,-11.654],[-229.832,-11.693],[-229.936,-11.691],[-229.947,-11.823],[-229.853,-11.825],[-229.695,-11.772],[-229.504,-11.84],[-229.371,-11.804],[-229.364,-11.769],[-229.464,-11.705]]]}},{"type":"Feature","properties":{},"geometry":{"type":"Polygon","coordinates":[[[-206.237,-11.586],[-206.305,-11.521],[-206.453,-11.485],[-206.59,-11.407],[-206.741,-11.353],[-206.77,-11.389],[-206.719,-11.462],[-206.565,-11.578],[-206.529,-11.561],[-206.435,-11.637],[-206.251,-11.612],[-206.237,-11.586]]]}},{"type":"Feature","properties":{},"geometry":{"type":"Polygon","coordinates":[[[-228.464,-11.413],[-228.525,-11.391],[-228.572,-11.25],[-228.658,-11.24],[-228.708,-11.198],[-228.845,-11.249],[-228.989,-11.355],[-229.112,-11.313],[-229.155,-11.36],[-229.277,-11.386],[-229.31,-11.423],[-229.425,-11.276],[-229.493,-11.277],[-229.601,-11.152],[-229.634,-11.205],[-229.594,-11.296],[-229.569,-11.485],[-229.518,-11.544],[-229.504,-11.649],[-229.436,-11.673],[-229.31,-11.789],[-229.022,-11.926],[-228.899,-11.828],[-228.708,-11.723],[-228.622,-11.585],[-228.568,-11.607],[-228.518,-11.475],[-228.464,-11.413]]]}},{"type":"Feature","properties":{},"geometry":{"type":"Polygon","coordinates":[[[-236.611,-10.592],[-236.607,-10.509],[-236.647,-10.479],[-236.776,-10.543],[-236.837,-10.634],[-236.953,-10.712],[-237.082,-10.737],[-237.187,-10.778],[-237.158,-10.921],[-237.028,-10.906],[-237.01,-10.865],[-236.791,-10.813],[-236.758,-10.737],[-236.65,-10.675],[-236.611,-10.592]]]}},{"type":"Feature","properties":{},"geometry":{"type":"Polygon","coordinates":[[[-208.822,-9.955],[-208.872,-10.041],[-208.966,-9.984],[-209.085,-9.83],[-209.117,-9.96],[-209.049,-10.035],[-209.041,-10.106],[-208.843,-10.146],[-208.789,-10.187],[-208.732,-10.075],[-208.699,-9.967],[-208.753,-9.922],[-208.822,-9.955]]]}},{"type":"Feature","properties":{},"geometry":{"type":"Polygon","coordinates":[[[-209.2,-9.653],[-209.124,-9.68],[-209.11,-9.521],[-209.239,-9.4],[-209.326,-9.439],[-209.401,-9.378],[-209.495,-9.337],[-209.567,-9.366],[-209.574,-9.418],[-209.452,-9.623],[-209.344,-9.66],[-209.2,-9.653]]]}},{"type":"Feature","properties":{},"geometry":{"type":"Polygon","coordinates":[[[-209.632,-9.371],[-209.664,-9.283],[-209.787,-9.206],[-209.859,-9.248],[-209.887,-9.369],[-209.83,-9.435],[-209.664,-9.471],[-209.632,-9.371]]]}},{"type":"Feature","properties":{},"geometry":{"type":"Polygon","coordinates":[[[-207.004,-9.141],[-207.047,-9.094],[-207.151,-9.059],[-207.205,-9.003],[-207.4,-8.989],[-207.403,-9.069],[-207.303,-9.14],[-207.187,-9.255],[-207.105,-9.249],[-207.004,-9.141]]]}},{"type":"Feature","properties":{},"geometry":{"type":"Polygon","coordinates":[[[-236.071,-8.228],[-236.197,-8.179],[-236.355,-8.275],[-236.395,-8.365],[-236.47,-8.365],[-236.456,-8.243],[-236.542,-8.279],[-236.531,-8.366],[-236.643,-8.412],[-236.773,-8.527],[-236.675,-8.535],[-236.578,-8.591],[-236.499,-8.522],[-236.427,-8.491],[-236.344,-8.405],[-236.312,-8.436],[-236.225,-8.306],[-236.063,-8.265],[-236.071,-8.228]]]}},{"type":"Feature","properties":{},"geometry":{"type":"Polygon","coordinates":[[[-235.693,-8.221],[-235.743,-8.182],[-235.851,-8.329],[-235.941,-8.306],[-236.017,-8.338],[-236.067,-8.425],[-235.981,-8.431],[-235.916,-8.557],[-235.837,-8.528],[-235.783,-8.402],[-235.7,-8.319],[-235.693,-8.221]]]}},{"type":"Feature","properties":{},"geometry":{"type":"Polygon","coordinates":[[[-221.102,-8.338],[-221.159,-8.277],[-221.17,-8.186],[-221.213,-8.159],[-221.31,-8.181],[-221.343,-8.241],[-221.436,-8.307],[-221.451,-8.348],[-221.3,-8.395],[-221.105,-8.405],[-221.102,-8.338]]]}},{"type":"Feature","properties":{},"geometry":{"type":"Polygon","coordinates":[[[-234.865,-8.218],[-234.911,-8.159],[-235.102,-8.169],[-235.311,-8.165],[-235.397,-8.208],[-235.415,-8.145],[-235.538,-8.138],[-235.603,-8.221],[-235.588,-8.306],[-235.667,-8.414],[-235.581,-8.464],[-235.513,-8.432],[-235.455,-8.447],[-235.351,-8.405],[-235.235,-8.409],[-234.875,-8.353],[-234.865,-8.218]]]}},{"type":"Feature","properties":{},"geometry":{"type":"Polygon","coordinates":[[[-202.201,-8.562],[-202.115,-8.582],[-202.115,-8.468],[-202.162,-8.338],[-202.255,-8.228],[-202.363,-8.23],[-202.389,-8.169],[-202.389,-8.066],[-202.421,-8.005],[-202.489,-7.966],[-202.576,-7.99],[-202.68,-8.133],[-202.68,-8.177],[-202.777,-8.225],[-202.77,-8.317],[-202.702,-8.338],[-202.655,-8.275],[-202.464,-8.258],[-202.396,-8.356],[-202.435,-8.385],[-202.396,-8.468],[-202.27,-8.513],[-202.201,-8.562]]]}},{"type":"Feature","properties":{},"geometry":{"type":"Polygon","coordinates":[[[-202.896,-8.125],[-202.831,-8.135],[-202.799,-8.066],[-202.828,-7.91],[-202.911,-7.851],[-202.997,-7.875],[-203.055,-7.98],[-202.997,-8.086],[-202.896,-8.125]]]}},{"type":"Feature","properties":{},"geometry":{"type":"Polygon","coordinates":[[[-203.191,-7.72],[-203.278,-7.701],[-203.35,-7.612],[-203.429,-7.569],[-203.497,-7.63],[-203.483,-7.72],[-203.382,-7.812],[-203.339,-7.939],[-203.184,-7.735],[-203.191,-7.72]]]}},{"type":"Feature","properties":{},"geometry":{"type":"Polygon","coordinates":[[[-233.162,-7.726],[-233.187,-7.669],[-233.263,-7.672],[-233.367,-7.606],[-233.367,-7.566],[-233.497,-7.59],[-233.673,-7.696],[-233.795,-7.713],[-233.954,-7.694],[-234.044,-7.667],[-234.13,-7.814],[-234.191,-7.865],[-234.188,-8.008],[-234.076,-7.912],[-233.925,-7.883],[-233.81,-7.924],[-233.727,-7.912],[-233.579,-7.932],[-233.533,-7.966],[-233.439,-7.819],[-233.288,-7.748],[-233.162,-7.726]]]}},{"type":"Feature","properties":{},"geometry":{"type":"Polygon","coordinates":[[[-228.302,-7.227],[-228.294,-7.132],[-228.431,-7.13],[-228.546,-7.291],[-228.604,-7.343],[-228.644,-7.436],[-228.683,-7.422],[-228.759,-7.488],[-228.82,-7.65],[-228.885,-7.708],[-228.86,-7.775],[-228.91,-7.85],[-228.874,-7.929],[-228.885,-8],[-228.77,-8.003],[-228.622,-7.892],[-228.611,-7.846],[-228.525,-7.784],[-228.503,-7.726],[-228.42,-7.689],[-228.356,-7.6],[-228.305,-7.429],[-228.338,-7.384],[-228.356,-7.245],[-228.302,-7.227]]]}},{"type":"Feature","properties":{},"geometry":{"type":"Polygon","coordinates":[[[-245.953,-6.914],[-246.075,-6.865],[-246.475,-6.896],[-246.554,-6.882],[-246.853,-6.894],[-246.932,-6.88],[-247.126,-6.897],[-247.238,-7.01],[-247.306,-7.039],[-247.274,-7.159],[-247.18,-7.161],[-246.871,-7.232],[-246.835,-7.22],[-246.449,-7.233],[-246.406,-7.139],[-246.334,-7.11],[-246.169,-7.132],[-246.089,-7.048],[-245.902,-6.983],[-245.953,-6.914]]]}},{"type":"Feature","properties":{},"geometry":{"type":"Polygon","coordinates":[[[-211.95,-5.606],[-212.091,-5.541],[-212.152,-5.486],[-212.217,-5.496],[-212.231,-5.612],[-212.105,-5.771],[-212.03,-5.786],[-211.976,-5.842],[-211.932,-5.747],[-211.922,-5.658],[-211.95,-5.606]]]}},{"type":"Feature","properties":{},"geometry":{"type":"Polygon","coordinates":[[[-237.932,-5.215],[-237.943,-5.175],[-238.054,-5.092],[-238.119,-5.072],[-238.195,-5.259],[-238.119,-5.391],[-238.033,-5.469],[-237.946,-5.432],[-237.95,-5.231],[-237.932,-5.215]]]}},{"type":"Feature","properties":{},"geometry":{"type":"Polygon","coordinates":[[[-236.794,-3.993],[-236.899,-4.013],[-236.971,-3.974],[-237.05,-4.047],[-236.992,-4.172],[-236.913,-4.234],[-236.83,-4.221],[-236.762,-4.123],[-236.747,-4.05],[-236.794,-3.993]]]}},{"type":"Feature","properties":{},"geometry":{"type":"Polygon","coordinates":[[[-231.668,-3.512],[-231.758,-3.522],[-231.841,-3.584],[-231.952,-3.584],[-232.017,-3.62],[-232.089,-3.702],[-232.013,-3.772],[-231.956,-3.718],[-231.873,-3.75],[-231.743,-3.709],[-231.736,-3.615],[-231.664,-3.627],[-231.668,-3.512]]]}},{"type":"Feature","properties":{},"geometry":{"type":"Polygon","coordinates":[[[-251.706,-2.848],[-251.734,-2.757],[-251.803,-2.678],[-251.932,-2.595],[-252.116,-2.564],[-252.166,-2.526],[-252.346,-2.585],[-252.357,-2.748],[-252.393,-2.781],[-252.39,-2.917],[-252.418,-3.01],[-252.408,-3.074],[-252.314,-3.198],[-252.246,-3.199],[-252.112,-3.088],[-252.033,-3.15],[-252.004,-3.243],[-251.925,-3.226],[-251.922,-3.172],[-251.814,-3.137],[-251.785,-2.978],[-251.706,-2.848]]]}},{"type":"Feature","properties":{},"geometry":{"type":"Polygon","coordinates":[[[-209.535,-2.532],[-209.553,-2.485],[-209.794,-2.375],[-209.934,-2.416],[-210.006,-2.466],[-209.909,-2.566],[-209.895,-2.617],[-209.823,-2.676],[-209.635,-2.683],[-209.549,-2.659],[-209.535,-2.532]]]}},{"type":"Feature","properties":{},"geometry":{"type":"Polygon","coordinates":[[[-212.566,-1.984],[-212.577,-2.046],[-212.764,-1.999],[-212.847,-2.005],[-212.89,-1.963],[-213.131,-1.946],[-213.221,-1.98],[-213.362,-1.977],[-213.412,-2.041],[-213.387,-2.112],[-213.48,-2.139],[-213.448,-2.22],[-213.351,-2.169],[-213.196,-2.169],[-213.045,-2.195],[-212.868,-2.163],[-212.782,-2.183],[-212.71,-2.065],[-212.57,-2.061],[-212.566,-1.984]]]}},{"type":"Feature","properties":{},"geometry":{"type":"Polygon","coordinates":[[[-233.669,-1.82],[-233.882,-1.806],[-234.008,-1.786],[-234.296,-1.82],[-234.44,-1.798],[-234.505,-1.806],[-234.598,-1.774],[-234.652,-1.811],[-234.53,-1.938],[-234.379,-1.916],[-234.213,-1.919],[-234.127,-1.902],[-234.073,-1.931],[-234.019,-1.902],[-233.727,-1.867],[-233.669,-1.82]]]}},{"type":"Feature","properties":{},"geometry":{"type":"Polygon","coordinates":[[[-229.612,-1.889],[-229.562,-1.85],[-229.648,-1.742],[-229.666,-1.676],[-229.781,-1.735],[-229.947,-1.739],[-230.127,-1.82],[-230.257,-1.864],[-230.257,-1.913],[-230.084,-2.002],[-229.932,-2.022],[-229.875,-2.066],[-229.745,-2.046],[-229.713,-2.004],[-229.626,-2.012],[-229.565,-1.963],[-229.612,-1.889]]]}},{"type":"Feature","properties":{},"geometry":{"type":"Polygon","coordinates":[[[-234.685,-1.779],[-234.717,-1.73],[-234.807,-1.783],[-234.814,-1.703],[-234.886,-1.691],[-234.904,-1.764],[-234.976,-1.723],[-235.369,-1.631],[-235.613,-1.668],[-235.671,-1.87],[-235.57,-2.012],[-235.459,-2.007],[-235.329,-1.97],[-235.214,-1.908],[-235.145,-1.897],[-234.987,-1.945],[-234.951,-1.887],[-234.89,-1.896],[-234.677,-1.864],[-234.685,-1.779]]]}},{"type":"Feature","properties":{},"geometry":{"type":"Polygon","coordinates":[[[-223.15,-1.766],[-223.294,-1.73],[-223.38,-1.739],[-223.546,-1.717],[-223.611,-1.725],[-223.809,-1.654],[-224.104,-1.647],[-224.417,-1.614],[-224.536,-1.59],[-224.514,-1.675],[-224.28,-1.703],[-223.924,-1.842],[-223.816,-1.855],[-223.733,-1.909],[-223.661,-1.86],[-223.474,-1.901],[-223.445,-1.867],[-223.355,-1.877],[-223.269,-1.826],[-223.128,-1.82],[-223.15,-1.766]]]}},{"type":"Feature","properties":{},"geometry":{"type":"Polygon","coordinates":[[[-253.232,-2.561],[-253.646,-2.463],[-253.736,-2.352],[-253.801,-2.178],[-253.837,-2.007],[-253.826,-1.879],[-253.88,-1.82],[-253.966,-1.666],[-253.959,-1.583],[-254.125,-1.489],[-254.19,-1.526],[-254.28,-1.524],[-254.244,-1.646],[-254.233,-1.769],[-254.305,-1.766],[-254.352,-1.722],[-254.352,-1.634],[-254.388,-1.539],[-254.528,-1.558],[-254.65,-1.649],[-254.665,-1.698],[-254.596,-1.783],[-254.701,-1.874],[-254.845,-1.936],[-254.874,-2.004],[-254.852,-2.08],[-254.769,-2.07],[-254.694,-2.135],[-254.55,-2.122],[-254.434,-2.066],[-254.391,-2.115],[-254.251,-2.135],[-254.204,-2.173],[-254.172,-2.396],[-254.071,-2.456],[-254.056,-2.499],[-254.1,-2.629],[-254.078,-2.716],[-254.013,-2.821],[-253.905,-2.841],[-253.696,-2.914],[-253.65,-2.961],[-253.552,-2.981],[-253.47,-3.106],[-253.398,-3.071],[-253.293,-3.095],[-253.261,-3.005],[-253.387,-2.943],[-253.398,-2.911],[-253.326,-2.699],[-253.232,-2.561]]]}},{"type":"Feature","properties":{},"geometry":{"type":"Polygon","coordinates":[[[-231.855,-1.593],[-231.952,-1.546],[-232.114,-1.421],[-232.193,-1.42],[-232.233,-1.369],[-232.377,-1.33],[-232.517,-1.448],[-232.597,-1.492],[-232.622,-1.632],[-232.568,-1.686],[-232.467,-1.732],[-232.352,-1.723],[-232.298,-1.69],[-232.147,-1.696],[-232.067,-1.683],[-231.949,-1.715],[-231.848,-1.669],[-231.855,-1.593]]]}},{"type":"Feature","properties":{},"geometry":{"type":"Polygon","coordinates":[[[-236.495,-1.264],[-236.636,-1.224],[-236.744,-1.377],[-236.798,-1.308],[-236.755,-1.224],[-236.816,-1.143],[-236.981,-1.173],[-237.086,-1.176],[-237.165,-1.274],[-237.187,-1.443],[-237.125,-1.585],[-237.007,-1.509],[-236.906,-1.347],[-236.837,-1.354],[-236.816,-1.485],[-236.888,-1.556],[-236.823,-1.622],[-236.747,-1.6],[-236.751,-1.511],[-236.704,-1.418],[-236.639,-1.511],[-236.546,-1.499],[-236.47,-1.433],[-236.449,-1.284],[-236.495,-1.264]]]}},{"type":"Feature","properties":{},"geometry":{"type":"Polygon","coordinates":[[[-223.625,-1.094],[-223.704,-1.055],[-223.805,-1.067],[-223.953,-0.854],[-224.108,-0.72],[-224.172,-0.7],[-224.223,-0.749],[-224.324,-0.685],[-224.63,-0.653],[-224.608,-0.724],[-224.514,-0.758],[-224.36,-0.881],[-224.28,-0.825],[-224.234,-0.839],[-224.165,-1.05],[-224.154,-1.148],[-224.093,-1.19],[-224.007,-1.17],[-223.856,-1.224],[-223.708,-1.183],[-223.625,-1.094]]]}},{"type":"Feature","properties":{},"geometry":{"type":"Polygon","coordinates":[[[-255.453,-0.398],[-255.529,-0.332],[-255.619,-0.401],[-255.669,-0.347],[-255.745,-0.476],[-255.655,-0.579],[-255.478,-0.597],[-255.468,-0.528],[-255.399,-0.464],[-255.453,-0.398]]]}},{"type":"Feature","properties":{},"geometry":{"type":"Polygon","coordinates":[[[-232.111,-0.764],[-232.211,-0.69],[-232.348,-0.707],[-232.381,-0.574],[-232.316,-0.46],[-232.42,-0.325],[-232.485,-0.302],[-232.539,-0.406],[-232.64,-0.325],[-232.708,-0.46],[-232.687,-0.523],[-232.593,-0.624],[-232.528,-0.641],[-232.564,-0.729],[-232.543,-0.815],[-232.373,-0.753],[-232.348,-0.827],[-232.251,-0.886],[-232.168,-0.859],[-232.111,-0.764]]]}},{"type":"Feature","properties":{},"geometry":{"type":"Polygon","coordinates":[[[-228.701,-0.238],[-228.701,-0.16],[-228.845,-0.086],[-229.176,-0.005],[-229.378,-0.052],[-229.428,-0.045],[-229.565,-0.094],[-229.619,-0.074],[-229.72,-0.131],[-229.644,-0.202],[-229.684,-0.259],[-229.461,-0.317],[-229.313,-0.292],[-229.32,-0.339],[-229.266,-0.442],[-229.133,-0.43],[-229.061,-0.371],[-229.112,-0.297],[-229.248,-0.288],[-229.317,-0.17],[-229.371,-0.141],[-229.324,-0.077],[-229.216,-0.18],[-229.202,-0.239],[-229.119,-0.254],[-229.022,-0.361],[-228.899,-0.324],[-228.762,-0.39],[-228.662,-0.278],[-228.701,-0.238]]]}},{"type":"Feature","properties":{},"geometry":{"type":"Polygon","coordinates":[[[-255.072,-0.238],[-255.122,-0.167],[-255.234,-0.189],[-255.324,-0.053],[-255.435,0.023],[-255.475,-0.008],[-255.489,-0.114],[-255.565,-0.192],[-255.471,-0.27],[-255.288,-0.209],[-255.147,-0.302],[-255.064,-0.332],[-255.072,-0.238]]]}},{"type":"Feature","properties":{},"geometry":{"type":"Polygon","coordinates":[[[-231.315,2.484],[-231.416,2.625],[-231.484,2.574],[-231.535,2.594],[-231.679,2.459],[-231.722,2.368],[-231.805,2.267],[-231.769,2.246],[-231.754,2.106],[-231.653,2.04],[-231.509,2.054],[-231.434,2.11],[-231.358,2.262],[-231.355,2.326],[-231.304,2.439],[-231.315,2.484]]]}},{"type":"Feature","properties":{},"geometry":{"type":"Polygon","coordinates":[[[-233.129,4.332],[-233.126,4.494],[-233.205,4.551],[-233.266,4.536],[-233.295,4.423],[-233.288,4.264],[-233.209,4.241],[-233.281,4.097],[-233.335,4.035],[-233.241,3.992],[-233.191,4.038],[-233.191,4.158],[-233.079,4.283],[-233.129,4.332]]]}},{"type":"Feature","properties":{},"geometry":{"type":"Polygon","coordinates":[[[-237.705,6.633],[-237.932,6.741],[-238.061,6.677],[-238.162,6.669],[-238.184,6.593],[-238.126,6.574],[-238.119,6.503],[-238.043,6.407],[-237.943,6.414],[-237.813,6.451],[-237.766,6.571],[-237.705,6.633]]]}},{"type":"Feature","properties":{},"geometry":{"type":"Polygon","coordinates":[[[-235.433,9.87],[-235.444,9.926],[-235.412,10.024],[-235.523,10.07],[-235.667,10.161],[-235.833,10.137],[-235.927,10.048],[-235.948,9.98],[-236.067,9.94],[-236.171,9.843],[-236.2,9.757],[-236.125,9.722],[-236.135,9.663],[-236.063,9.617],[-235.934,9.595],[-235.707,9.607],[-235.617,9.637],[-235.57,9.715],[-235.505,9.762],[-235.415,9.732],[-235.376,9.801],[-235.433,9.87]]]}},{"type":"Feature","properties":{},"geometry":{"type":"Polygon","coordinates":[[[-234.281,9.913],[-234.31,9.941],[-234.296,10.081],[-234.343,10.262],[-234.314,10.401],[-234.386,10.38],[-234.479,10.318],[-234.461,10.215],[-234.505,10.103],[-234.415,10.034],[-234.389,9.967],[-234.281,9.913]]]}},{"type":"Feature","properties":{},"geometry":{"type":"Polygon","coordinates":[[[-239.653,12.03],[-239.699,12.126],[-239.804,12.113],[-239.995,12.263],[-240.128,12.251],[-240.016,12.025],[-239.894,11.968],[-239.815,12.018],[-239.761,11.988],[-239.653,12.03]]]}},{"type":"Feature","properties":{},"geometry":{"type":"Polygon","coordinates":[[[-235.945,11.8],[-235.948,11.971],[-236.11,12.207],[-236.233,12.214],[-236.297,12.32],[-236.391,12.38],[-236.452,12.461],[-236.585,12.521],[-236.643,12.496],[-236.679,12.57],[-236.769,12.58],[-236.758,12.464],[-236.726,12.423],[-236.78,12.234],[-236.722,12.165],[-236.791,12.114],[-236.819,11.93],[-236.636,12.106],[-236.589,12.189],[-236.513,12.217],[-236.459,12.194],[-236.384,12.079],[-236.279,11.995],[-236.236,11.915],[-236.143,11.913],[-236.11,11.871],[-235.991,11.797],[-235.945,11.8]]]}},{"type":"Feature","properties":{},"geometry":{"type":"Polygon","coordinates":[[[-237.885,12.667],[-238.004,12.592],[-238.007,12.442],[-238.054,12.4],[-238.079,12.304],[-238,12.211],[-237.964,12.214],[-237.917,12.315],[-237.863,12.56],[-237.885,12.667]]]}},{"type":"Feature","properties":{},"geometry":{"type":"Polygon","coordinates":[[[-237.899,13.416],[-237.903,13.48],[-237.979,13.533],[-238.09,13.523],[-238.126,13.568],[-238.187,13.45],[-238.184,13.342],[-238.126,13.276],[-238.007,13.202],[-237.881,13.357],[-237.899,13.416]]]}},{"type":"Feature","properties":{},"geometry":{"type":"Polygon","coordinates":[[[-235.581,13.872],[-235.721,13.955],[-235.747,14.046],[-235.808,14.09],[-235.876,14.05],[-235.869,13.818],[-235.912,13.717],[-235.973,13.67],[-235.829,13.529],[-235.779,13.582],[-235.707,13.604],[-235.61,13.712],[-235.581,13.872]]]}},{"type":"Feature","properties":{},"geometry":{"type":"Polygon","coordinates":[[[-191.862,-21.433],[-191.992,-21.453],[-192.035,-21.394],[-192.165,-21.373],[-192.15,-21.483],[-192.039,-21.61],[-191.963,-21.659],[-191.887,-21.632],[-191.855,-21.488],[-191.862,-21.433]]]}},{"type":"Feature","properties":{},"geometry":{"type":"Polygon","coordinates":[[[-192.568,-21.027],[-192.615,-20.941],[-192.715,-20.902],[-192.719,-20.796],[-192.69,-20.73],[-192.787,-20.673],[-192.881,-20.761],[-192.82,-20.83],[-192.931,-20.96],[-192.881,-21.053],[-192.733,-21.091],[-192.669,-21.164],[-192.575,-21.147],[-192.568,-21.027]]]}},{"type":"Feature","properties":{},"geometry":{"type":"Polygon","coordinates":[[[-190.663,-18.935],[-190.703,-18.864],[-190.807,-18.787],[-190.836,-18.651],[-190.923,-18.618],[-190.991,-18.65],[-191.016,-18.77],[-191.013,-18.876],[-190.746,-18.984],[-190.663,-18.935]]]}},{"type":"Feature","properties":{},"geometry":{"type":"Polygon","coordinates":[[[-191.452,-17.691],[-191.545,-17.547],[-191.679,-17.532],[-191.733,-17.559],[-191.823,-17.657],[-191.715,-17.711],[-191.7,-17.772],[-191.603,-17.824],[-191.459,-17.797],[-191.452,-17.691]]]}},{"type":"Feature","properties":{},"geometry":{"type":"Polygon","coordinates":[[[-191.92,-16.169],[-192.089,-16.233],[-191.977,-16.326],[-191.859,-16.362],[-191.711,-16.343],[-191.679,-16.282],[-191.769,-16.228],[-191.782,-16.169],[-191.788,-16.149],[-191.83,-16.08],[-191.901,-16.149],[-191.92,-16.169]]]}},{"type":"Feature","properties":{},"geometry":{"type":"Polygon","coordinates":[[[-238.619,6.005],[-238.727,6.025],[-238.781,5.998],[-238.821,6.064],[-238.958,6.096],[-239.095,6.015],[-239.127,5.961],[-239.084,5.894],[-238.99,5.924],[-238.925,5.889],[-238.771,5.943],[-238.738,5.872],[-238.612,5.911],[-238.619,6.005]]]}},{"type":"Feature","properties":{},"geometry":{"type":"Polygon","coordinates":[[[-191.801,-47.048],[-191.769,-46.972],[-191.848,-46.966],[-191.823,-46.864],[-191.905,-46.812],[-191.995,-46.724],[-192.078,-46.684],[-192.211,-46.697],[-192.237,-46.819],[-192.183,-46.898],[-192.262,-46.955],[-192.255,-47.028],[-192.352,-47.048],[-192.388,-47.148],[-192.467,-47.204],[-192.478,-47.273],[-192.373,-47.264],[-192.355,-47.205],[-192.237,-47.138],[-192.211,-47.172],[-192.1,-47.188],[-192.003,-47.124],[-191.808,-47.099],[-191.801,-47.048]]]}},{"type":"Feature","properties":{},"geometry":{"type":"Polygon","coordinates":[[[-248.991,19.684],[-249.023,19.867],[-249.067,19.995],[-249.211,20.01],[-249.29,20.074],[-249.405,20.108],[-249.43,20.03],[-249.473,20.02],[-249.675,20.061],[-249.74,20.034],[-249.844,20.068],[-249.884,20.002],[-250.024,19.933],[-250.086,19.99],[-250.194,19.951],[-250.28,20.01],[-250.406,19.993],[-250.474,19.951],[-250.474,19.862],[-250.536,19.835],[-250.698,19.922],[-250.834,19.806],[-250.834,19.743],[-250.755,19.73],[-250.845,19.649],[-250.986,19.602],[-251.058,19.514],[-251.23,19.394],[-251.313,19.379],[-251.374,19.276],[-251.32,19.152],[-251.385,19.102],[-251.346,18.921],[-251.378,18.848],[-251.306,18.72],[-251.306,18.504],[-251.205,18.487],[-251,18.367],[-250.863,18.36],[-250.838,18.288],[-250.78,18.306],[-250.561,18.29],[-250.431,18.193],[-250.323,18.246],[-250.273,18.303],[-250.255,18.396],[-250.165,18.382],[-250.035,18.416],[-249.959,18.382],[-249.898,18.539],[-249.729,18.668],[-249.574,18.681],[-249.531,18.778],[-249.567,18.83],[-249.491,18.897],[-249.491,18.965],[-249.437,19.056],[-249.455,19.151],[-249.394,19.2],[-249.329,19.382],[-249.254,19.423],[-249.178,19.554],[-249.124,19.539],[-248.991,19.684]]]}},{"type":"Feature","properties":{},"geometry":{"type":"Polygon","coordinates":[[[-238.094,24.949],[-237.993,25.002],[-238.09,25.035],[-238.108,25.113],[-238.281,25.152],[-238.349,25.198],[-238.418,25.284],[-238.54,25.262],[-238.67,25.13],[-238.789,25.111],[-238.969,25.029],[-239.037,24.941],[-239.152,24.711],[-239.296,24.607],[-239.35,24.483],[-239.429,24.406],[-239.523,24.206],[-239.588,24.097],[-239.66,24.022],[-239.714,23.902],[-239.811,23.774],[-239.858,23.637],[-239.876,23.521],[-239.869,23.36],[-239.941,23.151],[-239.894,23.048],[-239.833,23.031],[-239.825,22.884],[-239.746,22.69],[-239.743,22.627],[-239.667,22.519],[-239.487,22.425],[-239.379,22.295],[-239.303,22.112],[-239.318,22.015],[-239.203,21.947],[-239.12,22.055],[-239.12,22.346],[-239.041,22.548],[-238.979,22.648],[-238.857,22.742],[-238.81,22.844],[-238.702,22.958],[-238.652,23.083],[-238.601,23.146],[-238.583,23.276],[-238.537,23.343],[-238.479,23.659],[-238.371,24.026],[-238.393,24.076],[-238.339,24.193],[-238.227,24.313],[-238.22,24.433],[-238.159,24.482],[-238.148,24.573],[-238.173,24.623],[-238.195,24.779],[-238.177,24.855],[-238.094,24.949]]]}},{"type":"Feature","properties":{},"geometry":{"type":"Polygon","coordinates":[[[-240.797,-8.611],[-240.923,-8.652],[-240.97,-8.547],[-240.949,-8.471],[-241.003,-8.321],[-241.139,-8.289],[-241.222,-8.309],[-241.283,-8.38],[-241.352,-8.289],[-241.557,-8.258],[-241.672,-8.368],[-241.748,-8.341],[-241.823,-8.233],[-241.849,-8.135],[-242.043,-8.083],[-242.252,-8.145],[-242.295,-8.23],[-242.176,-8.355],[-241.996,-8.474],[-241.942,-8.451],[-241.805,-8.549],[-241.715,-8.588],[-241.733,-8.652],[-241.924,-8.653],[-242.032,-8.748],[-242.115,-8.699],[-242.212,-8.711],[-242.227,-8.604],[-242.353,-8.552],[-242.371,-8.458],[-242.443,-8.405],[-242.554,-8.409],[-242.572,-8.466],[-242.648,-8.447],[-242.806,-8.358],[-243.015,-8.496],[-243.141,-8.523],[-243.209,-8.584],[-243.253,-8.667],[-243.235,-8.738],[-243.177,-8.787],[-243.263,-8.873],[-243.271,-8.962],[-243.195,-9.037],[-243.051,-9.06],[-242.99,-9.108],[-242.875,-9.091],[-242.828,-9.032],[-242.774,-9.023],[-242.666,-9.059],[-242.482,-9.018],[-242.263,-8.91],[-242.176,-8.905],[-242.108,-8.937],[-241.921,-8.844],[-241.841,-8.868],[-241.726,-8.772],[-241.661,-8.692],[-241.561,-8.66],[-241.607,-8.77],[-241.586,-8.854],[-241.535,-8.864],[-241.33,-8.807],[-241.244,-8.802],[-241.172,-8.851],[-241.093,-8.851],[-241.075,-8.797],[-241.265,-8.775],[-241.237,-8.711],[-241.143,-8.721],[-241.1,-8.689],[-241.01,-8.755],[-240.819,-8.721],[-240.797,-8.611]]]}},{"type":"Feature","properties":{},"geometry":{"type":"Polygon","coordinates":[[[-236.974,-8.289],[-237.035,-8.132],[-237.136,-8.069],[-237.205,-8.11],[-237.255,-8.208],[-237.208,-8.23],[-237.147,-8.191],[-237.057,-8.216],[-237.118,-8.285],[-237.241,-8.361],[-237.403,-8.395],[-237.518,-8.495],[-237.485,-8.552],[-237.55,-8.604],[-237.712,-8.633],[-237.77,-8.616],[-237.86,-8.542],[-237.975,-8.5],[-237.971,-8.431],[-238.108,-8.493],[-238.166,-8.474],[-238.321,-8.512],[-238.49,-8.603],[-238.547,-8.567],[-238.619,-8.572],[-238.72,-8.468],[-238.969,-8.393],[-239.023,-8.338],[-239.257,-8.329],[-239.397,-8.257],[-239.541,-8.275],[-239.725,-8.268],[-239.786,-8.292],[-239.89,-8.392],[-239.977,-8.385],[-239.991,-8.425],[-240.081,-8.461],[-240.178,-8.547],[-240.196,-8.596],[-240.189,-8.763],[-240.11,-8.807],[-240.023,-8.814],[-239.869,-8.772],[-239.757,-8.824],[-239.678,-8.831],[-239.62,-8.795],[-239.408,-8.795],[-239.357,-8.844],[-239.235,-8.866],[-239.188,-8.816],[-239.077,-8.927],[-238.933,-8.94],[-238.835,-8.895],[-238.659,-8.919],[-238.605,-8.794],[-238.418,-8.817],[-238.205,-8.885],[-238.123,-8.837],[-237.993,-8.802],[-237.885,-8.733],[-237.748,-8.75],[-237.593,-8.741],[-237.485,-8.713],[-237.435,-8.669],[-237.194,-8.611],[-237.151,-8.552],[-237.194,-8.486],[-237.122,-8.463],[-237.097,-8.363],[-236.999,-8.341],[-236.974,-8.289]]]}},{"type":"Feature","properties":{},"geometry":{"type":"Polygon","coordinates":[[[-198.605,-9.413],[-198.605,-9.65],[-198.533,-9.69],[-198.454,-9.773],[-198.429,-9.726],[-198.447,-9.623],[-198.583,-9.386],[-198.605,-9.413]]]}},{"type":"Feature","properties":{},"geometry":{"type":"Polygon","coordinates":[[[-199.174,-9.837],[-199.213,-9.727],[-199.3,-9.694],[-199.372,-9.582],[-199.653,-9.42],[-199.879,-9.434],[-199.966,-9.417],[-200.059,-9.434],[-200.221,-9.282],[-200.29,-9.248],[-200.383,-9.295],[-200.398,-9.521],[-200.333,-9.596],[-200.275,-9.707],[-200.164,-9.793],[-200.113,-9.783],[-199.977,-9.82],[-199.681,-9.815],[-199.555,-9.893],[-199.512,-9.884],[-199.354,-9.937],[-199.203,-9.884],[-199.174,-9.837]]]}},{"type":"Feature","properties":{},"geometry":{"type":"Polygon","coordinates":[[[-235.534,-9.179],[-235.808,-9.255],[-235.84,-9.297],[-236.009,-9.347],[-236.135,-9.488],[-236.207,-9.516],[-236.312,-9.611],[-236.33,-9.741],[-236.355,-9.775],[-236.341,-9.871],[-236.416,-9.943],[-236.423,-10.035],[-236.315,-10.025],[-236.251,-10.097],[-236.452,-10.187],[-236.506,-10.246],[-236.485,-10.335],[-236.384,-10.366],[-236.175,-10.364],[-236.067,-10.295],[-235.966,-10.276],[-235.891,-10.185],[-235.581,-10.163],[-235.502,-10.112],[-235.441,-10.014],[-235.264,-9.9],[-235.153,-9.748],[-235.03,-9.663],[-234.998,-9.537],[-234.886,-9.444],[-234.803,-9.425],[-234.62,-9.282],[-234.389,-9.187],[-234.321,-9.194],[-234.13,-9.123],[-234.055,-9.126],[-233.835,-8.988],[-233.569,-8.954],[-233.493,-8.912],[-233.417,-8.805],[-233.306,-8.763],[-233.155,-8.753],[-233.061,-8.692],[-232.978,-8.675],[-232.906,-8.603],[-232.697,-8.432],[-232.712,-8.383],[-232.805,-8.329],[-232.931,-8.358],[-233.032,-8.309],[-233.158,-8.392],[-233.27,-8.412],[-233.45,-8.486],[-233.59,-8.419],[-233.759,-8.495],[-233.932,-8.522],[-234.101,-8.481],[-234.267,-8.522],[-234.368,-8.522],[-234.533,-8.574],[-234.62,-8.571],[-234.728,-8.611],[-234.857,-8.631],[-234.893,-8.689],[-234.901,-8.778],[-234.962,-8.826],[-235.045,-8.942],[-235.131,-8.994],[-235.307,-9.067],[-235.397,-9.157],[-235.534,-9.179]]]}},{"type":"Feature","properties":{},"geometry":{"type":"Polygon","coordinates":[[[-204.066,-6.641],[-204.084,-6.517],[-204.185,-6.365],[-204.243,-6.343],[-204.358,-6.217],[-204.498,-6.19],[-204.549,-6.137],[-204.595,-6.006],[-204.721,-5.884],[-204.797,-5.854],[-204.808,-5.756],[-204.934,-5.589],[-204.934,-5.548],[-205.103,-5.545],[-205.265,-5.427],[-205.229,-5.558],[-205.258,-5.592],[-205.301,-5.768],[-205.251,-5.835],[-205.243,-5.948],[-205.114,-6.077],[-205.067,-6.097],[-205.009,-6.208],[-204.919,-6.262],[-204.819,-6.291],[-204.765,-6.364],[-204.775,-6.5],[-204.811,-6.554],[-204.671,-6.72],[-204.477,-6.84],[-204.282,-6.874],[-204.185,-6.782],[-204.12,-6.801],[-204.037,-6.701],[-204.066,-6.641]]]}},{"type":"Feature","properties":{},"geometry":{"type":"Polygon","coordinates":[[[-205.272,-5.212],[-205.308,-5.17],[-205.308,-5.08],[-205.344,-5.02],[-205.405,-5.035],[-205.459,-5.104],[-205.416,-5.139],[-205.427,-5.291],[-205.387,-5.389],[-205.301,-5.4],[-205.272,-5.212]]]}},{"type":"Feature","properties":{},"geometry":{"type":"Polygon","coordinates":[[[-207.583,-4.346],[-207.724,-4.336],[-207.821,-4.297],[-207.864,-4.204],[-207.965,-4.256],[-208.037,-4.331],[-208.116,-4.305],[-208.181,-4.214],[-208.458,-4.177],[-208.494,-4.229],[-208.451,-4.388],[-208.379,-4.474],[-208.332,-4.646],[-208.336,-4.766],[-208.303,-4.819],[-208.339,-4.933],[-208.386,-4.966],[-208.465,-4.917],[-208.509,-4.942],[-208.613,-4.915],[-208.746,-4.993],[-208.941,-5.2],[-208.966,-5.259],[-208.987,-5.411],[-209.124,-5.492],[-209.189,-5.443],[-209.283,-5.535],[-209.365,-5.557],[-209.427,-5.474],[-209.506,-5.447],[-209.578,-5.457],[-209.693,-5.562],[-209.859,-5.535],[-209.887,-5.442],[-209.967,-5.295],[-209.927,-5.273],[-209.938,-5.182],[-209.884,-5.123],[-209.819,-5.102],[-209.808,-5.038],[-209.887,-5.008],[-209.967,-5.035],[-209.995,-5.177],[-209.985,-5.248],[-210.082,-5.349],[-210.014,-5.421],[-210.089,-5.514],[-210.212,-5.535],[-210.28,-5.568],[-210.384,-5.514],[-210.507,-5.587],[-210.777,-5.599],[-210.798,-5.565],[-211.022,-5.465],[-211.166,-5.535],[-211.256,-5.492],[-211.349,-5.481],[-211.414,-5.535],[-211.554,-5.45],[-211.612,-5.469],[-211.659,-5.533],[-211.677,-5.646],[-211.616,-5.774],[-211.493,-5.801],[-211.45,-5.837],[-211.378,-5.808],[-211.324,-5.849],[-211.234,-5.862],[-211.151,-5.92],[-211.104,-5.985],[-210.989,-6.028],[-210.914,-6.151],[-210.809,-6.095],[-210.68,-6.055],[-210.536,-6.102],[-210.41,-6.271],[-210.309,-6.308],[-210.273,-6.288],[-210.089,-6.294],[-210.01,-6.274],[-209.898,-6.303],[-209.837,-6.259],[-209.772,-6.291],[-209.535,-6.274],[-209.412,-6.178],[-209.203,-6.121],[-209.171,-6.014],[-209.121,-6.055],[-209.027,-6.021],[-208.941,-6.029],[-208.912,-5.985],[-208.793,-5.943],[-208.714,-5.855],[-208.613,-5.805],[-208.584,-5.722],[-208.469,-5.648],[-208.53,-5.616],[-208.537,-5.535],[-208.419,-5.535],[-208.368,-5.57],[-208.278,-5.53],[-208.213,-5.585],[-208.03,-5.535],[-207.9,-5.455],[-207.85,-5.369],[-207.918,-5.239],[-208.012,-5.165],[-208.03,-5.004],[-208.008,-4.972],[-207.864,-4.999],[-207.753,-4.976],[-207.612,-4.792],[-207.587,-4.684],[-207.634,-4.472],[-207.583,-4.346]]]}},{"type":"Feature","properties":{},"geometry":{"type":"Polygon","coordinates":[[[-229.126,-3.574],[-229.238,-3.405],[-229.335,-3.404],[-229.367,-3.338],[-229.367,-3.253],[-229.41,-3.13],[-229.511,-3.088],[-229.612,-2.993],[-229.698,-2.976],[-229.954,-2.992],[-230.087,-2.933],[-230.203,-2.907],[-230.221,-2.875],[-230.476,-2.786],[-230.627,-2.808],[-230.642,-2.857],[-230.879,-2.958],[-230.937,-2.895],[-230.948,-2.804],[-231.135,-2.862],[-231.398,-2.855],[-231.502,-2.836],[-231.617,-2.86],[-231.826,-2.857],[-231.909,-3.034],[-232.096,-3.15],[-232.157,-3.166],[-232.114,-3.267],[-232.013,-3.377],[-231.941,-3.297],[-231.934,-3.198],[-231.891,-3.1],[-231.815,-3.074],[-231.823,-3.191],[-231.718,-3.221],[-231.599,-3.41],[-231.517,-3.463],[-231.452,-3.437],[-231.322,-3.432],[-231.308,-3.348],[-231.124,-3.203],[-231.02,-3.252],[-231.063,-3.321],[-231.016,-3.348],[-230.915,-3.341],[-230.764,-3.402],[-230.642,-3.41],[-230.516,-3.463],[-230.437,-3.439],[-230.498,-3.334],[-230.455,-3.297],[-230.109,-3.333],[-230.066,-3.348],[-230.015,-3.459],[-229.875,-3.534],[-229.58,-3.637],[-229.522,-3.697],[-229.436,-3.731],[-229.385,-3.787],[-229.234,-3.834],[-229.184,-3.87],[-229.169,-3.694],[-229.126,-3.574]]]}},{"type":"Feature","properties":{},"geometry":{"type":"Polygon","coordinates":[[[-232.334,-0.209],[-232.276,-0.298],[-232.15,-0.366],[-232.031,-0.56],[-231.952,-0.712],[-231.751,-0.796],[-231.751,-0.867],[-231.614,-0.867],[-231.772,-0.71],[-231.956,-0.415],[-231.981,-0.312],[-232.096,-0.05],[-232.114,0.066],[-232.078,0.146],[-232.093,0.276],[-232.121,0.325],[-232.089,0.438],[-232.021,0.473],[-231.848,0.455],[-231.736,0.391],[-231.524,0.387],[-231.463,0.326],[-231.139,0.244],[-231.175,0.311],[-231.311,0.347],[-231.315,0.541],[-231.517,0.598],[-231.556,0.637],[-231.686,0.668],[-231.787,0.774],[-231.707,0.818],[-231.686,0.902],[-231.56,0.931],[-231.355,1.054],[-231.297,1.074],[-231.301,1.171],[-231.257,1.405],[-231.315,1.446],[-231.279,1.571],[-231.394,1.578],[-231.481,1.535],[-231.542,1.546],[-231.635,1.503],[-231.675,1.456],[-231.794,1.39],[-231.887,1.232],[-231.805,1.196],[-231.855,1.125],[-231.945,1.12],[-232.064,1.007],[-232.071,0.885],[-232.147,0.811],[-232.204,0.799],[-232.33,0.879],[-232.377,0.955],[-232.33,1.032],[-232.165,1.144],[-232.111,1.152],[-232.028,1.297],[-231.985,1.318],[-231.985,1.465],[-231.963,1.537],[-232.006,1.627],[-231.985,1.72],[-232.06,1.801],[-232.154,1.851],[-232.136,1.929],[-232.064,1.963],[-232.035,2.054],[-231.949,2.147],[-232.046,2.196],[-232.096,2.153],[-232.309,1.926],[-232.445,1.693],[-232.445,1.6],[-232.481,1.532],[-232.46,1.476],[-232.535,1.314],[-232.593,1.23],[-232.571,1.129],[-232.597,1.042],[-232.507,1.054],[-232.485,0.96],[-232.507,0.906],[-232.388,0.858],[-232.381,0.813],[-232.445,0.74],[-232.474,0.561],[-232.431,0.431],[-232.345,0.342],[-232.283,0.313],[-232.319,0.163],[-232.301,0.038],[-232.312,-0.124],[-232.334,-0.209]]]}},{"type":"Feature","properties":{},"geometry":{"type":"Polygon","coordinates":[[[-236.427,10.831],[-236.477,10.921],[-236.596,10.953],[-236.672,10.951],[-236.787,10.997],[-236.913,10.926],[-237.035,10.877],[-237.028,10.721],[-237.089,10.598],[-237.187,10.515],[-237.129,10.35],[-237.143,10.228],[-237.122,10.119],[-237.273,9.997],[-237.341,9.975],[-237.525,9.975],[-237.604,9.837],[-237.597,9.7],[-237.539,9.656],[-237.503,9.561],[-237.399,9.433],[-237.277,9.37],[-237.19,9.364],[-237.118,9.306],[-237.068,9.122],[-236.967,9.036],[-236.837,9.065],[-236.769,9.107],[-236.701,9.215],[-236.679,9.343],[-236.747,9.445],[-236.801,9.487],[-236.823,9.59],[-236.866,9.619],[-236.83,9.696],[-236.845,9.867],[-236.711,10.093],[-236.665,10.24],[-236.654,10.348],[-236.611,10.438],[-236.513,10.549],[-236.485,10.681],[-236.427,10.831]]]}},{"type":"Feature","properties":{},"geometry":{"type":"Polygon","coordinates":[[[-235.952,10.834],[-235.948,11.044],[-235.959,11.13],[-235.927,11.268],[-235.981,11.258],[-236.049,11.157],[-236.027,11.078],[-236.081,11.029],[-236.067,10.971],[-236.15,10.753],[-236.236,10.64],[-236.294,10.461],[-236.402,10.318],[-236.477,10.146],[-236.578,10.037],[-236.614,9.973],[-236.589,9.923],[-236.636,9.786],[-236.686,9.507],[-236.679,9.43],[-236.629,9.426],[-236.521,9.548],[-236.492,9.654],[-236.398,9.867],[-236.369,9.887],[-236.355,10.048],[-236.279,10.157],[-236.193,10.237],[-236.027,10.326],[-235.981,10.38],[-235.948,10.627],[-235.981,10.748],[-235.952,10.834]]]}},{"type":"Feature","properties":{},"geometry":{"type":"Polygon","coordinates":[[[-240.329,10.552],[-240.365,10.652],[-240.409,10.672],[-240.405,10.838],[-240.47,10.819],[-240.495,10.885],[-240.484,11.012],[-240.437,11.059],[-240.484,11.118],[-240.437,11.219],[-240.434,11.302],[-240.535,11.346],[-240.578,11.297],[-240.571,11.228],[-240.603,11.159],[-240.567,11.122],[-240.592,11.049],[-240.671,11.064],[-240.682,10.943],[-240.628,10.868],[-240.581,10.861],[-240.531,10.733],[-240.668,10.823],[-240.725,10.772],[-240.653,10.723],[-240.689,10.574],[-240.754,10.542],[-240.769,10.485],[-240.848,10.399],[-240.927,10.392],[-240.974,10.309],[-241.031,10.282],[-241.049,10.22],[-241.19,10.173],[-241.161,10.095],[-241.237,10.07],[-241.345,9.997],[-241.406,9.857],[-241.471,9.774],[-241.654,9.636],[-241.723,9.519],[-241.784,9.479],[-241.867,9.343],[-242.011,9.267],[-242.097,9.261],[-242.133,9.203],[-242.205,9.163],[-242.23,9.087],[-242.345,9.058],[-242.378,8.992],[-242.457,8.925],[-242.551,8.791],[-242.623,8.747],[-242.709,8.641],[-242.777,8.501],[-242.803,8.335],[-242.68,8.452],[-242.529,8.514],[-242.486,8.508],[-242.435,8.661],[-242.245,8.69],[-242.09,8.83],[-241.985,8.888],[-241.942,8.952],[-241.867,9.127],[-241.813,9.156],[-241.647,9.183],[-241.568,9.273],[-241.507,9.308],[-241.222,9.734],[-241.215,9.788],[-241.251,9.887],[-241.204,9.945],[-240.938,10.007],[-240.805,10.056],[-240.715,10.262],[-240.621,10.345],[-240.538,10.379],[-240.437,10.373],[-240.29,10.495],[-240.329,10.552]]]}},{"type":"Feature","properties":{},"geometry":{"type":"Polygon","coordinates":[[[-236.83,11.481],[-236.881,11.549],[-237.1,11.437],[-237.143,11.591],[-237.266,11.601],[-237.377,11.508],[-237.428,11.576],[-237.489,11.598],[-237.611,11.728],[-237.665,11.736],[-237.77,11.8],[-237.881,11.824],[-238.04,11.934],[-238.105,11.893],[-238.137,11.763],[-237.914,11.724],[-237.892,11.658],[-237.935,11.36],[-237.953,11.017],[-238.022,10.905],[-238.061,10.794],[-238.022,10.71],[-238.015,10.625],[-238.069,10.509],[-238.051,10.433],[-237.961,10.466],[-237.899,10.569],[-237.773,10.642],[-237.55,10.686],[-237.41,10.699],[-237.37,10.774],[-237.237,10.811],[-237.201,10.875],[-237.219,10.958],[-237.161,11.019],[-237.075,11.029],[-236.891,11.152],[-236.863,11.196],[-236.888,11.267],[-236.852,11.353],[-236.83,11.481]]]}},{"type":"Feature","properties":{},"geometry":{"type":"Polygon","coordinates":[[[-192.967,-22.238],[-193.007,-22.201],[-193.061,-22.079],[-193.126,-22.035],[-193.223,-22.015],[-193.281,-21.959],[-193.428,-21.875],[-193.59,-21.706],[-193.903,-21.517],[-194.105,-21.362],[-194.152,-21.384],[-194.245,-21.303],[-194.379,-21.269],[-194.4,-21.181],[-194.595,-21.056],[-194.587,-20.95],[-194.663,-20.931],[-194.731,-20.87],[-194.782,-20.764],[-194.94,-20.733],[-195.171,-20.583],[-195.275,-20.473],[-195.419,-20.391],[-195.505,-20.3],[-195.685,-20.235],[-195.757,-20.286],[-195.819,-20.247],[-195.966,-20.094],[-195.959,-20.301],[-195.855,-20.306],[-195.84,-20.433],[-195.808,-20.526],[-195.714,-20.576],[-195.61,-20.788],[-195.48,-20.891],[-195.343,-20.946],[-195.289,-21.09],[-195.192,-21.09],[-195.167,-21.183],[-195.091,-21.267],[-194.883,-21.397],[-194.847,-21.46],[-194.742,-21.515],[-194.71,-21.576],[-194.587,-21.623],[-194.537,-21.606],[-194.494,-21.677],[-194.321,-21.762],[-194.267,-21.738],[-194.181,-21.863],[-194.134,-21.858],[-194.011,-21.956],[-193.929,-21.934],[-193.864,-21.958],[-193.853,-22.084],[-193.731,-22.165],[-193.687,-22.155],[-193.547,-22.289],[-193.493,-22.235],[-193.41,-22.287],[-193.367,-22.277],[-193.223,-22.392],[-193.18,-22.343],[-193.065,-22.388],[-192.985,-22.316],[-192.967,-22.238]]]}},{"type":"Feature","properties":{},"geometry":{"type":"Polygon","coordinates":[[[-192.859,-15.536],[-192.766,-15.524],[-192.827,-15.367],[-192.809,-15.325],[-192.859,-15.146],[-192.91,-15.141],[-192.946,-14.96],[-193.025,-14.937],[-193.032,-15.09],[-193.079,-15.156],[-193.198,-15.153],[-193.212,-15.028],[-193.263,-14.83],[-193.313,-14.78],[-193.389,-14.634],[-193.443,-14.646],[-193.479,-14.832],[-193.428,-14.957],[-193.356,-15.195],[-193.349,-15.264],[-193.385,-15.386],[-193.317,-15.499],[-193.183,-15.658],[-193.093,-15.587],[-192.906,-15.587],[-192.859,-15.536]]]}},{"type":"Feature","properties":{},"geometry":{"type":"Polygon","coordinates":[[[-200.142,-8.512],[-200.203,-8.392],[-200.157,-8.326],[-200.567,-8.032],[-200.596,-7.983],[-200.7,-7.986],[-200.725,-7.954],[-200.873,-7.919],[-201.01,-7.802],[-201.129,-7.733],[-201.262,-7.59],[-201.395,-7.586],[-201.546,-7.532],[-201.546,-7.576],[-201.417,-7.669],[-201.417,-7.755],[-201.312,-7.811],[-201.154,-7.973],[-201.024,-8.035],[-200.992,-8.081],[-200.88,-8.118],[-200.787,-8.186],[-200.675,-8.226],[-200.455,-8.339],[-200.373,-8.358],[-200.175,-8.542],[-200.142,-8.512]]]}},{"type":"Feature","properties":{},"geometry":{"type":"Polygon","coordinates":[[[-238.886,12.197],[-238.911,12.266],[-238.961,12.251],[-238.911,12.174],[-238.886,12.197]]]}},{"type":"Feature","properties":{},"geometry":{"type":"Polygon","coordinates":[[[-225.31,33.828],[-225.339,33.875],[-225.303,33.951],[-225.407,34.039],[-225.375,34.201],[-225.407,34.231],[-225.558,34.208],[-225.742,34.294],[-225.782,34.355],[-225.846,34.385],[-225.918,34.348],[-226.052,34.377],[-226.3,34.231],[-226.361,34.233],[-226.365,34.061],[-226.487,33.965],[-226.678,33.99],[-226.872,33.933],[-226.912,33.949],[-226.97,34.052],[-227.056,34.142],[-227.081,34.068],[-227.229,33.997],[-227.243,33.911],[-227.286,33.904],[-227.322,33.716],[-227.398,33.661],[-227.499,33.625],[-227.589,33.536],[-227.618,33.466],[-227.582,33.304],[-227.463,33.242],[-227.538,33.068],[-227.499,32.994],[-227.528,32.933],[-227.38,32.908],[-227.29,32.909],[-227.376,32.799],[-227.29,32.789],[-227.189,32.74],[-227.085,32.778],[-226.998,32.869],[-227.006,32.95],[-226.98,33.024],[-226.894,33.061],[-226.746,33.218],[-226.746,33.326],[-226.689,33.375],[-226.584,33.394],[-226.534,33.455],[-226.394,33.515],[-226.26,33.537],[-226.073,33.493],[-225.976,33.416],[-225.893,33.314],[-225.81,33.249],[-225.756,33.461],[-225.612,33.624],[-225.35,33.786],[-225.31,33.828]]]}},{"type":"Feature","properties":{},"geometry":{"type":"Polygon","coordinates":[[[-239.206,-9.96],[-239.354,-9.852],[-239.419,-9.736],[-239.491,-9.697],[-239.523,-9.641],[-239.635,-9.645],[-239.671,-9.67],[-239.743,-9.631],[-239.757,-9.51],[-239.793,-9.476],[-239.89,-9.471],[-240.056,-9.288],[-240.178,-9.378],[-240.319,-9.371],[-240.369,-9.342],[-240.47,-9.374],[-240.542,-9.358],[-240.83,-9.386],[-240.974,-9.437],[-241.042,-9.499],[-241.06,-9.57],[-240.916,-9.71],[-240.823,-9.741],[-240.715,-9.741],[-240.592,-9.79],[-240.538,-9.749],[-240.326,-9.8],[-240.304,-9.852],[-240.207,-9.911],[-240.041,-9.977],[-239.984,-10.043],[-239.966,-10.112],[-239.843,-10.22],[-239.609,-10.263],[-239.552,-10.31],[-239.433,-10.227],[-239.289,-10.207],[-239.181,-10.102],[-239.159,-10.052],[-239.206,-9.96]]]}},{"type":"Feature","properties":{},"geometry":{"type":"Polygon","coordinates":[[[-197.626,-10.823],[-197.727,-10.815],[-197.723,-10.68],[-197.781,-10.629],[-197.827,-10.524],[-197.885,-10.457],[-197.989,-10.479],[-198.036,-10.44],[-198.166,-10.447],[-198.267,-10.406],[-198.497,-10.251],[-198.605,-10.204],[-198.709,-10.225],[-198.706,-10.332],[-198.533,-10.347],[-198.511,-10.42],[-198.393,-10.605],[-198.306,-10.649],[-198.231,-10.719],[-197.899,-10.822],[-197.791,-10.808],[-197.723,-10.835],[-197.626,-10.823]]]}},{"type":"Feature","properties":{},"geometry":{"type":"Polygon","coordinates":[[[-198.641,-9.618],[-198.619,-9.51],[-198.702,-9.361],[-198.763,-9.292],[-198.742,-9.179],[-198.796,-9.138],[-198.817,-9.028],[-198.871,-8.927],[-198.987,-8.837],[-199.055,-8.814],[-199.059,-8.692],[-198.997,-8.662],[-199.026,-8.572],[-199.12,-8.485],[-199.199,-8.36],[-199.285,-8.363],[-199.361,-8.329],[-199.408,-8.385],[-199.303,-8.501],[-199.282,-8.554],[-199.347,-8.604],[-199.307,-8.751],[-199.253,-8.854],[-199.206,-9.02],[-199.131,-9.152],[-199.03,-9.221],[-198.889,-9.347],[-198.821,-9.381],[-198.691,-9.582],[-198.641,-9.618]]]}},{"type":"Feature","properties":{},"geometry":{"type":"Polygon","coordinates":[[[-225.515,-6.576],[-225.537,-6.455],[-225.652,-6.399],[-225.713,-6.342],[-225.706,-6.298],[-225.875,-6.171],[-225.904,-6.191],[-225.872,-6.325],[-225.915,-6.642],[-225.947,-6.764],[-225.926,-6.826],[-225.854,-6.858],[-225.814,-6.919],[-225.688,-6.86],[-225.602,-6.72],[-225.501,-6.637],[-225.515,-6.576]]]}},{"type":"Feature","properties":{},"geometry":{"type":"Polygon","coordinates":[[[-225.242,-6.158],[-225.227,-6.09],[-225.274,-6.028],[-225.296,-5.835],[-225.242,-5.671],[-225.321,-5.59],[-225.371,-5.445],[-225.508,-5.442],[-225.494,-5.518],[-225.544,-5.535],[-225.648,-5.715],[-225.764,-5.683],[-225.753,-5.761],[-225.638,-5.781],[-225.641,-5.85],[-225.713,-5.925],[-225.681,-5.967],[-225.724,-6.083],[-225.71,-6.156],[-225.666,-6.222],[-225.497,-6.3],[-225.393,-6.369],[-225.299,-6.321],[-225.242,-6.158]]]}},{"type":"Feature","properties":{},"geometry":{"type":"Polygon","coordinates":[[[-232.759,-3.471],[-232.741,-3.372],[-232.852,-3.334],[-232.906,-3.361],[-232.946,-3.26],[-232.906,-3.201],[-233,-3.15],[-233.108,-3.125],[-233.162,-3.074],[-233.281,-3.061],[-233.579,-3.071],[-233.741,-3.122],[-233.799,-3.182],[-233.911,-3.111],[-233.983,-3.171],[-234.008,-3.248],[-233.993,-3.361],[-233.932,-3.468],[-233.853,-3.525],[-233.828,-3.603],[-233.619,-3.702],[-233.561,-3.75],[-233.302,-3.865],[-233.093,-3.787],[-233.018,-3.724],[-232.877,-3.654],[-232.795,-3.66],[-232.755,-3.606],[-232.759,-3.471]]]}},{"type":"Feature","properties":{},"geometry":{"type":"Polygon","coordinates":[[[-206.863,-4.27],[-206.932,-4.19],[-207.043,-3.998],[-207.13,-3.991],[-207.177,-3.871],[-207.223,-3.897],[-207.303,-3.876],[-207.443,-3.799],[-207.443,-3.745],[-207.508,-3.643],[-207.576,-3.657],[-207.677,-3.512],[-207.814,-3.432],[-207.947,-3.247],[-208.066,-3.203],[-208.17,-3.191],[-208.267,-3.127],[-208.314,-3.068],[-208.581,-2.9],[-208.782,-2.87],[-208.829,-2.786],[-209.02,-2.693],[-209.106,-2.676],[-209.203,-2.73],[-209.164,-2.779],[-209.085,-2.765],[-208.991,-2.791],[-208.57,-3.054],[-208.527,-3.118],[-208.386,-3.166],[-208.192,-3.361],[-208.015,-3.459],[-207.828,-3.49],[-207.713,-3.569],[-207.641,-3.654],[-207.641,-3.694],[-207.522,-3.841],[-207.486,-3.848],[-207.418,-3.957],[-207.313,-4.163],[-207.295,-4.29],[-207.328,-4.452],[-207.274,-4.633],[-207.126,-4.788],[-207.018,-4.76],[-206.921,-4.586],[-206.957,-4.505],[-206.946,-4.452],[-206.863,-4.376],[-206.863,-4.27]]]}},{"type":"Feature","properties":{},"geometry":{"type":"Polygon","coordinates":[[[-238.475,12.704],[-238.515,12.768],[-238.511,13.036],[-238.45,13.09],[-238.472,13.141],[-238.565,13.146],[-238.558,13.209],[-238.666,13.31],[-238.817,13.428],[-238.958,13.413],[-239.055,13.513],[-239.246,13.467],[-239.293,13.491],[-239.599,13.528],[-239.663,13.506],[-239.692,13.428],[-239.631,13.383],[-239.541,13.404],[-239.501,13.273],[-239.357,13.183],[-239.242,13.003],[-239.203,12.729],[-239.145,12.716],[-239.077,12.618],[-239.084,12.513],[-238.969,12.368],[-238.911,12.324],[-238.868,12.241],[-238.756,12.214],[-238.727,12.27],[-238.645,12.324],[-238.587,12.415],[-238.565,12.513],[-238.519,12.538],[-238.454,12.645],[-238.475,12.704]]]}},{"type":"Feature","properties":{},"geometry":{"type":"Polygon","coordinates":[[[-192.206,-16.492],[-192.157,-16.458],[-192.255,-16.34],[-192.465,-16.169],[-192.474,-16.169],[-192.501,-16.169],[-192.51,-16.149],[-192.622,-16.053],[-192.604,-16.017],[-192.665,-15.909],[-192.773,-15.867],[-192.816,-15.891],[-192.82,-15.99],[-192.852,-16.083],[-192.816,-16.149],[-192.791,-16.149],[-192.767,-16.169],[-192.765,-16.169],[-192.735,-16.149],[-192.657,-16.149],[-192.644,-16.169],[-192.622,-16.201],[-192.615,-16.369],[-192.553,-16.492],[-192.562,-16.539],[-192.478,-16.581],[-192.41,-16.539],[-192.377,-16.493],[-192.26,-16.539],[-192.229,-16.539],[-192.206,-16.492]]]}},{"type":"Feature","properties":{},"geometry":{"type":"Polygon","coordinates":[[[-202.471,-7.333],[-202.576,-7.316],[-202.698,-7.267],[-202.72,-7.213],[-202.839,-7.137],[-202.878,-6.98],[-202.957,-6.897],[-203.22,-6.776],[-203.332,-6.674],[-203.451,-6.61],[-203.512,-6.603],[-203.555,-6.664],[-203.541,-6.733],[-203.404,-6.85],[-203.314,-6.897],[-203.199,-7.059],[-203.073,-7.208],[-202.918,-7.287],[-202.896,-7.333],[-202.691,-7.36],[-202.655,-7.399],[-202.551,-7.433],[-202.471,-7.333]]]}},{"type":"Feature","properties":{},"geometry":{"type":"Polygon","coordinates":[[[-244.379,-8.289],[-244.498,-8.172],[-244.786,-8.059],[-244.865,-8.073],[-244.977,-8.172],[-245.143,-8.192],[-245.308,-8.135],[-245.553,-8.121],[-245.531,-8.218],[-245.452,-8.334],[-245.362,-8.398],[-245.204,-8.405],[-245.045,-8.485],[-244.844,-8.662],[-244.815,-8.723],[-244.887,-8.846],[-244.765,-8.821],[-244.747,-8.714],[-244.678,-8.623],[-244.502,-8.549],[-244.466,-8.506],[-244.394,-8.501],[-244.3,-8.419],[-244.286,-8.375],[-244.379,-8.289]]]}},{"type":"Feature","properties":{},"geometry":{"type":"Polygon","coordinates":[[[-243.695,-3.718],[-243.724,-3.513],[-243.681,-3.48],[-243.739,-3.405],[-243.731,-3.22],[-243.875,-3.319],[-243.955,-3.498],[-243.987,-3.65],[-243.98,-3.724],[-243.922,-3.824],[-243.951,-4.02],[-243.847,-4.02],[-243.778,-3.939],[-243.692,-3.905],[-243.71,-3.816],[-243.695,-3.718]]]}},{"type":"Feature","properties":{},"geometry":{"type":"Polygon","coordinates":[[[-256.951,0.798],[-256.98,0.845],[-257.091,0.928],[-257.235,1.012],[-257.354,0.997],[-257.394,1.012],[-257.383,1.058],[-257.444,1.125],[-257.512,1.134],[-257.53,1.068],[-257.498,0.973],[-257.595,0.874],[-257.484,0.791],[-257.318,0.804],[-257.149,0.798],[-257.07,0.771],[-256.994,0.695],[-256.951,0.798]]]}},{"type":"Feature","properties":{},"geometry":{"type":"Polygon","coordinates":[[[-258.279,2.059],[-258.319,2.11],[-258.384,2.116],[-258.434,2.067],[-258.56,2.066],[-258.607,1.931],[-258.56,1.806],[-258.51,1.736],[-258.402,1.709],[-258.286,1.779],[-258.229,1.985],[-258.279,2.059]]]}},{"type":"Feature","properties":{},"geometry":{"type":"Polygon","coordinates":[[[-221.062,-7.542],[-221.195,-7.373],[-221.379,-7.365],[-221.606,-7.406],[-221.757,-7.456],[-221.973,-7.61],[-222.034,-7.74],[-222.106,-7.816],[-222.2,-8.042],[-222.275,-8.145],[-222.362,-8.39],[-222.322,-8.425],[-222.149,-8.378],[-221.822,-8.385],[-221.706,-8.419],[-221.555,-8.38],[-221.397,-8.255],[-221.339,-8.169],[-221.228,-8.143],[-221.109,-8.04],[-221.116,-7.932],[-221.091,-7.878],[-221.019,-7.829],[-221.008,-7.72],[-220.925,-7.576],[-221.062,-7.542]]]}},{"type":"Feature","properties":{},"geometry":{"type":"Polygon","coordinates":[[[-237.219,-4.917],[-237.248,-4.844],[-237.266,-4.643],[-237.309,-4.611],[-237.5,-4.726],[-237.619,-4.746],[-237.673,-4.836],[-237.644,-4.884],[-237.597,-5.062],[-237.669,-5.124],[-237.683,-5.242],[-237.727,-5.327],[-237.709,-5.381],[-237.532,-5.396],[-237.457,-5.428],[-237.395,-5.413],[-237.341,-5.297],[-237.395,-5.16],[-237.356,-5.079],[-237.219,-4.917]]]}},{"type":"Feature","properties":{},"geometry":{"type":"Polygon","coordinates":[[[-236.852,-5.226],[-236.981,-5.143],[-237.032,-4.981],[-236.985,-4.93],[-236.989,-4.857],[-236.953,-4.753],[-236.852,-4.717],[-236.78,-4.817],[-236.809,-4.567],[-236.852,-4.508],[-236.981,-4.39],[-237.079,-4.462],[-237.151,-4.648],[-237.143,-4.819],[-237.179,-4.842],[-237.165,-4.928],[-237.237,-5.016],[-237.219,-5.089],[-237.237,-5.209],[-237.37,-5.405],[-237.356,-5.44],[-237.431,-5.508],[-237.363,-5.663],[-237.277,-5.627],[-237.208,-5.692],[-237.172,-5.676],[-237.082,-5.528],[-237.125,-5.459],[-237.021,-5.394],[-236.953,-5.425],[-236.855,-5.386],[-236.787,-5.302],[-236.852,-5.226]]]}},{"type":"Feature","properties":{},"geometry":{"type":"Polygon","coordinates":[[[-228.942,-1.001],[-228.964,-0.915],[-229.061,-0.932],[-229.108,-0.889],[-229.32,-0.957],[-229.349,-0.989],[-229.288,-1.07],[-229.252,-1.224],[-229.119,-1.34],[-229.018,-1.349],[-228.964,-1.227],[-228.928,-1.077],[-228.942,-1.001]]]}},{"type":"Feature","properties":{},"geometry":{"type":"Polygon","coordinates":[[[-181.289,-17.991],[-181.314,-18.013],[-181.404,-17.925],[-181.364,-17.853],[-181.433,-17.755],[-181.397,-17.674],[-181.426,-17.618],[-181.555,-17.551],[-181.634,-17.453],[-181.714,-17.397],[-181.739,-17.336],[-181.818,-17.329],[-181.958,-17.356],[-182.023,-17.397],[-182.102,-17.404],[-182.167,-17.366],[-182.484,-17.505],[-182.534,-17.588],[-182.61,-17.64],[-182.563,-17.743],[-182.632,-17.763],[-182.628,-17.824],[-182.736,-17.86],[-182.747,-17.944],[-182.664,-18.106],[-182.527,-18.158],[-182.462,-18.157],[-182.174,-18.234],[-182.106,-18.273],[-181.832,-18.248],[-181.724,-18.147],[-181.652,-18.116],[-181.559,-18.126],[-181.472,-18.091],[-181.386,-18.113],[-181.314,-18.071],[-181.289,-17.991]]]}},{"type":"Feature","properties":{},"geometry":{"type":"MultiPolygon","coordinates":[[[[-74.357,-50],[-74.159,-50],[-74.227,-49.941],[-74.317,-49.929],[-74.357,-50]]],[[[-72.299,-16.839],[-72.294,-16.88],[-72.197,-16.916],[-72.111,-17.024],[-72.046,-17.027],[-71.949,-17.074],[-71.808,-17.191],[-71.635,-17.233],[-71.513,-17.285],[-71.401,-17.4],[-71.358,-17.633],[-71.387,-17.687],[-71.218,-17.751],[-71.088,-17.87],[-70.987,-17.9],[-70.915,-17.947],[-70.89,-18.006],[-70.825,-18.037],[-70.685,-18.162],[-70.419,-18.317],[-70.303,-18.445],[-70.329,-18.472],[-70.336,-18.675],[-70.357,-18.773],[-70.311,-18.972],[-70.314,-19.021],[-70.267,-19.178],[-70.289,-19.291],[-70.242,-19.372],[-70.185,-19.629],[-70.149,-19.737],[-70.159,-19.818],[-70.123,-20.001],[-70.123,-20.072],[-70.167,-20.208],[-70.131,-20.267],[-70.188,-20.354],[-70.167,-20.448],[-70.206,-20.527],[-70.195,-20.816],[-70.127,-20.936],[-70.163,-21.041],[-70.095,-21.189],[-70.069,-21.306],[-70.095,-21.345],[-70.059,-21.433],[-70.073,-21.537],[-70.152,-21.666],[-70.149,-21.861],[-70.199,-22.005],[-70.185,-22.042],[-70.224,-22.147],[-70.249,-22.328],[-70.242,-22.496],[-70.282,-22.566],[-70.282,-22.696],[-70.314,-22.79],[-70.296,-22.919],[-70.336,-23.003],[-70.426,-23.089],[-70.501,-23.055],[-70.581,-23.108],[-70.606,-23.358],[-70.584,-23.423],[-70.606,-23.511],[-70.541,-23.531],[-70.498,-23.469],[-70.411,-23.511],[-70.404,-23.651],[-70.498,-23.785],[-70.501,-23.913],[-70.527,-23.996],[-70.505,-24.168],[-70.555,-24.366],[-70.541,-24.415],[-70.584,-24.538],[-70.555,-24.605],[-70.577,-24.732],[-70.519,-24.919],[-70.469,-25.001],[-70.501,-25.085],[-70.447,-25.152],[-70.433,-25.237],[-70.476,-25.386],[-70.53,-25.456],[-70.653,-25.541],[-70.635,-25.625],[-70.692,-25.691],[-70.725,-25.779],[-70.696,-25.885],[-70.635,-25.975],[-70.671,-26.161],[-70.649,-26.237],[-70.681,-26.304],[-70.631,-26.341],[-70.699,-26.4],[-70.692,-26.544],[-70.732,-26.682],[-70.732,-26.75],[-70.786,-26.789],[-70.825,-26.873],[-70.789,-26.978],[-70.869,-27.11],[-70.948,-27.123],[-70.962,-27.182],[-70.933,-27.299],[-70.944,-27.371],[-70.89,-27.493],[-70.912,-27.621],[-71.041,-27.679],[-71.099,-27.874],[-71.139,-27.945],[-71.171,-28.327],[-71.189,-28.405],[-71.261,-28.521],[-71.315,-28.574],[-71.301,-28.675],[-71.358,-28.724],[-71.391,-28.8],[-71.488,-28.845],[-71.524,-28.94],[-71.488,-29.036],[-71.495,-29.193],[-71.376,-29.283],[-71.308,-29.409],[-71.333,-29.544],[-71.29,-29.604],[-71.337,-29.712],[-71.326,-29.788],[-71.283,-29.85],[-71.286,-29.911],[-71.351,-29.931],[-71.394,-30.017],[-71.387,-30.162],[-71.445,-30.162],[-71.502,-30.252],[-71.589,-30.286],[-71.639,-30.252],[-71.679,-30.343],[-71.715,-30.615],[-71.707,-30.779],[-71.65,-31.022],[-71.668,-31.171],[-71.646,-31.203],[-71.61,-31.42],[-71.571,-31.518],[-71.571,-31.591],[-71.513,-31.79],[-71.509,-31.978],[-71.545,-32.194],[-71.481,-32.266],[-71.466,-32.332],[-71.412,-32.369],[-71.441,-32.484],[-71.477,-32.535],[-71.445,-32.643],[-71.502,-32.766],[-71.549,-32.795],[-71.517,-32.873],[-71.567,-33.003],[-71.646,-33.02],[-71.725,-33.155],[-71.671,-33.359],[-71.707,-33.435],[-71.643,-33.501],[-71.646,-33.634],[-71.671,-33.698],[-71.808,-33.778],[-71.905,-34.009],[-72.028,-34.163],[-71.995,-34.212],[-71.988,-34.355],[-72.049,-34.404],[-72.057,-34.659],[-72.193,-34.909],[-72.229,-35.117],[-72.399,-35.233],[-72.431,-35.335],[-72.489,-35.377],[-72.528,-35.49],[-72.633,-35.552],[-72.651,-35.608],[-72.6,-35.691],[-72.597,-35.811],[-72.805,-35.988],[-72.809,-36.142],[-72.838,-36.179],[-72.823,-36.265],[-72.931,-36.523],[-72.989,-36.528],[-72.96,-36.621],[-73.003,-36.714],[-73.158,-36.734],[-73.144,-36.834],[-73.173,-37.076],[-73.237,-37.192],[-73.32,-37.224],[-73.468,-37.234],[-73.608,-37.155],[-73.644,-37.202],[-73.673,-37.363],[-73.612,-37.413],[-73.597,-37.493],[-73.687,-37.621],[-73.669,-37.719],[-73.623,-37.759],[-73.504,-37.933],[-73.464,-38.092],[-73.507,-38.317],[-73.543,-38.399],[-73.482,-38.637],[-73.432,-38.686],[-73.36,-38.914],[-73.284,-39.075],[-73.219,-39.342],[-73.241,-39.49],[-73.299,-39.583],[-73.407,-39.695],[-73.378,-39.743],[-73.403,-39.804],[-73.536,-39.897],[-73.673,-39.934],[-73.713,-39.978],[-73.659,-40.11],[-73.734,-40.174],[-73.785,-40.424],[-73.727,-40.544],[-73.759,-40.608],[-73.842,-40.667],[-73.81,-40.706],[-73.864,-40.765],[-73.893,-40.863],[-73.853,-40.915],[-73.947,-40.973],[-73.921,-41.153],[-73.842,-41.332],[-73.853,-41.422],[-73.799,-41.565],[-73.695,-41.592],[-73.734,-41.755],[-73.659,-41.758],[-73.515,-41.804],[-73.363,-41.773],[-73.201,-41.785],[-73.061,-41.697],[-73.111,-41.586],[-73.036,-41.557],[-72.946,-41.483],[-72.82,-41.51],[-72.694,-41.613],[-72.676,-41.674],[-72.611,-41.707],[-72.417,-41.658],[-72.424,-41.697],[-72.568,-41.731],[-72.647,-41.722],[-72.809,-41.846],[-72.881,-41.923],[-72.737,-42.015],[-72.687,-41.998],[-72.582,-42.032],[-72.517,-41.95],[-72.463,-41.986],[-72.489,-42.065],[-72.467,-42.163],[-72.478,-42.308],[-72.442,-42.354],[-72.456,-42.44],[-72.557,-42.21],[-72.593,-42.182],[-72.809,-42.243],[-72.773,-42.366],[-72.715,-42.401],[-72.679,-42.479],[-72.557,-42.525],[-72.564,-42.565],[-72.712,-42.496],[-72.841,-42.525],[-72.867,-42.621],[-72.823,-42.665],[-72.867,-42.751],[-72.841,-42.839],[-72.748,-42.91],[-72.762,-43.009],[-72.867,-43.019],[-72.935,-43.099],[-72.913,-43.235],[-73.086,-43.317],[-73.111,-43.462],[-73.039,-43.575],[-72.975,-43.622],[-73.047,-43.729],[-73.021,-43.808],[-73.072,-43.914],[-73.14,-43.985],[-73.173,-44.059],[-73.277,-44.11],[-73.284,-44.174],[-73.14,-44.21],[-73.158,-44.26],[-72.939,-44.306],[-72.924,-44.374],[-72.687,-44.488],[-72.643,-44.406],[-72.597,-44.505],[-72.669,-44.532],[-72.73,-44.666],[-72.726,-44.759],[-72.809,-44.767],[-72.913,-44.848],[-73,-44.862],[-73.119,-44.948],[-73.219,-44.965],[-73.349,-44.958],[-73.399,-45.044],[-73.306,-45.145],[-73.331,-45.177],[-73.435,-45.191],[-73.461,-45.267],[-73.345,-45.29],[-73.255,-45.248],[-72.982,-45.4],[-72.874,-45.387],[-72.859,-45.464],[-73.014,-45.444],[-73.162,-45.366],[-73.209,-45.302],[-73.327,-45.341],[-73.421,-45.419],[-73.522,-45.471],[-73.576,-45.723],[-73.489,-45.726],[-73.554,-45.878],[-73.608,-45.903],[-73.655,-45.984],[-73.619,-46.103],[-73.691,-46.256],[-73.687,-46.322],[-73.525,-46.175],[-73.579,-46.31],[-73.741,-46.422],[-73.831,-46.577],[-73.925,-46.597],[-73.99,-46.56],[-73.914,-46.469],[-73.795,-46.361],[-73.77,-46.234],[-73.882,-46.142],[-73.986,-46.153],[-73.943,-46.305],[-74.037,-46.292],[-74.065,-46.172],[-73.99,-46.116],[-73.968,-46.06],[-74.029,-46.008],[-74.058,-45.93],[-74.119,-45.897],[-74.101,-45.838],[-74.155,-45.797],[-74.289,-45.816],[-74.361,-45.79],[-74.447,-45.809],[-74.508,-45.927],[-74.559,-45.826],[-74.692,-45.841],[-74.728,-45.944],[-74.713,-45.984],[-74.811,-46.084],[-74.771,-46.165],[-74.911,-46.15],[-74.958,-46.216],[-75.091,-46.216],[-75.153,-46.324],[-75.203,-46.3],[-75.271,-46.363],[-75.39,-46.427],[-75.451,-46.51],[-75.534,-46.554],[-75.635,-46.574],[-75.707,-46.655],[-75.707,-46.787],[-75.653,-46.866],[-75.552,-46.949],[-75.412,-46.932],[-75.347,-46.879],[-75.437,-46.65],[-75.203,-46.63],[-75.016,-46.52],[-75.077,-46.619],[-75.016,-46.719],[-74.857,-46.814],[-74.8,-46.802],[-74.674,-46.849],[-74.627,-46.778],[-74.526,-46.802],[-74.44,-46.768],[-74.267,-46.781],[-74.267,-46.83],[-74.119,-46.987],[-74.019,-46.979],[-73.947,-47.048],[-74.076,-47.185],[-74.224,-47.209],[-74.368,-47.291],[-74.483,-47.376],[-74.436,-47.508],[-74.346,-47.519],[-74.328,-47.585],[-74.253,-47.631],[-74.303,-47.678],[-74.371,-47.595],[-74.472,-47.55],[-74.613,-47.568],[-74.728,-47.73],[-74.627,-47.768],[-74.379,-47.744],[-74.199,-47.79],[-74.073,-47.773],[-74.037,-47.822],[-73.914,-47.84],[-73.803,-47.806],[-73.741,-47.703],[-73.698,-47.786],[-73.579,-47.8],[-73.655,-47.933],[-73.59,-48.041],[-73.482,-48.124],[-73.558,-48.247],[-73.605,-48.207],[-73.59,-48.141],[-73.893,-48.023],[-73.961,-48.048],[-74.062,-48.001],[-74.31,-47.99],[-74.235,-48.159],[-74.285,-48.171],[-74.335,-48.033],[-74.415,-47.984],[-74.515,-47.96],[-74.627,-48.004],[-74.627,-48.06],[-74.512,-48.09],[-74.443,-48.183],[-74.317,-48.212],[-74.263,-48.335],[-73.997,-48.414],[-74.029,-48.448],[-74.022,-48.534],[-74.199,-48.473],[-74.393,-48.598],[-74.371,-48.72],[-74.454,-48.831],[-74.404,-48.987],[-74.461,-49.021],[-74.454,-49.08],[-74.371,-49.186],[-74.411,-49.218],[-74.393,-49.333],[-74.422,-49.385],[-74.217,-49.524],[-74.145,-49.303],[-74.105,-49.221],[-74.037,-49.145],[-73.986,-49.274],[-74.076,-49.262],[-74.119,-49.4],[-74.076,-49.502],[-73.914,-49.51],[-73.939,-49.559],[-74.105,-49.541],[-74.235,-49.566],[-74.303,-49.603],[-74.328,-49.677],[-74.289,-49.742],[-74.35,-49.792],[-74.289,-49.894],[-74.145,-49.912],[-74.112,-49.954],[-74.001,-49.963],[-73.996,-50],[-68.995,-50],[-68.874,-49.963],[-68.701,-49.971],[-68.543,-49.915],[-68.449,-50],[-67.901,-50],[-67.834,-49.954],[-67.772,-49.872],[-67.711,-49.686],[-67.708,-49.563],[-67.654,-49.377],[-67.61,-49.323],[-67.636,-49.247],[-67.632,-49.13],[-67.556,-49.015],[-67.405,-48.904],[-67.2,-48.818],[-67.114,-48.674],[-66.988,-48.612],[-66.865,-48.59],[-66.858,-48.548],[-66.75,-48.475],[-66.649,-48.431],[-66.469,-48.401],[-66.448,-48.35],[-66.354,-48.321],[-66.239,-48.208],[-66.16,-48.185],[-66.091,-48.115],[-65.918,-48.114],[-65.965,-48.056],[-65.9,-47.933],[-65.836,-47.963],[-65.76,-47.911],[-65.854,-47.879],[-65.9,-47.769],[-66.023,-47.771],[-66.034,-47.739],[-65.846,-47.742],[-65.735,-47.509],[-65.713,-47.342],[-65.756,-47.224],[-65.882,-47.097],[-65.98,-47.067],[-66.199,-47.089],[-66.44,-47.062],[-66.491,-47.045],[-66.7,-47.038],[-66.826,-46.981],[-66.998,-46.825],[-67.034,-46.819],[-67.132,-46.707],[-67.337,-46.624],[-67.423,-46.567],[-67.542,-46.402],[-67.621,-46.163],[-67.614,-46.072],[-67.549,-45.934],[-67.456,-45.826],[-67.376,-45.794],[-67.333,-45.613],[-67.222,-45.529],[-67.009,-45.304],[-66.869,-45.236],[-66.671,-45.214],[-66.523,-45.216],[-66.57,-45.142],[-66.498,-45.088],[-66.314,-45.044],[-66.282,-45.057],[-66.199,-44.993],[-66.016,-45.003],[-65.965,-45.042],[-65.843,-45.003],[-65.692,-45.063],[-65.602,-45.027],[-65.573,-44.895],[-65.717,-44.87],[-65.728,-44.809],[-65.645,-44.667],[-65.461,-44.576],[-65.375,-44.515],[-65.281,-44.492],[-65.285,-44.433],[-65.216,-44.367],[-65.306,-44.24],[-65.299,-44.166],[-65.216,-44.137],[-65.27,-43.913],[-65.317,-43.832],[-65.335,-43.673],[-65.274,-43.587],[-65.155,-43.479],[-65.04,-43.396],[-65,-43.286],[-65,-42.098],[-65.076,-41.95],[-65,-41.793],[-65.036,-41.665],[-65,-41.584],[-65,-41.506],[-65.062,-41.449],[-65.148,-41.18],[-65.173,-40.946],[-65.123,-40.834],[-65,-40.767],[-65,-16.842],[-65,-16.786],[-65,-16.506],[-65,-16.491],[-65,-16.155],[-65,-16.149],[-65,10.079],[-65.083,10.048],[-65.17,10.097],[-65.458,10.149],[-65.58,10.186],[-65.868,10.309],[-65.897,10.287],[-65.972,10.379],[-66.12,10.498],[-66.124,10.601],[-66.253,10.649],[-66.332,10.612],[-66.541,10.634],[-66.887,10.61],[-67.013,10.612],[-67.171,10.556],[-67.56,10.529],[-67.942,10.466],[-68.006,10.488],[-68.172,10.504],[-68.244,10.578],[-68.32,10.745],[-68.327,10.85],[-68.262,10.904],[-68.417,11.179],[-68.485,11.208],[-68.654,11.348],[-68.719,11.361],[-68.863,11.452],[-69.022,11.446],[-69.184,11.515],[-69.292,11.534],[-69.378,11.495],[-69.5,11.508],[-69.623,11.468],[-69.702,11.54],[-69.81,11.804],[-69.821,11.974],[-69.925,12.16],[-70.019,12.199],[-70.127,12.13],[-70.206,12.113],[-70.213,12.057],[-70.285,11.94],[-70.296,11.871],[-70.213,11.783],[-70.231,11.628],[-70.188,11.603],[-69.85,11.694],[-69.792,11.645],[-69.76,11.468],[-69.814,11.425],[-69.9,11.496],[-70.055,11.507],[-70.098,11.429],[-70.181,11.377],[-70.289,11.356],[-70.516,11.253],[-70.714,11.236],[-70.869,11.196],[-71.175,11.034],[-71.293,10.986],[-71.459,10.975],[-71.423,10.902],[-71.445,10.796],[-71.509,10.813],[-71.535,10.676],[-71.527,10.544],[-71.463,10.488],[-71.473,10.412],[-71.383,10.276],[-71.365,10.22],[-71.268,10.152],[-71.207,9.98],[-71.164,9.972],[-71.074,9.858],[-71.041,9.761],[-71.067,9.59],[-71.092,9.556],[-71.056,9.364],[-71.074,9.313],[-71.153,9.288],[-71.239,9.156],[-71.373,9.094],[-71.517,9.05],[-71.686,9.061],[-71.758,9.121],[-71.736,9.164],[-71.787,9.24],[-71.729,9.355],[-71.787,9.382],[-71.909,9.494],[-71.959,9.517],[-71.999,9.654],[-72.103,9.772],[-72.125,9.826],[-72.042,9.929],[-71.97,10.105],[-71.913,10.129],[-71.779,10.341],[-71.628,10.455],[-71.61,10.639],[-71.578,10.721],[-71.675,10.802],[-71.769,11.015],[-71.653,11.04],[-71.769,11.106],[-71.859,11.218],[-71.938,11.382],[-71.97,11.512],[-71.927,11.613],[-71.675,11.686],[-71.506,11.709],[-71.38,11.758],[-71.301,11.92],[-71.164,11.996],[-71.113,12.094],[-71.261,12.342],[-71.427,12.393],[-71.531,12.447],[-71.675,12.469],[-71.679,12.417],[-71.751,12.356],[-71.905,12.283],[-71.916,12.202],[-71.967,12.153],[-72.017,12.194],[-72.006,12.263],[-72.107,12.244],[-72.15,12.209],[-72.136,12.125],[-72.262,11.886],[-72.435,11.795],[-72.535,11.782],[-72.759,11.697],[-72.935,11.557],[-73.054,11.495],[-73.291,11.294],[-73.403,11.277],[-73.705,11.268],[-73.828,11.277],[-74.029,11.358],[-74.188,11.317],[-74.242,11.201],[-74.217,11.079],[-74.281,10.99],[-74.368,10.772],[-74.458,10.748],[-74.526,10.883],[-74.523,10.997],[-74.843,11.11],[-74.861,11.049],[-74.922,11.046],[-75.023,10.975],[-75.048,10.902],[-75.268,10.796],[-75.307,10.71],[-75.397,10.682],[-75.509,10.586],[-75.516,10.319],[-75.613,10.269],[-75.538,10.2],[-75.588,10.129],[-75.588,9.965],[-75.657,9.705],[-75.577,9.62],[-75.621,9.453],[-75.671,9.409],[-75.739,9.426],[-75.811,9.399],[-75.945,9.441],[-75.952,9.403],[-76.107,9.322],[-76.168,9.247],[-76.186,9.149],[-76.254,9.072],[-76.258,9.007],[-76.323,8.942],[-76.427,8.884],[-76.546,8.785],[-76.629,8.751],[-76.672,8.68],[-76.895,8.621],[-76.949,8.545],[-76.837,8.501],[-76.769,8.398],[-76.758,8.114],[-76.729,8.052],[-76.758,7.923],[-76.855,7.913],[-76.935,7.964],[-76.909,8.043],[-76.859,8.053],[-76.834,8.136],[-76.927,8.158],[-76.989,8.258],[-77.053,8.276],[-77.133,8.408],[-77.273,8.496],[-77.352,8.67],[-77.478,8.67],[-77.543,8.715],[-77.575,8.793],[-77.719,8.893],[-77.813,9.058],[-77.889,9.077],[-77.968,9.181],[-78.036,9.237],[-78.209,9.291],[-78.439,9.404],[-78.562,9.438],[-78.605,9.416],[-78.717,9.441],[-78.897,9.425],[-79.059,9.458],[-79.055,9.533],[-79.195,9.539],[-79.429,9.59],[-79.534,9.59],[-79.552,9.629],[-79.663,9.583],[-79.692,9.495],[-79.804,9.401],[-79.944,9.316],[-80.002,9.32],[-80.103,9.222],[-80.293,9.151],[-80.409,9.143],[-80.553,9.092],[-80.725,8.997],[-80.823,8.891],[-80.88,8.886],[-81.089,8.808],[-81.305,8.781],[-81.532,8.808],[-81.629,8.899],[-81.723,9.033],[-81.795,8.931],[-81.903,8.972],[-82.101,8.931],[-82.14,8.989],[-82.245,9.004],[-82.263,9.146],[-82.381,9.261],[-82.349,9.306],[-82.349,9.403],[-82.59,9.587],[-82.637,9.634],[-82.788,9.673],[-82.95,9.867],[-83.026,10.005],[-83.087,10.002],[-83.202,10.129],[-83.393,10.377],[-83.465,10.495],[-83.623,10.904],[-83.753,10.983],[-83.836,11.142],[-83.868,11.273],[-83.868,11.375],[-83.793,11.444],[-83.76,11.557],[-83.652,11.611],[-83.652,11.667],[-83.699,11.849],[-83.785,11.814],[-83.821,11.863],[-83.76,11.94],[-83.767,12.043],[-83.713,12.049],[-83.663,12.256],[-83.616,12.347],[-83.706,12.336],[-83.721,12.423],[-83.775,12.481],[-83.767,12.547],[-83.674,12.57],[-83.587,12.633],[-83.645,12.786],[-83.562,12.813],[-83.541,12.77],[-83.569,12.667],[-83.562,12.591],[-83.638,12.565],[-83.634,12.474],[-83.602,12.413],[-83.512,12.393],[-83.487,12.472],[-83.541,12.58],[-83.508,12.903],[-83.569,13.286],[-83.559,13.416],[-83.519,13.531],[-83.519,13.624],[-83.433,13.957],[-83.35,14.05],[-83.22,14.25],[-83.191,14.387],[-83.242,14.524],[-83.299,14.771],[-83.339,14.732],[-83.415,14.828],[-83.371,14.884],[-83.235,14.921],[-83.13,14.997],[-83.285,15.068],[-83.357,15.23],[-83.407,15.267],[-83.515,15.289],[-83.483,15.216],[-83.573,15.161],[-83.623,15.196],[-83.544,15.28],[-83.631,15.292],[-83.724,15.208],[-83.775,15.286],[-83.904,15.383],[-83.994,15.422],[-84.001,15.36],[-84.084,15.36],[-84.124,15.431],[-84.023,15.535],[-83.947,15.519],[-84.293,15.811],[-84.466,15.829],[-84.477,15.779],[-84.66,15.775],[-84.664,15.866],[-84.999,15.988],[-85.074,15.986],[-85.254,15.883],[-85.488,15.87],[-85.607,15.907],[-85.704,15.976],[-85.812,16.005],[-85.92,16.003],[-85.913,15.959],[-85.996,15.9],[-86.136,15.895],[-86.208,15.873],[-86.338,15.782],[-86.399,15.772],[-86.471,15.804],[-86.698,15.789],[-86.77,15.807],[-86.878,15.763],[-86.953,15.763],[-87.151,15.797],[-87.346,15.85],[-87.447,15.792],[-87.508,15.799],[-87.601,15.88],[-87.724,15.922],[-87.907,15.868],[-87.933,15.819],[-88.03,15.79],[-88.145,15.684],[-88.257,15.74],[-88.343,15.812],[-88.447,15.858],[-88.552,15.942],[-88.555,15.789],[-88.627,15.753],[-88.786,15.86],[-88.865,15.86],[-88.915,15.893],[-88.93,15.959],[-88.793,16.125],[-88.753,16.14],[-88.739,16.229],[-88.537,16.272],[-88.426,16.437],[-88.393,16.552],[-88.311,16.641],[-88.303,16.761],[-88.26,16.844],[-88.282,16.891],[-88.217,16.956],[-88.228,17.045],[-88.278,17.091],[-88.3,17.178],[-88.285,17.339],[-88.242,17.487],[-88.289,17.604],[-88.213,17.773],[-88.21,17.883],[-88.149,17.972],[-88.091,18.119],[-88.091,18.328],[-88.109,18.374],[-88.195,18.34],[-88.235,18.359],[-88.365,18.354],[-88.307,18.438],[-88.174,18.683],[-88.192,18.745],[-88.113,18.762],[-88.037,18.875],[-88.005,18.788],[-88.001,18.69],[-88.077,18.536],[-88.077,18.499],[-87.943,18.448],[-87.868,18.288],[-87.771,18.406],[-87.738,18.536],[-87.738,18.644],[-87.663,18.767],[-87.605,19.021],[-87.547,19.134],[-87.497,19.328],[-87.565,19.318],[-87.637,19.222],[-87.688,19.242],[-87.655,19.374],[-87.616,19.406],[-87.457,19.455],[-87.468,19.546],[-87.565,19.568],[-87.673,19.505],[-87.673,19.566],[-87.731,19.6],[-87.735,19.684],[-87.648,19.678],[-87.601,19.772],[-87.497,19.83],[-87.472,19.885],[-87.472,20.069],[-87.432,20.221],[-87.234,20.493],[-87.069,20.62],[-86.874,20.854],[-86.824,21.02],[-86.741,21.163],[-86.817,21.204],[-86.827,21.434],[-86.925,21.445],[-86.997,21.565],[-87.133,21.619],[-87.177,21.569],[-87.13,21.52],[-87.166,21.473],[-87.256,21.44],[-87.619,21.52],[-87.745,21.506],[-87.771,21.552],[-87.961,21.601],[-88.116,21.614],[-88.195,21.572],[-88.318,21.557],[-88.447,21.576],[-88.606,21.533],[-88.703,21.459],[-89.113,21.363],[-89.787,21.285],[-89.92,21.241],[-89.981,21.199],[-90.1,21.163],[-90.334,21.032],[-90.359,21],[-90.46,20.716],[-90.489,20.534],[-90.474,20.409],[-90.489,20.312],[-90.496,20.068],[-90.467,20.014],[-90.478,19.922],[-90.665,19.782],[-90.701,19.711],[-90.73,19.375],[-90.802,19.282],[-90.856,19.259],[-90.935,19.163],[-91.079,19.087],[-91.162,19.016],[-91.432,18.881],[-91.428,18.827],[-91.367,18.771],[-91.284,18.766],[-91.266,18.705],[-91.331,18.573],[-91.504,18.512],[-91.544,18.45],[-91.684,18.45],[-91.839,18.504],[-91.925,18.572],[-91.99,18.539],[-91.947,18.691],[-92.062,18.702],[-92.404,18.671],[-92.609,18.622],[-92.681,18.622],[-92.76,18.536],[-92.858,18.467],[-92.94,18.447],[-93.102,18.443],[-93.113,18.362],[-93.178,18.377],[-93.156,18.443],[-93.444,18.442],[-93.581,18.416],[-93.592,18.345],[-93.74,18.34],[-93.797,18.268],[-93.862,18.306],[-94.01,18.249],[-94.208,18.19],[-94.467,18.144],[-94.582,18.19],[-94.629,18.286],[-94.719,18.376],[-94.809,18.524],[-95.003,18.555],[-95.05,18.612],[-95.208,18.708],[-95.496,18.707],[-95.727,18.757],[-95.853,18.717],[-95.972,19.046],[-96.062,19.078],[-96.134,19.235],[-96.173,19.233],[-96.292,19.333],[-96.31,19.463],[-96.36,19.537],[-96.404,19.742],[-96.44,19.838],[-96.684,20.167],[-96.926,20.41],[-96.94,20.449],[-97.034,20.515],[-97.149,20.647],[-97.199,20.74],[-97.196,20.811],[-97.34,21.055],[-97.397,21.206],[-97.498,21.4],[-97.491,21.462],[-97.577,21.501],[-97.674,21.675],[-97.721,21.952],[-97.66,21.908],[-97.624,21.795],[-97.487,21.636],[-97.379,21.554],[-97.379,21.489],[-97.473,21.437],[-97.433,21.342],[-97.347,21.418],[-97.318,21.52],[-97.343,21.603],[-97.509,21.722],[-97.61,21.836],[-97.761,22.096],[-97.775,22.254],[-97.818,22.433],[-97.89,22.626],[-97.836,22.761],[-97.793,22.808],[-97.743,22.972],[-97.768,23.261],[-97.757,23.44],[-97.721,23.739],[-97.718,24.009],[-97.653,24.515],[-97.458,25.179],[-97.318,25.39],[-97.26,25.5],[-97.167,25.723],[-97.167,25.829],[-97.138,25.966],[-97.142,26.049],[-97.253,25.993],[-97.246,26.071],[-97.311,26.123],[-97.307,26.201],[-97.354,26.277],[-97.34,26.342],[-97.451,26.423],[-97.426,26.535],[-97.487,26.775],[-97.556,26.825],[-97.552,27.009],[-97.494,27.013],[-97.448,27.133],[-97.426,27.264],[-97.52,27.232],[-97.631,27.244],[-97.739,27.393],[-97.718,27.428],[-97.606,27.3],[-97.505,27.393],[-97.412,27.335],[-97.368,27.46],[-97.3,27.6],[-97.268,27.708],[-97.358,27.742],[-97.394,27.801],[-97.491,27.877],[-97.268,27.879],[-97.185,27.837],[-97.026,28.036],[-97.106,28.071],[-97.156,28.134],[-97.008,28.195],[-96.944,28.127],[-96.879,28.151],[-96.782,28.242],[-96.782,28.332],[-96.843,28.416],[-96.778,28.438],[-96.652,28.32],[-96.404,28.435],[-96.519,28.549],[-96.609,28.586],[-96.555,28.647],[-96.447,28.635],[-96.4,28.703],[-96.346,28.635],[-96.26,28.689],[-96.159,28.598],[-95.954,28.689],[-95.817,28.732],[-95.687,28.737],[-95.601,28.764],[-95.421,28.872],[-95.367,28.887],[-95.259,28.982],[-95.158,29.046],[-95.151,29.174],[-95.064,29.205],[-94.888,29.377],[-94.949,29.453],[-94.91,29.497],[-95.025,29.542],[-95.014,29.72],[-94.877,29.665],[-94.827,29.768],[-94.744,29.782],[-94.694,29.696],[-94.755,29.524],[-94.607,29.552],[-94.654,29.453],[-94.06,29.682],[-93.876,29.676],[-93.934,29.777],[-93.923,29.866],[-93.858,29.968],[-93.761,29.961],[-93.783,29.856],[-93.887,29.807],[-93.88,29.75],[-93.822,29.709],[-93.74,29.738],[-93.455,29.77],[-93.347,29.762],[-93.2,29.774],[-93.027,29.733],[-92.685,29.605],[-92.548,29.571],[-92.278,29.534],[-92.138,29.586],[-92.109,29.62],[-92.152,29.708],[-92.087,29.772],[-91.954,29.829],[-91.846,29.831],[-91.857,29.72],[-91.684,29.753],[-91.63,29.73],[-91.641,29.635],[-91.562,29.642],[-91.533,29.534],[-91.428,29.566],[-91.389,29.519],[-91.263,29.47],[-91.209,29.395],[-91.328,29.296],[-91.23,29.238],[-91.065,29.194],[-90.957,29.186],[-90.885,29.134],[-90.845,29.183],[-90.705,29.12],[-90.561,29.301],[-90.528,29.291],[-90.424,29.346],[-90.251,29.225],[-90.269,29.157],[-90.23,29.086],[-90.086,29.167],[-90.096,29.284],[-90.057,29.341],[-90.046,29.448],[-90.143,29.476],[-90.082,29.537],[-89.97,29.473],[-89.909,29.476],[-89.776,29.421],[-89.758,29.343],[-89.495,29.23],[-89.383,29.088],[-89.311,29.073],[-89.409,28.97],[-89.373,28.948],[-89.308,29.051],[-89.225,29.091],[-89.189,29.031],[-89.092,29.112],[-89.088,29.206],[-89.189,29.346],[-89.243,29.316],[-89.434,29.404],[-89.517,29.392],[-89.524,29.47],[-89.679,29.529],[-89.722,29.601],[-89.639,29.62],[-89.653,29.676],[-89.585,29.689],[-89.455,29.829],[-89.419,29.792],[-89.358,29.866],[-89.369,29.951],[-89.441,29.969],[-89.427,30.059],[-89.567,30.002],[-89.603,29.89],[-89.664,29.875],[-89.841,29.995],[-89.823,30.042],[-89.711,30.067],[-89.639,30.14],[-89.682,30.169],[-89.743,30.099],[-89.797,30.099],[-89.88,30.155],[-89.995,30.052],[-90.147,30.023],[-90.338,30.066],[-90.435,30.143],[-90.406,30.219],[-90.222,30.388],[-90.143,30.385],[-90.003,30.322],[-89.97,30.265],[-89.884,30.265],[-89.743,30.189],[-89.596,30.155],[-89.47,30.202],[-89.419,30.258],[-89.329,30.302],[-89.322,30.381],[-89.239,30.321],[-89.013,30.378],[-88.926,30.442],[-88.847,30.422],[-88.743,30.354],[-88.663,30.354],[-88.599,30.395],[-88.559,30.348],[-88.469,30.324],[-88.404,30.388],[-88.336,30.403],[-88.12,30.338],[-88.084,30.576],[-88.037,30.675],[-87.943,30.66],[-87.911,30.584],[-87.94,30.5],[-87.918,30.424],[-87.778,30.314],[-87.785,30.236],[-87.591,30.275],[-87.573,30.322],[-87.475,30.359],[-87.472,30.294],[-87.328,30.319],[-87.263,30.402],[-87.202,30.419],[-87.108,30.537],[-87.076,30.449],[-87.015,30.511],[-86.889,30.408],[-86.601,30.419],[-86.446,30.517],[-86.428,30.462],[-86.208,30.505],[-86.14,30.483],[-86.143,30.397],[-86.287,30.405],[-86.363,30.381],[-86.064,30.305],[-85.866,30.216],[-85.744,30.14],[-85.765,30.241],[-85.719,30.268],[-85.672,30.123],[-85.355,29.888],[-85.301,29.797],[-85.308,29.694],[-85.24,29.689],[-85.125,29.721],[-85.006,29.716],[-84.927,29.779],[-84.862,29.745],[-84.732,29.792],[-84.653,29.853],[-84.509,29.922],[-84.401,29.919],[-84.455,30.005],[-84.261,30.099],[-84.149,30.088],[-84.023,30.106],[-83.857,30.003],[-83.789,29.99],[-83.67,29.912],[-83.587,29.816],[-83.544,29.728],[-83.397,29.655],[-83.404,29.532],[-83.307,29.458],[-83.231,29.427],[-83.148,29.296],[-83.083,29.272],[-83.04,29.181],[-82.803,29.174],[-82.749,29.002],[-82.63,28.874],[-82.684,28.796],[-82.637,28.747],[-82.666,28.448],[-82.788,28.193],[-82.781,28.058],[-82.835,27.886],[-82.795,27.815],[-82.68,27.697],[-82.637,27.702],[-82.597,27.83],[-82.605,27.881],[-82.72,27.928],[-82.677,28.006],[-82.558,27.955],[-82.54,27.844],[-82.421,27.918],[-82.389,27.811],[-82.511,27.69],[-82.601,27.553],[-82.677,27.502],[-82.644,27.443],[-82.572,27.394],[-82.561,27.276],[-82.378,26.94],[-82.313,26.849],[-82.237,26.812],[-82.169,26.813],[-82.097,26.91],[-82.054,26.84],[-82.083,26.702],[-82.039,26.528],[-81.978,26.483],[-81.856,26.449],[-81.82,26.283],[-81.82,26.17],[-81.712,25.981],[-81.633,25.94],[-81.395,25.851],[-81.323,25.783],[-81.28,25.704],[-81.215,25.527],[-81.143,25.385],[-80.981,25.319],[-80.916,25.246],[-80.945,25.213],[-81.078,25.273],[-81.147,25.331],[-81.175,25.228],[-81.15,25.165],[-81.085,25.122],[-80.909,25.145],[-80.855,25.186],[-80.711,25.145],[-80.581,25.241],[-80.427,25.221],[-80.401,25.289],[-80.311,25.383],[-80.344,25.493],[-80.308,25.618],[-80.25,25.721],[-80.196,25.753],[-80.178,25.858],[-80.142,25.902],[-80.077,26.288],[-80.052,26.557],[-80.031,26.587],[-80.038,26.812],[-80.074,26.974],[-80.149,27.138],[-80.196,27.197],[-80.344,27.514],[-80.38,27.666],[-80.74,28.374],[-80.83,28.661],[-80.848,28.791],[-80.751,28.742],[-80.779,28.627],[-80.682,28.595],[-80.599,28.6],[-80.589,28.505],[-80.617,28.379],[-80.621,28.207],[-80.592,28.208],[-80.596,28.402],[-80.527,28.473],[-80.567,28.558],[-80.743,28.808],[-80.963,29.152],[-81.179,29.586],[-81.251,29.77],[-81.262,29.839],[-81.395,30.299],[-81.388,30.385],[-81.449,30.508],[-81.492,30.537],[-81.442,30.701],[-81.521,30.854],[-81.499,30.967],[-81.424,31.025],[-81.409,31.143],[-81.366,31.153],[-81.269,31.275],[-81.327,31.315],[-81.366,31.438],[-81.33,31.467],[-81.301,31.57],[-81.201,31.7],[-81.118,31.737],[-80.995,31.864],[-80.963,31.948],[-80.902,31.95],[-80.837,32.002],[-80.887,32.07],[-80.736,32.153],[-80.679,32.215],[-80.797,32.32],[-80.758,32.36],[-80.635,32.268],[-80.553,32.279],[-80.441,32.366],[-80.477,32.47],[-80.333,32.487],[-80.207,32.573],[-80.005,32.612],[-79.887,32.688],[-79.851,32.759],[-79.746,32.799],[-79.692,32.86],[-79.588,32.914],[-79.624,32.955],[-79.584,33.014],[-79.519,33.041],[-79.491,32.992],[-79.386,33.017],[-79.372,33.065],[-79.307,33.095],[-79.199,33.188],[-79.134,33.418],[-78.936,33.642],[-78.763,33.779],[-78.472,33.897],[-78.252,33.926],[-78.033,33.892],[-77.971,33.953],[-77.921,34.108],[-77.874,34.122],[-77.831,34.208],[-77.669,34.377],[-77.536,34.468],[-77.388,34.522],[-77.255,34.594],[-77.147,34.677],[-77.071,34.686],[-76.895,34.74],[-76.657,34.721],[-76.503,34.74],[-76.477,34.787],[-76.337,34.9],[-76.326,34.976],[-76.427,35],[-76.643,34.985],[-76.758,34.91],[-76.805,34.944],[-76.96,35],[-120.643,35],[-120.668,34.932],[-120.614,34.858],[-120.639,34.758],[-120.603,34.704],[-120.646,34.574],[-120.509,34.522],[-120.473,34.451],[-120.135,34.473],[-120.009,34.461],[-119.879,34.407],[-119.732,34.397],[-119.617,34.421],[-119.469,34.377],[-119.271,34.255],[-119.217,34.145],[-119.127,34.101],[-118.954,34.047],[-118.853,34.034],[-118.807,34],[-118.749,34.032],[-118.544,34.039],[-118.443,33.949],[-118.393,33.836],[-118.429,33.774],[-118.281,33.708],[-118.274,33.75],[-118.22,33.77],[-118.09,33.732],[-117.979,33.635],[-117.777,33.529],[-117.511,33.335],[-117.363,33.166],[-117.273,32.994],[-117.255,32.886],[-117.284,32.838],[-117.208,32.725],[-117.133,32.69],[-117.118,32.455],[-117.025,32.278],[-116.949,32.247],[-116.888,32.132],[-116.877,32.035],[-116.841,31.987],[-116.769,31.977],[-116.755,31.91],[-116.621,31.857],[-116.621,31.771],[-116.668,31.697],[-116.647,31.66],[-116.675,31.553],[-116.539,31.447],[-116.456,31.339],[-116.341,31.219],[-116.308,31.148],[-116.337,30.956],[-116.251,30.957],[-116.175,30.859],[-116.067,30.814],[-116.031,30.628],[-116.049,30.479],[-115.837,30.346],[-115.797,30.24],[-115.783,30.093],[-115.811,29.968],[-115.729,29.936],[-115.685,29.831],[-115.696,29.757],[-115.498,29.611],[-115.451,29.62],[-115.372,29.557],[-115.286,29.53],[-115.189,29.429],[-114.973,29.378],[-114.785,29.194],[-114.742,29.188],[-114.688,29.113],[-114.631,29.095],[-114.605,28.997],[-114.53,28.926],[-114.476,28.929],[-114.371,28.813],[-114.346,28.73],[-114.184,28.662],[-114.159,28.566],[-114.112,28.561],[-114.044,28.458],[-114.127,28.256],[-114.058,28.207],[-114.112,28.12],[-114.069,28.055],[-114.105,27.928],[-114.173,27.827],[-114.141,27.73],[-114.105,27.708],[-113.993,27.751],[-113.914,27.71],[-113.954,27.656],[-114.011,27.666],[-114.101,27.602],[-114.152,27.67],[-114.224,27.697],[-114.307,27.764],[-114.292,27.833],[-114.346,27.864],[-114.497,27.774],[-114.605,27.774],[-114.922,27.837],[-115.052,27.822],[-115.001,27.715],[-114.782,27.602],[-114.735,27.521],[-114.598,27.477],[-114.508,27.406],[-114.487,27.237],[-114.289,27.146],[-114.181,27.139],[-114.116,27.106],[-114.004,26.977],[-113.878,26.984],[-113.792,26.92],[-113.727,26.8],[-113.637,26.726],[-113.543,26.719],[-113.504,26.793],[-113.399,26.803],[-113.27,26.753],[-113.259,26.825],[-113.205,26.854],[-113.194,26.945],[-113.126,26.938],[-113.137,26.857],[-113.212,26.793],[-113.144,26.758],[-113.057,26.65],[-113.061,26.599],[-112.73,26.371],[-112.69,26.322],[-112.618,26.32],[-112.499,26.234],[-112.442,26.261],[-112.345,26.179],[-112.294,26.05],[-112.197,25.995],[-112.132,25.817],[-112.075,25.714],[-112.064,25.513],[-112.078,25.258],[-112.139,25.145],[-112.121,25.074],[-112.136,24.946],[-112.082,24.961],[-112.089,24.774],[-112.013,24.74],[-111.967,24.779],[-111.848,24.654],[-111.812,24.505],[-111.736,24.547],[-111.646,24.563],[-111.621,24.473],[-111.445,24.325],[-111.229,24.218],[-111.041,24.105],[-110.815,23.909],[-110.649,23.734],[-110.577,23.681],[-110.404,23.609],[-110.307,23.541],[-110.159,23.293],[-110.098,23.018],[-110.044,22.931],[-109.954,22.872],[-109.896,22.874],[-109.731,22.987],[-109.713,23.031],[-109.533,23.109],[-109.454,23.202],[-109.414,23.406],[-109.475,23.56],[-109.68,23.647],[-109.713,23.749],[-109.698,23.798],[-109.832,23.919],[-109.803,24.022],[-109.828,24.063],[-109.932,24.029],[-109.986,24.046],[-110.008,24.159],[-110.174,24.254],[-110.231,24.343],[-110.332,24.33],[-110.3,24.216],[-110.35,24.115],[-110.563,24.213],[-110.681,24.36],[-110.689,24.466],[-110.739,24.554],[-110.725,24.681],[-110.656,24.807],[-110.757,25.012],[-110.815,25.034],[-110.912,25.16],[-111.027,25.447],[-111.02,25.515],[-111.113,25.525],[-111.193,25.615],[-111.214,25.702],[-111.304,25.772],[-111.362,25.964],[-111.322,26.098],[-111.398,26.253],[-111.383,26.3],[-111.47,26.466],[-111.441,26.518],[-111.571,26.577],[-111.56,26.695],[-111.722,26.807],[-111.819,26.896],[-111.851,26.881],[-111.815,26.714],[-111.679,26.582],[-111.736,26.54],[-111.902,26.714],[-111.869,26.829],[-111.952,26.893],[-112.017,26.979],[-111.959,27.095],[-112.089,27.131],[-112.211,27.21],[-112.197,27.251],[-112.287,27.366],[-112.355,27.548],[-112.485,27.621],[-112.568,27.641],[-112.705,27.756],[-112.719,27.82],[-112.773,27.864],[-112.755,27.968],[-112.805,28.033],[-112.791,28.201],[-112.874,28.284],[-112.849,28.382],[-112.903,28.475],[-113.003,28.455],[-113.104,28.504],[-113.126,28.629],[-113.234,28.836],[-113.356,28.801],[-113.367,28.877],[-113.439,28.951],[-113.525,28.892],[-113.565,29.014],[-113.536,29.051],[-113.655,29.218],[-113.623,29.253],[-113.77,29.407],[-113.824,29.429],[-113.993,29.578],[-114.047,29.596],[-114.271,29.772],[-114.339,29.745],[-114.393,29.784],[-114.429,29.907],[-114.533,29.968],[-114.667,30.199],[-114.634,30.365],[-114.631,30.495],[-114.699,30.636],[-114.688,30.744],[-114.71,30.918],[-114.832,31.006],[-114.814,31.05],[-114.883,31.121],[-114.875,31.329],[-114.854,31.39],[-114.854,31.526],[-114.782,31.656],[-114.818,31.719],[-114.818,31.83],[-114.688,31.766],[-114.584,31.761],[-114.494,31.677],[-114.328,31.594],[-114.289,31.552],[-114.159,31.494],[-114.029,31.491],[-113.965,31.563],[-113.875,31.597],[-113.659,31.498],[-113.608,31.352],[-113.551,31.295],[-113.277,31.251],[-113.093,31.202],[-113.05,31.156],[-113.057,31.032],[-113.101,30.979],[-113.129,30.812],[-113.079,30.67],[-112.985,30.532],[-112.87,30.429],[-112.849,30.289],[-112.755,30.186],[-112.759,30.059],[-112.73,30.013],[-112.748,29.91],[-112.687,29.907],[-112.507,29.617],[-112.431,29.561],[-112.377,29.486],[-112.42,29.377],[-112.334,29.316],[-112.24,29.316],[-112.211,29.253],[-112.226,29.188],[-112.165,29.12],[-112.186,29.074],[-112.154,28.997],[-112.035,28.88],[-111.895,28.781],[-111.92,28.72],[-111.761,28.585],[-111.707,28.46],[-111.473,28.38],[-111.437,28.308],[-111.25,28.051],[-111.059,27.936],[-110.998,27.963],[-110.887,27.838],[-110.858,27.979],[-110.811,27.914],[-110.656,27.892],[-110.588,27.837],[-110.602,27.793],[-110.581,27.668],[-110.627,27.609],[-110.555,27.384],[-110.501,27.393],[-110.404,27.246],[-110.289,27.148],[-110.149,27.119],[-110.062,27.082],[-109.983,27.116],[-109.918,27.06],[-109.911,26.952],[-109.857,26.802],[-109.767,26.707],[-109.662,26.673],[-109.508,26.729],[-109.313,26.569],[-109.256,26.498],[-109.252,26.349],[-109.23,26.263],[-109.292,26.163],[-109.396,26.077],[-109.439,26.006],[-109.418,25.897],[-109.439,25.794],[-109.288,25.716],[-109.299,25.658],[-109.18,25.653],[-109.144,25.594],[-109.061,25.591],[-109.011,25.65],[-108.899,25.701],[-108.906,25.638],[-108.971,25.584],[-109.072,25.581],[-109.115,25.537],[-109.036,25.466],[-109,25.5],[-108.899,25.478],[-108.896,25.561],[-108.795,25.537],[-108.73,25.405],[-108.554,25.307],[-108.449,25.27],[-108.395,25.214],[-108.212,25.167],[-108.161,25.106],[-108.118,25.123],[-108.003,25.032],[-108.107,25.027],[-108.129,24.976],[-108.233,25.029],[-108.154,24.883],[-108.089,24.823],[-107.97,24.779],[-108.017,24.731],[-108.006,24.662],[-107.909,24.578],[-107.819,24.595],[-107.718,24.492],[-107.625,24.458],[-107.52,24.512],[-107.477,24.4],[-107.542,24.346],[-107.376,24.206],[-107.034,23.98],[-106.901,23.847],[-106.793,23.632],[-106.75,23.619],[-106.613,23.468],[-106.523,23.408],[-106.43,23.23],[-106.278,23.083],[-106.221,23.051],[-106.034,22.83],[-105.926,22.766],[-105.8,22.638],[-105.731,22.504],[-105.656,22.256],[-105.656,22.047],[-105.634,21.955],[-105.548,21.83],[-105.414,21.601],[-105.263,21.513],[-105.184,21.444],[-105.242,21.342],[-105.216,21.204],[-105.234,21.06],[-105.31,21.03],[-105.357,20.957],[-105.461,20.856],[-105.479,20.751],[-105.411,20.735],[-105.36,20.763],[-105.234,20.637],[-105.245,20.584],[-105.328,20.513],[-105.576,20.488],[-105.699,20.407],[-105.656,20.312],[-105.558,20.218],[-105.526,20.032],[-105.299,19.718],[-105.152,19.585],[-105.087,19.561],[-105.087,19.505],[-105.018,19.369],[-104.882,19.279],[-104.817,19.299],[-104.806,19.228],[-104.734,19.228],[-104.637,19.159],[-104.399,19.092],[-104.306,19.081],[-104.331,19.022],[-104.18,18.972],[-103.982,18.875],[-103.794,18.742],[-103.701,18.654],[-103.712,18.602],[-103.575,18.492],[-103.499,18.333],[-103.114,18.192],[-103.024,18.187],[-102.743,18.067],[-102.596,18.05],[-102.29,17.962],[-102.174,17.916],[-102.099,17.982],[-102.038,17.991],[-101.811,17.891],[-101.746,17.791],[-101.67,17.741],[-101.645,17.668],[-101.498,17.614],[-101.454,17.526],[-101.181,17.413],[-101.008,17.253],[-100.781,17.18],[-99.993,16.91],[-99.741,16.731],[-99.604,16.682],[-99.374,16.669],[-99.143,16.611],[-98.855,16.528],[-98.776,16.555],[-98.697,16.462],[-98.582,16.361],[-98.567,16.324],[-98.445,16.278],[-98.214,16.224],[-98.171,16.235],[-98.085,16.165],[-97.944,16.088],[-97.836,16.01],[-97.682,15.963],[-97.617,15.976],[-97.368,15.934],[-97.268,15.936],[-97.16,15.904],[-97.023,15.807],[-96.846,15.733],[-96.681,15.709],[-96.555,15.659],[-96.432,15.696],[-96.238,15.684],[-95.961,15.828],[-95.662,15.912],[-95.572,15.958],[-95.435,15.976],[-95.234,16.159],[-95.151,16.187],[-95.064,16.184],[-94.895,16.211],[-94.895,16.235],[-95.064,16.268],[-95.032,16.326],[-94.964,16.332],[-94.902,16.414],[-94.809,16.395],[-94.762,16.294],[-94.654,16.363],[-94.586,16.282],[-94.712,16.229],[-94.722,16.199],[-94.438,16.187],[-94.031,16.04],[-94.056,16.076],[-94.229,16.164],[-94.294,16.142],[-94.413,16.228],[-94.362,16.287],[-94.226,16.204],[-94.128,16.221],[-94.042,16.125],[-93.898,16.089],[-93.855,16.025],[-93.945,16.01],[-93.758,15.907],[-93.47,15.701],[-93.228,15.502],[-92.984,15.265],[-92.825,15.172],[-92.825,15.135],[-92.699,14.999],[-92.246,14.546],[-92.051,14.407],[-91.907,14.284],[-91.763,14.18],[-91.551,14.058],[-91.317,13.955],[-91.043,13.913],[-90.91,13.911],[-90.708,13.93],[-90.5,13.894],[-90.1,13.732],[-89.837,13.597],[-89.808,13.526],[-89.679,13.535],[-89.527,13.494],[-89.383,13.496],[-89.25,13.472],[-89.063,13.372],[-88.786,13.246],[-88.527,13.198],[-88.415,13.22],[-88.21,13.16],[-88.098,13.175],[-87.929,13.158],[-87.893,13.214],[-87.817,13.251],[-87.792,13.305],[-87.875,13.366],[-87.817,13.406],[-87.738,13.362],[-87.652,13.413],[-87.483,13.359],[-87.511,13.295],[-87.454,13.224],[-87.418,13.111],[-87.292,13.011],[-87.436,12.922],[-87.468,12.982],[-87.583,13.057],[-87.666,12.982],[-87.684,12.918],[-87.648,12.873],[-87.454,12.744],[-87.346,12.619],[-87.123,12.461],[-87.072,12.388],[-86.799,12.219],[-86.763,12.182],[-86.691,12.025],[-86.629,11.964],[-86.59,11.883],[-86.496,11.76],[-86.377,11.669],[-86.338,11.611],[-86.244,11.572],[-86.161,11.485],[-85.927,11.311],[-85.801,11.165],[-85.787,11.113],[-85.701,11.081],[-85.747,11.02],[-85.74,10.939],[-85.863,10.932],[-85.909,10.887],[-85.665,10.779],[-85.661,10.59],[-85.809,10.495],[-85.776,10.448],[-85.873,10.355],[-85.845,10.232],[-85.78,10.08],[-85.639,9.906],[-85.47,9.85],[-85.333,9.826],[-85.24,9.742],[-85.146,9.612],[-85.089,9.588],[-85.063,9.666],[-84.995,9.703],[-84.912,9.796],[-84.912,9.913],[-85.146,9.999],[-85.24,10.102],[-85.247,10.216],[-85.175,10.166],[-85.089,10.173],[-84.851,9.967],[-84.761,9.975],[-84.635,9.784],[-84.678,9.693],[-84.617,9.578],[-84.52,9.519],[-84.459,9.526],[-84.271,9.482],[-84.181,9.441],[-84.102,9.377],[-83.919,9.294],[-83.728,9.144],[-83.602,8.967],[-83.62,8.911],[-83.587,8.835],[-83.659,8.69],[-83.739,8.624],[-83.577,8.445],[-83.461,8.443],[-83.289,8.376],[-83.274,8.438],[-83.299,8.535],[-83.404,8.589],[-83.483,8.712],[-83.346,8.731],[-83.328,8.685],[-83.242,8.624],[-83.184,8.626],[-83.098,8.462],[-83.152,8.369],[-82.968,8.221],[-82.9,8.106],[-82.878,8.219],[-82.81,8.295],[-82.659,8.324],[-82.511,8.276],[-82.399,8.288],[-82.345,8.329],[-82.241,8.307],[-82.198,8.202],[-82.093,8.221],[-81.885,8.173],[-81.773,8.124],[-81.712,8.131],[-81.672,8.006],[-81.615,7.974],[-81.622,7.89],[-81.575,7.76],[-81.489,7.749],[-81.424,7.672],[-81.291,7.652],[-81.226,7.609],[-81.165,7.788],[-81.089,7.842],[-81.078,7.765],[-81.021,7.65],[-80.945,7.555],[-80.967,7.51],[-80.909,7.442],[-80.891,7.342],[-80.931,7.256],[-80.873,7.212],[-80.715,7.216],[-80.43,7.265],[-80.344,7.327],[-80.358,7.381],[-80.25,7.43],[-80.135,7.425],[-80.016,7.457],[-79.995,7.503],[-80.052,7.636],[-80.142,7.753],[-80.301,7.883],[-80.347,7.989],[-80.455,8.036],[-80.477,8.202],[-80.376,8.303],[-80.225,8.302],[-79.969,8.443],[-79.75,8.69],[-79.753,8.815],[-79.703,8.864],[-79.527,8.908],[-79.483,8.999],[-79.275,9.019],[-79.116,8.994],[-79.005,8.96],[-78.875,8.891],[-78.839,8.817],[-78.756,8.828],[-78.731,8.759],[-78.634,8.725],[-78.605,8.665],[-78.504,8.634],[-78.483,8.508],[-78.439,8.384],[-78.389,8.335],[-78.321,8.467],[-78.267,8.472],[-78.187,8.406],[-78.159,8.465],[-78.069,8.403],[-78.184,8.298],[-78.277,8.251],[-78.238,8.175],[-78.252,8.118],[-78.324,8.06],[-78.436,8.058],[-78.396,7.917],[-78.328,7.844],[-78.274,7.684],[-78.173,7.576],[-78.169,7.523],[-78.065,7.418],[-77.917,7.241],[-77.845,7.197],[-77.712,7.071],[-77.651,6.976],[-77.701,6.919],[-77.572,6.8],[-77.532,6.713],[-77.41,6.694],[-77.413,6.637],[-77.341,6.544],[-77.399,6.388],[-77.377,6.319],[-77.413,6.24],[-77.478,6.301],[-77.485,6.189],[-77.385,6.042],[-77.352,6.025],[-77.248,5.787],[-77.248,5.723],[-77.356,5.608],[-77.406,5.629],[-77.493,5.595],[-77.478,5.505],[-77.413,5.466],[-77.359,5.298],[-77.374,5.149],[-77.367,4.999],[-77.32,4.71],[-77.32,4.546],[-77.352,4.403],[-77.388,4.347],[-77.338,4.269],[-77.349,4.225],[-77.435,4.154],[-77.424,4.004],[-77.345,3.93],[-77.298,4.067],[-77.19,4.067],[-77.313,3.908],[-77.251,3.84],[-77.151,3.813],[-77.194,3.758],[-77.197,3.633],[-77.295,3.547],[-77.367,3.386],[-77.457,3.356],[-77.507,3.283],[-77.507,3.195],[-77.647,3.074],[-77.619,2.932],[-77.709,2.861],[-77.813,2.748],[-77.752,2.628],[-77.777,2.577],[-77.885,2.572],[-77.95,2.675],[-78.097,2.652],[-78.087,2.51],[-78.123,2.493],[-78.195,2.522],[-78.234,2.593],[-78.299,2.571],[-78.335,2.647],[-78.432,2.587],[-78.573,2.434],[-78.673,2.267],[-78.702,2.147],[-78.67,2.03],[-78.587,2],[-78.598,1.91],[-78.547,1.86],[-78.612,1.801],[-78.76,1.831],[-78.846,1.821],[-79.023,1.638],[-78.9,1.546],[-78.814,1.443],[-78.871,1.345],[-78.893,1.245],[-79.012,1.193],[-79.073,1.21],[-79.149,1.11],[-79.249,1.08],[-79.458,1.073],[-79.573,0.983],[-79.617,0.997],[-79.764,0.955],[-79.822,0.897],[-80.045,0.84],[-80.099,0.781],[-80.11,0.695],[-80.045,0.637],[-80.016,0.559],[-80.045,0.458],[-79.991,0.365],[-80.049,0.318],[-80.041,0.124],[-80.067,0.053],[-80.232,-0.14],[-80.373,-0.222],[-80.434,-0.339],[-80.495,-0.381],[-80.423,-0.599],[-80.463,-0.617],[-80.517,-0.742],[-80.549,-0.889],[-80.617,-0.942],[-80.826,-0.95],[-80.916,-1.065],[-80.833,-1.23],[-80.743,-1.344],[-80.772,-1.479],[-80.855,-1.604],[-80.79,-1.722],[-80.733,-1.904],[-80.761,-1.973],[-80.743,-2.103],[-80.869,-2.203],[-80.952,-2.237],[-80.913,-2.32],[-80.823,-2.367],[-80.657,-2.416],[-80.466,-2.618],[-80.322,-2.711],[-80.279,-2.649],[-80.175,-2.586],[-80.077,-2.458],[-80.013,-2.488],[-80.07,-2.561],[-79.984,-2.605],[-79.923,-2.575],[-79.84,-2.377],[-79.725,-2.569],[-79.836,-2.808],[-79.883,-2.965],[-79.876,-3.005],[-79.933,-3.115],[-79.951,-3.198],[-80.009,-3.242],[-80.07,-3.218],[-80.135,-3.328],[-80.34,-3.368],[-80.369,-3.466],[-80.535,-3.505],[-80.614,-3.616],[-80.808,-3.74],[-80.869,-3.873],[-80.963,-3.939],[-81.075,-4.096],[-81.265,-4.253],[-81.294,-4.317],[-81.28,-4.396],[-81.33,-4.476],[-81.305,-4.643],[-81.337,-4.678],[-81.222,-4.807],[-81.064,-5.021],[-81.082,-5.079],[-81.172,-5.087],[-81.165,-5.165],[-81.197,-5.209],[-81.132,-5.3],[-81.057,-5.34],[-80.931,-5.464],[-80.855,-5.651],[-80.866,-5.744],[-80.941,-5.85],[-81.039,-5.818],[-81.15,-5.882],[-81.132,-6.034],[-81.013,-6.139],[-80.851,-6.239],[-80.79,-6.3],[-80.297,-6.544],[-80.121,-6.651],[-79.987,-6.757],[-79.93,-6.884],[-79.707,-7.107],[-79.696,-7.178],[-79.613,-7.267],[-79.573,-7.387],[-79.584,-7.463],[-79.483,-7.593],[-79.437,-7.694],[-79.465,-7.716],[-79.3,-7.939],[-79.123,-8.066],[-79.123,-8.089],[-78.987,-8.218],[-78.904,-8.376],[-78.94,-8.436],[-78.821,-8.528],[-78.76,-8.608],[-78.742,-8.74],[-78.763,-8.775],[-78.681,-8.883],[-78.63,-9.013],[-78.537,-9.172],[-78.497,-9.19],[-78.483,-9.331],[-78.425,-9.358],[-78.429,-9.42],[-78.371,-9.616],[-78.303,-9.722],[-78.231,-9.793],[-78.245,-9.859],[-78.177,-10.043],[-78.166,-10.141],[-78.09,-10.229],[-78.087,-10.278],[-77.968,-10.494],[-77.921,-10.531],[-77.849,-10.673],[-77.763,-10.761],[-77.647,-10.997],[-77.633,-11.093],[-77.593,-11.164],[-77.64,-11.213],[-77.647,-11.293],[-77.453,-11.404],[-77.32,-11.494],[-77.266,-11.605],[-77.212,-11.647],[-77.169,-11.757],[-77.183,-11.847],[-77.147,-11.933],[-77.143,-12.024],[-77.176,-12.071],[-77.053,-12.115],[-77.017,-12.226],[-76.855,-12.302],[-76.791,-12.382],[-76.798,-12.51],[-76.737,-12.552],[-76.611,-12.774],[-76.517,-12.87],[-76.485,-13.037],[-76.222,-13.358],[-76.182,-13.54],[-76.261,-13.861],[-76.362,-13.802],[-76.395,-13.908],[-76.276,-13.945],[-76.269,-14.02],[-76.29,-14.167],[-76.204,-14.168],[-76.107,-14.305],[-76.143,-14.329],[-76.038,-14.43],[-75.981,-14.46],[-75.934,-14.58],[-75.93,-14.65],[-75.84,-14.726],[-75.505,-14.918],[-75.361,-15.144],[-75.289,-15.161],[-75.228,-15.224],[-75.235,-15.276],[-75.167,-15.311],[-75.16,-15.393],[-74.868,-15.538],[-74.847,-15.566],[-74.537,-15.703],[-74.461,-15.727],[-74.443,-15.798],[-74.328,-15.848],[-74.289,-15.84],[-74.047,-15.96],[-74.033,-16.012],[-73.838,-16.149],[-73.824,-16.155],[-73.702,-16.22],[-73.421,-16.293],[-73.317,-16.34],[-73.306,-16.382],[-73.176,-16.414],[-73.065,-16.491],[-73.032,-16.505],[-72.888,-16.554],[-72.78,-16.629],[-72.694,-16.661],[-72.589,-16.659],[-72.478,-16.694],[-72.34,-16.786],[-72.299,-16.839]]],[[[-68.893,-50],[-68.553,-50],[-68.582,-49.97],[-68.672,-49.995],[-68.856,-49.983],[-68.893,-50]]]]}},{"type":"Feature","properties":{},"geometry":{"type":"Polygon","coordinates":[[[-68.356,18.656],[-68.582,18.813],[-68.741,18.965],[-68.978,19.033],[-69.043,18.987],[-69.356,19.053],[-69.421,19.112],[-69.608,19.093],[-69.634,19.124],[-69.601,19.228],[-69.418,19.191],[-69.252,19.183],[-69.202,19.217],[-69.184,19.298],[-69.335,19.294],[-69.41,19.328],[-69.54,19.34],[-69.734,19.286],[-69.803,19.331],[-69.868,19.426],[-69.904,19.532],[-69.886,19.613],[-69.947,19.679],[-70.041,19.679],[-70.131,19.622],[-70.321,19.666],[-70.433,19.775],[-70.519,19.76],[-70.663,19.779],[-70.833,19.902],[-71.02,19.936],[-71.106,19.868],[-71.211,19.836],[-71.358,19.851],[-71.506,19.911],[-71.65,19.897],[-71.74,19.821],[-71.758,19.71],[-71.97,19.732],[-72.028,19.699],[-72.204,19.775],[-72.33,19.752],[-72.399,19.808],[-72.489,19.824],[-72.568,19.88],[-72.676,19.921],[-72.805,19.946],[-73.05,19.911],[-73.165,19.938],[-73.223,19.887],[-73.432,19.779],[-73.468,19.725],[-73.41,19.635],[-73.284,19.625],[-73.219,19.649],[-73.018,19.602],[-72.795,19.492],[-72.73,19.426],[-72.802,19.232],[-72.715,19.103],[-72.813,19.053],[-72.708,18.945],[-72.618,18.889],[-72.55,18.786],[-72.435,18.717],[-72.33,18.683],[-72.345,18.546],[-72.629,18.555],[-72.715,18.438],[-72.755,18.43],[-72.985,18.47],[-73.083,18.453],[-73.165,18.484],[-73.288,18.484],[-73.367,18.512],[-73.525,18.524],[-73.605,18.499],[-73.705,18.573],[-73.81,18.543],[-73.972,18.602],[-74.029,18.604],[-74.159,18.659],[-74.256,18.671],[-74.425,18.609],[-74.454,18.477],[-74.49,18.43],[-74.447,18.347],[-74.332,18.286],[-74.267,18.313],[-74.184,18.293],[-74.008,18.18],[-73.875,18.026],[-73.806,18.026],[-73.846,18.114],[-73.81,18.16],[-73.695,18.224],[-73.579,18.217],[-73.457,18.257],[-72.946,18.17],[-72.885,18.141],[-72.755,18.176],[-72.615,18.185],[-72.442,18.224],[-72.19,18.225],[-72.071,18.237],[-71.927,18.183],[-71.794,18.05],[-71.722,18.019],[-71.661,17.954],[-71.635,17.854],[-71.646,17.758],[-71.531,17.754],[-71.437,17.617],[-71.365,17.678],[-71.308,17.817],[-71.193,17.942],[-71.059,18.143],[-71.103,18.266],[-71.049,18.31],[-70.933,18.261],[-70.847,18.342],[-70.761,18.347],[-70.681,18.436],[-70.613,18.421],[-70.57,18.355],[-70.591,18.279],[-70.552,18.203],[-70.397,18.237],[-70.17,18.232],[-70.062,18.337],[-70.041,18.393],[-69.9,18.467],[-69.616,18.457],[-69.526,18.408],[-69.212,18.445],[-69.086,18.396],[-68.921,18.413],[-68.849,18.376],[-68.744,18.205],[-68.658,18.21],[-68.597,18.337],[-68.456,18.357],[-68.446,18.42],[-68.334,18.577],[-68.356,18.656]]]}},{"type":"Feature","properties":{},"geometry":{"type":"Polygon","coordinates":[[[-75.214,-49.014],[-75.307,-48.865],[-75.426,-48.863],[-75.523,-48.835],[-75.635,-48.872],[-75.66,-48.933],[-75.599,-48.988],[-75.545,-48.987],[-75.466,-49.036],[-75.412,-48.973],[-75.318,-48.953],[-75.293,-49.039],[-75.214,-49.014]]]}},{"type":"Feature","properties":{},"geometry":{"type":"Polygon","coordinates":[[[-75.199,-49.772],[-75.135,-49.858],[-75.009,-49.899],[-75.012,-49.838],[-74.962,-49.785],[-75.012,-49.726],[-74.958,-49.662],[-75.037,-49.598],[-75.012,-49.529],[-74.922,-49.532],[-74.865,-49.59],[-74.919,-49.694],[-74.883,-49.797],[-74.814,-49.801],[-74.915,-49.917],[-74.833,-50],[-74.55,-50],[-74.487,-49.953],[-74.501,-49.895],[-74.433,-49.809],[-74.422,-49.672],[-74.483,-49.623],[-74.53,-49.5],[-74.476,-49.443],[-74.447,-49.323],[-74.461,-49.12],[-74.508,-49.039],[-74.476,-48.946],[-74.53,-48.867],[-74.523,-48.752],[-74.598,-48.735],[-74.695,-48.679],[-74.829,-48.69],[-74.983,-48.759],[-75.059,-48.816],[-74.955,-49.007],[-74.803,-49.103],[-74.875,-49.191],[-74.929,-49.314],[-75.066,-49.21],[-75.113,-49.286],[-75.189,-49.296],[-75.261,-49.264],[-75.448,-49.291],[-75.466,-49.333],[-75.304,-49.561],[-75.297,-49.633],[-75.207,-49.708],[-75.199,-49.772]]]}},{"type":"Feature","properties":{},"geometry":{"type":"Polygon","coordinates":[[[-74.497,-48.583],[-74.591,-48.575],[-74.605,-48.46],[-74.587,-48.404],[-74.616,-48.333],[-74.681,-48.303],[-74.71,-48.142],[-74.764,-48.153],[-74.811,-48.364],[-74.717,-48.453],[-74.782,-48.485],[-74.832,-48.391],[-74.947,-48.418],[-75.034,-48.504],[-74.998,-48.603],[-74.818,-48.637],[-74.749,-48.629],[-74.609,-48.695],[-74.526,-48.674],[-74.497,-48.583]]]}},{"type":"Feature","properties":{},"geometry":{"type":"Polygon","coordinates":[[[-75.16,-48.298],[-75.03,-48.443],[-74.836,-48.345],[-74.836,-48.249],[-74.803,-48.175],[-74.865,-48.129],[-75.016,-48.083],[-75.07,-48.11],[-75.167,-48.075],[-75.257,-48.068],[-75.16,-48.261],[-75.16,-48.298]]]}},{"type":"Feature","properties":{},"geometry":{"type":"Polygon","coordinates":[[[-75.149,-48.659],[-75.07,-48.597],[-75.099,-48.467],[-75.196,-48.348],[-75.289,-48.207],[-75.268,-48.166],[-75.351,-48.06],[-75.351,-48.004],[-75.477,-48.026],[-75.585,-48.085],[-75.567,-48.171],[-75.52,-48.234],[-75.538,-48.416],[-75.459,-48.416],[-75.365,-48.384],[-75.271,-48.418],[-75.322,-48.492],[-75.286,-48.624],[-75.225,-48.706],[-75.149,-48.659]]]}},{"type":"Feature","properties":{},"geometry":{"type":"Polygon","coordinates":[[[-73.731,-45.214],[-73.702,-45.135],[-73.777,-45.039],[-73.889,-44.992],[-74.076,-45.034],[-74.206,-45.042],[-74.249,-45.11],[-74.184,-45.169],[-74.105,-45.135],[-73.961,-45.25],[-73.842,-45.24],[-73.767,-45.285],[-73.731,-45.214]]]}},{"type":"Feature","properties":{},"geometry":{"type":"Polygon","coordinates":[[[-73.929,-44.629],[-74.026,-44.603],[-74.267,-44.603],[-74.4,-44.627],[-74.407,-44.694],[-74.357,-44.765],[-74.271,-44.806],[-73.968,-44.705],[-73.929,-44.629]]]}},{"type":"Feature","properties":{},"geometry":{"type":"Polygon","coordinates":[[[-73.381,-44.588],[-73.468,-44.642],[-73.392,-44.789],[-73.407,-44.823],[-73.255,-44.939],[-73.147,-44.912],[-73.039,-44.835],[-72.877,-44.742],[-72.723,-44.527],[-72.769,-44.466],[-72.906,-44.453],[-73.003,-44.362],[-73.054,-44.419],[-73.147,-44.436],[-73.209,-44.409],[-73.263,-44.477],[-73.223,-44.52],[-73.309,-44.602],[-73.381,-44.588]]]}},{"type":"Feature","properties":{},"geometry":{"type":"Polygon","coordinates":[[[-74.335,-43.281],[-74.292,-43.32],[-73.993,-43.389],[-73.929,-43.365],[-73.878,-43.421],[-73.68,-43.381],[-73.666,-43.295],[-73.756,-43.21],[-73.72,-43.141],[-73.489,-43.1],[-73.572,-42.991],[-73.648,-42.942],[-73.651,-42.883],[-73.493,-42.867],[-73.5,-42.801],[-73.633,-42.741],[-73.698,-42.661],[-73.81,-42.609],[-73.774,-42.523],[-73.731,-42.54],[-73.623,-42.516],[-73.687,-42.452],[-73.68,-42.369],[-73.59,-42.325],[-73.486,-42.322],[-73.378,-42.278],[-73.385,-42.195],[-73.489,-42.146],[-73.446,-42.08],[-73.533,-41.966],[-73.529,-41.856],[-73.579,-41.798],[-73.633,-41.832],[-73.691,-41.809],[-73.867,-41.893],[-73.983,-41.866],[-74.022,-41.771],[-74.065,-41.805],[-74.011,-41.908],[-74.055,-41.934],[-74.044,-42.059],[-74.069,-42.153],[-74.148,-42.217],[-74.145,-42.319],[-74.191,-42.432],[-74.127,-42.671],[-74.166,-42.883],[-74.231,-42.916],[-74.238,-43.033],[-74.339,-43.1],[-74.4,-43.261],[-74.335,-43.281]]]}},{"type":"Feature","properties":{},"geometry":{"type":"Polygon","coordinates":[[[-74.159,20.274],[-74.235,20.321],[-74.31,20.294],[-74.4,20.307],[-74.494,20.355],[-74.605,20.486],[-74.735,20.567],[-74.771,20.627],[-74.85,20.635],[-74.998,20.701],[-75.149,20.682],[-75.196,20.716],[-75.318,20.718],[-75.441,20.741],[-75.448,20.691],[-75.613,20.718],[-75.642,20.76],[-75.711,20.691],[-75.783,20.746],[-75.765,20.812],[-75.577,20.853],[-75.635,20.912],[-75.577,21.013],[-75.703,21.12],[-75.966,21.094],[-76.085,21.111],[-76.139,21.167],[-76.387,21.285],[-76.506,21.288],[-76.517,21.239],[-76.657,21.349],[-76.805,21.39],[-76.963,21.473],[-77.071,21.596],[-77.107,21.603],[-77.161,21.481],[-77.259,21.476],[-77.266,21.614],[-77.154,21.555],[-77.143,21.645],[-77.331,21.766],[-77.403,21.79],[-77.507,21.863],[-77.557,21.928],[-77.604,21.901],[-77.518,21.812],[-77.665,21.782],[-77.763,21.814],[-77.849,21.91],[-77.914,21.915],[-77.986,21.971],[-78.065,22.087],[-78.162,22.139],[-78.303,22.163],[-78.382,22.246],[-78.461,22.254],[-78.565,22.322],[-78.677,22.357],[-78.756,22.322],[-78.781,22.391],[-78.983,22.405],[-79.149,22.378],[-79.343,22.413],[-79.458,22.528],[-79.512,22.535],[-79.588,22.639],[-79.627,22.658],[-79.653,22.759],[-79.699,22.747],[-79.84,22.808],[-79.897,22.855],[-79.987,22.884],[-80.023,22.947],[-80.157,22.938],[-80.279,22.911],[-80.43,22.95],[-80.556,23.007],[-80.621,23.09],[-80.758,23.097],[-80.959,23.06],[-80.985,23.102],[-81.078,23.104],[-81.129,23.034],[-81.186,23.051],[-81.287,23.144],[-81.481,23.1],[-81.575,23.154],[-81.841,23.158],[-81.985,23.171],[-82.032,23.2],[-82.151,23.18],[-82.219,23.195],[-82.407,23.148],[-82.576,23.055],[-82.713,23.034],[-82.918,23.033],[-82.965,22.974],[-83.044,23.019],[-83.177,22.987],[-83.227,23.002],[-83.328,22.952],[-83.397,22.884],[-83.436,22.903],[-83.814,22.758],[-83.872,22.751],[-84.178,22.585],[-84.217,22.519],[-84.293,22.486],[-84.39,22.356],[-84.43,22.202],[-84.336,22.131],[-84.387,22.048],[-84.462,22.021],[-84.531,22.045],[-84.585,22.008],[-84.876,21.89],[-84.801,21.832],[-84.7,21.895],[-84.581,21.933],[-84.495,21.933],[-84.48,21.866],[-84.52,21.787],[-84.466,21.77],[-84.304,21.885],[-84.12,21.945],[-84.059,21.922],[-83.994,21.952],[-84.001,22.042],[-83.926,22.172],[-83.775,22.17],[-83.613,22.195],[-83.569,22.246],[-83.515,22.188],[-83.415,22.187],[-83.26,22.342],[-83.166,22.339],[-83.087,22.462],[-82.961,22.541],[-82.799,22.622],[-82.781,22.697],[-82.633,22.68],[-82.338,22.678],[-82.198,22.687],[-82.097,22.655],[-81.877,22.68],[-81.755,22.638],[-81.643,22.573],[-81.683,22.464],[-81.841,22.43],[-82.119,22.432],[-82.155,22.379],[-82.09,22.342],[-81.881,22.261],[-81.823,22.188],[-81.651,22.214],[-81.525,22.205],[-81.395,22.17],[-81.373,22.104],[-81.291,22.097],[-81.229,22.145],[-81.179,22.28],[-81.136,22.231],[-81.139,22.161],[-81.089,22.085],[-80.905,22.047],[-80.761,22.062],[-80.513,22.057],[-80.398,22.101],[-80.412,22.025],[-80.301,21.912],[-80.189,21.849],[-80.067,21.817],[-80.023,21.729],[-79.894,21.76],[-79.894,21.699],[-79.815,21.711],[-79.638,21.687],[-79.541,21.623],[-79.451,21.596],[-79.365,21.599],[-79.21,21.548],[-79.077,21.586],[-78.76,21.641],[-78.72,21.581],[-78.627,21.521],[-78.562,21.383],[-78.493,21.049],[-78.393,20.951],[-78.274,20.902],[-78.238,20.834],[-78.162,20.8],[-78.065,20.711],[-77.943,20.697],[-77.878,20.733],[-77.777,20.701],[-77.572,20.697],[-77.493,20.677],[-77.403,20.709],[-77.316,20.709],[-77.259,20.643],[-77.241,20.562],[-77.122,20.52],[-77.082,20.466],[-77.115,20.368],[-77.212,20.282],[-77.403,20.198],[-77.622,20.02],[-77.737,19.873],[-77.719,19.836],[-77.359,19.865],[-77.323,19.9],[-77.165,19.909],[-77.089,19.885],[-76.96,19.89],[-76.866,19.938],[-76.65,19.951],[-76.524,19.944],[-76.247,19.99],[-76.114,19.983],[-75.981,19.953],[-75.934,19.968],[-75.721,19.958],[-75.606,19.892],[-75.383,19.882],[-75.207,19.906],[-75.113,20.057],[-75.084,20.025],[-75.091,19.897],[-74.976,19.922],[-74.947,19.976],[-74.839,20.027],[-74.713,20.052],[-74.58,20.047],[-74.393,20.081],[-74.267,20.068],[-74.231,20.13],[-74.141,20.182],[-74.159,20.274]]]}},{"type":"Feature","properties":{},"geometry":{"type":"Polygon","coordinates":[[[-80.758,-33.768],[-80.704,-33.768],[-80.711,-33.705],[-80.776,-33.734],[-80.758,-33.768]]]}},{"type":"Feature","properties":{},"geometry":{"type":"Polygon","coordinates":[[[-89.661,-1.34],[-89.736,-1.34],[-89.675,-1.398],[-89.661,-1.34]]]}},{"type":"Feature","properties":{},"geometry":{"type":"Polygon","coordinates":[[[-90.514,0.284],[-90.474,0.262],[-90.417,0.332],[-90.482,0.365],[-90.514,0.284]]]}},{"type":"Feature","properties":{},"geometry":{"type":"Polygon","coordinates":[[[-90.798,0.654],[-90.806,0.571],[-90.744,0.585],[-90.798,0.654]]]}},{"type":"Feature","properties":{},"geometry":{"type":"Polygon","coordinates":[[[-81.15,7.562],[-81.082,7.533],[-81.089,7.582],[-81.15,7.562]]]}},{"type":"Feature","properties":{},"geometry":{"type":"Polygon","coordinates":[[[-82.342,8.259],[-82.403,8.258],[-82.385,8.212],[-82.342,8.259]]]}},{"type":"Feature","properties":{},"geometry":{"type":"Polygon","coordinates":[[[-71.509,21.706],[-71.47,21.662],[-71.452,21.69],[-71.481,21.726],[-71.509,21.706]]]}},{"type":"Feature","properties":{},"geometry":{"type":"Polygon","coordinates":[[[-110.325,24.515],[-110.386,24.473],[-110.347,24.402],[-110.289,24.47],[-110.325,24.515]]]}},{"type":"Feature","properties":{},"geometry":{"type":"Polygon","coordinates":[[[-108.831,25.427],[-108.899,25.42],[-108.806,25.375],[-108.831,25.427]]]}},{"type":"Feature","properties":{},"geometry":{"type":"Polygon","coordinates":[[[-68.665,18.17],[-68.755,18.198],[-68.762,18.146],[-68.701,18.114],[-68.665,18.17]]]}},{"type":"Feature","properties":{},"geometry":{"type":"Polygon","coordinates":[[[-74.901,23.706],[-74.836,23.651],[-74.814,23.72],[-74.901,23.706]]]}},{"type":"Feature","properties":{},"geometry":{"type":"Polygon","coordinates":[[[-86.694,30.408],[-86.892,30.393],[-86.953,30.375],[-87.241,30.326],[-86.561,30.402],[-86.694,30.408]]]}},{"type":"Feature","properties":{},"geometry":{"type":"Polygon","coordinates":[[[-156.56,20.598],[-156.639,20.576],[-156.679,20.505],[-156.546,20.513],[-156.56,20.598]]]}},{"type":"Feature","properties":{},"geometry":{"type":"Polygon","coordinates":[[[-75.52,-49.379],[-75.491,-49.495],[-75.43,-49.502],[-75.462,-49.419],[-75.52,-49.379]]]}},{"type":"Feature","properties":{},"geometry":{"type":"Polygon","coordinates":[[[-74.904,-49.076],[-74.973,-49.032],[-75.001,-49.08],[-75.081,-49.037],[-75.16,-49.051],[-75.221,-49.107],[-75.203,-49.173],[-75.091,-49.159],[-75.012,-49.238],[-74.937,-49.281],[-74.893,-49.137],[-74.904,-49.076]]]}},{"type":"Feature","properties":{},"geometry":{"type":"Polygon","coordinates":[[[-75.084,-48.637],[-75.228,-48.752],[-75.214,-48.803],[-75.12,-48.818],[-75.059,-48.7],[-75.084,-48.637]]]}},{"type":"Feature","properties":{},"geometry":{"type":"Polygon","coordinates":[[[-75.023,-48.69],[-75.023,-48.745],[-74.929,-48.72],[-74.825,-48.659],[-75.009,-48.637],[-75.023,-48.69]]]}},{"type":"Feature","properties":{},"geometry":{"type":"Polygon","coordinates":[[[-75.34,-48.624],[-75.462,-48.7],[-75.653,-48.717],[-75.613,-48.794],[-75.509,-48.779],[-75.379,-48.717],[-75.286,-48.695],[-75.34,-48.624]]]}},{"type":"Feature","properties":{},"geometry":{"type":"Polygon","coordinates":[[[-74.091,-48.48],[-74.058,-48.426],[-74.195,-48.364],[-74.181,-48.443],[-74.091,-48.48]]]}},{"type":"Feature","properties":{},"geometry":{"type":"Polygon","coordinates":[[[-74.494,-48.35],[-74.461,-48.384],[-74.271,-48.463],[-74.231,-48.421],[-74.303,-48.364],[-74.299,-48.288],[-74.494,-48.35]]]}},{"type":"Feature","properties":{},"geometry":{"type":"Polygon","coordinates":[[[-74.469,-47.075],[-74.44,-47.163],[-74.321,-47.09],[-74.4,-47.05],[-74.469,-47.075]]]}},{"type":"Feature","properties":{},"geometry":{"type":"Polygon","coordinates":[[[-74.076,-47.02],[-74.166,-47.013],[-74.213,-47.058],[-74.22,-47.129],[-74.145,-47.172],[-74.069,-47.138],[-73.975,-47.048],[-74.076,-47.02]]]}},{"type":"Feature","properties":{},"geometry":{"type":"Polygon","coordinates":[[[-74.793,-45.633],[-74.861,-45.601],[-74.875,-45.647],[-74.796,-45.697],[-74.793,-45.633]]]}},{"type":"Feature","properties":{},"geometry":{"type":"Polygon","coordinates":[[[-73.824,-45.395],[-73.939,-45.366],[-73.921,-45.431],[-73.824,-45.395]]]}},{"type":"Feature","properties":{},"geometry":{"type":"Polygon","coordinates":[[[-74.778,-44.581],[-74.818,-44.656],[-74.749,-44.666],[-74.778,-44.581]]]}},{"type":"Feature","properties":{},"geometry":{"type":"Polygon","coordinates":[[[-74.037,-44.499],[-74.069,-44.553],[-73.947,-44.544],[-73.957,-44.48],[-74.037,-44.499]]]}},{"type":"Feature","properties":{},"geometry":{"type":"Polygon","coordinates":[[[-73.745,-43.953],[-73.731,-44.046],[-73.655,-44.038],[-73.669,-43.978],[-73.745,-43.953]]]}},{"type":"Feature","properties":{},"geometry":{"type":"Polygon","coordinates":[[[-73.605,-42.579],[-73.738,-42.592],[-73.72,-42.634],[-73.615,-42.639],[-73.605,-42.579]]]}},{"type":"Feature","properties":{},"geometry":{"type":"Polygon","coordinates":[[[-72.543,-42.141],[-72.51,-42.074],[-72.575,-42.057],[-72.607,-42.113],[-72.543,-42.141]]]}},{"type":"Feature","properties":{},"geometry":{"type":"Polygon","coordinates":[[[-73.086,-41.844],[-73.003,-41.844],[-73.054,-41.748],[-73.086,-41.844]]]}},{"type":"Feature","properties":{},"geometry":{"type":"Polygon","coordinates":[[[-74.425,-49.615],[-74.292,-49.554],[-74.353,-49.465],[-74.436,-49.427],[-74.425,-49.615]]]}},{"type":"Feature","properties":{},"geometry":{"type":"Polygon","coordinates":[[[-74.649,-47.798],[-74.688,-47.862],[-74.645,-47.923],[-74.526,-47.813],[-74.649,-47.798]]]}},{"type":"Feature","properties":{},"geometry":{"type":"Polygon","coordinates":[[[-75.322,-46.685],[-75.163,-46.781],[-75.145,-46.697],[-75.217,-46.675],[-75.322,-46.685]]]}},{"type":"Feature","properties":{},"geometry":{"type":"Polygon","coordinates":[[[-73.011,-42.695],[-73.018,-42.734],[-72.957,-42.808],[-72.931,-42.724],[-73.011,-42.695]]]}},{"type":"Feature","properties":{},"geometry":{"type":"Polygon","coordinates":[[[-79.818,-2.487],[-79.883,-2.627],[-79.771,-2.542],[-79.818,-2.487]]]}},{"type":"Feature","properties":{},"geometry":{"type":"Polygon","coordinates":[[[-89.664,22.371],[-89.61,22.46],[-89.653,22.472],[-89.697,22.418],[-89.664,22.371]]]}},{"type":"Feature","properties":{},"geometry":{"type":"Polygon","coordinates":[[[-81.251,31.504],[-81.301,31.411],[-81.262,31.388],[-81.175,31.521],[-81.251,31.504]]]}},{"type":"Feature","properties":{},"geometry":{"type":"Polygon","coordinates":[[[-162.399,6.446],[-162.399,6.431],[-162.385,6.431],[-162.385,6.446],[-162.399,6.446]]]}},{"type":"Feature","properties":{},"geometry":{"type":"Polygon","coordinates":[[[-78.789,-33.609],[-78.886,-33.575],[-78.943,-33.616],[-78.814,-33.651],[-78.789,-33.609]]]}},{"type":"Feature","properties":{},"geometry":{"type":"Polygon","coordinates":[[[-109.23,-27.093],[-109.378,-27.059],[-109.425,-27.099],[-109.454,-27.187],[-109.245,-27.13],[-109.23,-27.093]]]}},{"type":"Feature","properties":{},"geometry":{"type":"Polygon","coordinates":[[[-90.381,-1.254],[-90.485,-1.222],[-90.514,-1.296],[-90.474,-1.342],[-90.399,-1.327],[-90.381,-1.254]]]}},{"type":"Feature","properties":{},"geometry":{"type":"Polygon","coordinates":[[[-89.308,-0.685],[-89.412,-0.714],[-89.488,-0.808],[-89.632,-0.916],[-89.545,-0.957],[-89.434,-0.93],[-89.369,-0.83],[-89.301,-0.796],[-89.254,-0.719],[-89.308,-0.685]]]}},{"type":"Feature","properties":{},"geometry":{"type":"Polygon","coordinates":[[[-91.4,-0.454],[-91.4,-0.308],[-91.475,-0.249],[-91.58,-0.287],[-91.67,-0.285],[-91.644,-0.403],[-91.508,-0.491],[-91.4,-0.454]]]}},{"type":"Feature","properties":{},"geometry":{"type":"Polygon","coordinates":[[[-90.564,-0.285],[-90.633,-0.202],[-90.809,-0.151],[-90.849,-0.276],[-90.82,-0.339],[-90.586,-0.364],[-90.564,-0.285]]]}},{"type":"Feature","properties":{},"geometry":{"type":"Polygon","coordinates":[[[-81.665,7.397],[-81.715,7.457],[-81.676,7.506],[-81.759,7.619],[-81.881,7.516],[-81.841,7.43],[-81.748,7.349],[-81.651,7.322],[-81.665,7.397]]]}},{"type":"Feature","properties":{},"geometry":{"type":"Polygon","coordinates":[[[-68.78,12.098],[-68.834,12.172],[-68.96,12.201],[-69.04,12.256],[-69.072,12.341],[-69.162,12.391],[-69.166,12.307],[-69.079,12.204],[-69.007,12.148],[-68.816,12.043],[-68.78,12.098]]]}},{"type":"Feature","properties":{},"geometry":{"type":"Polygon","coordinates":[[[-69.997,12.577],[-70.026,12.523],[-69.907,12.418],[-69.878,12.454],[-69.997,12.577]]]}},{"type":"Feature","properties":{},"geometry":{"type":"Polygon","coordinates":[[[-110.948,18.799],[-111.002,18.869],[-111.067,18.769],[-110.98,18.717],[-110.948,18.799]]]}},{"type":"Feature","properties":{},"geometry":{"type":"Polygon","coordinates":[[[-72.852,20.088],[-72.845,20.034],[-72.741,20.002],[-72.669,20.032],[-72.802,20.088],[-72.852,20.088]]]}},{"type":"Feature","properties":{},"geometry":{"type":"Polygon","coordinates":[[[-106.512,21.597],[-106.534,21.658],[-106.642,21.697],[-106.656,21.658],[-106.592,21.577],[-106.512,21.597]]]}},{"type":"Feature","properties":{},"geometry":{"type":"Polygon","coordinates":[[[-71.805,21.788],[-71.65,21.78],[-71.664,21.836],[-71.808,21.841],[-71.805,21.788]]]}},{"type":"Feature","properties":{},"geometry":{"type":"Polygon","coordinates":[[[-72.337,21.802],[-72.219,21.77],[-72.309,21.852],[-72.337,21.802]]]}},{"type":"Feature","properties":{},"geometry":{"type":"Polygon","coordinates":[[[-73.14,22.364],[-73.075,22.342],[-72.989,22.371],[-72.863,22.351],[-72.798,22.293],[-72.748,22.332],[-72.82,22.384],[-72.964,22.398],[-73.065,22.445],[-73.14,22.432],[-73.14,22.364]]]}},{"type":"Feature","properties":{},"geometry":{"type":"Polygon","coordinates":[[[-109.835,24.225],[-109.9,24.2],[-109.864,24.147],[-109.799,24.156],[-109.835,24.225]]]}},{"type":"Feature","properties":{},"geometry":{"type":"Polygon","coordinates":[[[-111.754,24.448],[-111.866,24.52],[-111.97,24.519],[-111.711,24.318],[-111.693,24.373],[-111.754,24.448]]]}},{"type":"Feature","properties":{},"geometry":{"type":"Polygon","coordinates":[[[-110.71,25.095],[-110.714,25.029],[-110.656,24.946],[-110.573,24.887],[-110.591,25.034],[-110.71,25.095]]]}},{"type":"Feature","properties":{},"geometry":{"type":"Polygon","coordinates":[[[-112.103,24.617],[-112.114,24.689],[-112.208,24.818],[-112.179,24.975],[-112.276,24.84],[-112.175,24.764],[-112.103,24.617]]]}},{"type":"Feature","properties":{},"geometry":{"type":"Polygon","coordinates":[[[-111.081,25.998],[-111.07,26.054],[-111.175,26.043],[-111.175,25.978],[-111.081,25.998]]]}},{"type":"Feature","properties":{},"geometry":{"type":"Polygon","coordinates":[[[-115.196,28.342],[-115.264,28.299],[-115.239,28.234],[-115.333,28.126],[-115.228,28.028],[-115.156,28.141],[-115.163,28.261],[-115.196,28.342]]]}},{"type":"Feature","properties":{},"geometry":{"type":"Polygon","coordinates":[[[-65.227,10.954],[-65.378,10.966],[-65.335,10.895],[-65.206,10.904],[-65.227,10.954]]]}},{"type":"Feature","properties":{},"geometry":{"type":"Polygon","coordinates":[[[-68.212,12.228],[-68.341,12.275],[-68.287,12.18],[-68.258,12.028],[-68.204,12.118],[-68.212,12.228]]]}},{"type":"Feature","properties":{},"geometry":{"type":"Polygon","coordinates":[[[-86.608,16.285],[-86.493,16.326],[-86.532,16.356],[-86.608,16.285]]]}},{"type":"Feature","properties":{},"geometry":{"type":"Polygon","coordinates":[[[-87.828,17.545],[-87.803,17.493],[-87.821,17.464],[-87.857,17.471],[-87.846,17.415],[-87.807,17.457],[-87.781,17.513],[-87.828,17.545]]]}},{"type":"Feature","properties":{},"geometry":{"type":"Polygon","coordinates":[[[-65.346,18.114],[-65.4,18.17],[-65.479,18.158],[-65.468,18.094],[-65.346,18.114]]]}},{"type":"Feature","properties":{},"geometry":{"type":"Polygon","coordinates":[[[-87.915,18.026],[-87.85,18.134],[-87.904,18.153],[-87.915,18.026]]]}},{"type":"Feature","properties":{},"geometry":{"type":"Polygon","coordinates":[[[-91.601,18.772],[-91.702,18.698],[-91.688,18.669],[-91.601,18.772]]]}},{"type":"Feature","properties":{},"geometry":{"type":"Polygon","coordinates":[[[-81.136,19.355],[-81.269,19.367],[-81.305,19.309],[-81.136,19.291],[-81.136,19.355]]]}},{"type":"Feature","properties":{},"geometry":{"type":"Polygon","coordinates":[[[-86.748,20.593],[-86.838,20.547],[-86.935,20.547],[-87.007,20.436],[-87.022,20.355],[-86.997,20.26],[-86.889,20.353],[-86.799,20.478],[-86.748,20.593]]]}},{"type":"Feature","properties":{},"geometry":{"type":"Polygon","coordinates":[[[-77.633,22.055],[-77.824,22.101],[-77.889,22.075],[-77.788,21.964],[-77.651,21.945],[-77.633,22.055]]]}},{"type":"Feature","properties":{},"geometry":{"type":"Polygon","coordinates":[[[-77.997,22.148],[-77.914,22.143],[-77.903,22.232],[-77.979,22.234],[-77.997,22.148]]]}},{"type":"Feature","properties":{},"geometry":{"type":"Polygon","coordinates":[[[-78.198,22.329],[-78.069,22.31],[-78.09,22.384],[-78.169,22.435],[-78.245,22.425],[-78.245,22.347],[-78.198,22.329]]]}},{"type":"Feature","properties":{},"geometry":{"type":"Polygon","coordinates":[[[-78.425,22.462],[-78.429,22.418],[-78.281,22.457],[-78.371,22.553],[-78.468,22.53],[-78.573,22.531],[-78.519,22.452],[-78.425,22.462]]]}},{"type":"Feature","properties":{},"geometry":{"type":"Polygon","coordinates":[[[-73.997,22.658],[-73.986,22.595],[-73.914,22.594],[-73.871,22.535],[-73.907,22.479],[-73.986,22.457],[-74.022,22.325],[-73.864,22.481],[-73.846,22.567],[-73.867,22.682],[-73.954,22.72],[-73.997,22.658]]]}},{"type":"Feature","properties":{},"geometry":{"type":"Polygon","coordinates":[[[-79.357,22.638],[-79.35,22.658],[-79.451,22.72],[-79.519,22.72],[-79.357,22.638]]]}},{"type":"Feature","properties":{},"geometry":{"type":"Polygon","coordinates":[[[-74.289,22.734],[-74.224,22.695],[-74.091,22.658],[-74.015,22.72],[-74.195,22.761],[-74.227,22.817],[-74.31,22.844],[-74.353,22.823],[-74.289,22.734]]]}},{"type":"Feature","properties":{},"geometry":{"type":"Polygon","coordinates":[[[-75.797,23.539],[-75.855,23.568],[-75.981,23.683],[-75.988,23.6],[-75.873,23.529],[-75.797,23.539]]]}},{"type":"Feature","properties":{},"geometry":{"type":"Polygon","coordinates":[[[-74.857,22.98],[-74.847,23.001],[-74.947,23.094],[-74.915,22.97],[-74.857,22.98]]]}},{"type":"Feature","properties":{},"geometry":{"type":"Polygon","coordinates":[[[-74.469,24.022],[-74.425,24.083],[-74.458,24.142],[-74.53,24.1],[-74.53,24.01],[-74.469,24.022]]]}},{"type":"Feature","properties":{},"geometry":{"type":"Polygon","coordinates":[[[-81.507,24.639],[-81.553,24.632],[-81.575,24.613],[-81.618,24.605],[-81.636,24.583],[-81.564,24.601],[-81.532,24.615],[-81.507,24.639]]]}},{"type":"Feature","properties":{},"geometry":{"type":"Polygon","coordinates":[[[-75.315,24.218],[-75.401,24.323],[-75.477,24.37],[-75.613,24.563],[-75.628,24.645],[-75.703,24.696],[-75.757,24.661],[-75.646,24.576],[-75.57,24.488],[-75.534,24.389],[-75.405,24.24],[-75.426,24.151],[-75.336,24.159],[-75.315,24.218]]]}},{"type":"Feature","properties":{},"geometry":{"type":"Polygon","coordinates":[[[-81.089,24.686],[-81.06,24.731],[-81.114,24.716],[-81.089,24.686]]]}},{"type":"Feature","properties":{},"geometry":{"type":"Polygon","coordinates":[[[-81.431,24.755],[-81.363,24.661],[-81.355,24.686],[-81.388,24.728],[-81.431,24.755]]]}},{"type":"Feature","properties":{},"geometry":{"type":"Polygon","coordinates":[[[-80.923,24.769],[-80.956,24.769],[-81.031,24.721],[-80.959,24.75],[-80.923,24.769]]]}},{"type":"Feature","properties":{},"geometry":{"type":"Polygon","coordinates":[[[-77.478,24.992],[-77.381,25.002],[-77.341,25.084],[-77.529,25.054],[-77.478,24.992]]]}},{"type":"Feature","properties":{},"geometry":{"type":"Polygon","coordinates":[[[-80.322,25.248],[-80.347,25.248],[-80.437,25.14],[-80.362,25.159],[-80.322,25.248]]]}},{"type":"Feature","properties":{},"geometry":{"type":"Polygon","coordinates":[[[-97.199,26.277],[-97.224,26.4],[-97.25,26.391],[-97.199,26.277]]]}},{"type":"Feature","properties":{},"geometry":{"type":"Polygon","coordinates":[[[-97.077,27.815],[-97.152,27.741],[-97.206,27.632],[-97.242,27.632],[-97.372,27.349],[-97.39,27.246],[-97.35,27.236],[-97.322,27.357],[-97.178,27.653],[-97.077,27.815]]]}},{"type":"Feature","properties":{},"geometry":{"type":"Polygon","coordinates":[[[-80.387,27.719],[-80.347,27.612],[-80.308,27.462],[-80.207,27.263],[-80.337,27.607],[-80.362,27.702],[-80.387,27.719]]]}},{"type":"Feature","properties":{},"geometry":{"type":"Polygon","coordinates":[[[-96.879,28.131],[-96.972,28.011],[-96.94,27.984],[-96.85,28.071],[-96.879,28.131]]]}},{"type":"Feature","properties":{},"geometry":{"type":"Polygon","coordinates":[[[-96.429,28.394],[-96.494,28.34],[-96.656,28.257],[-96.71,28.213],[-96.807,28.188],[-96.782,28.127],[-96.522,28.289],[-96.418,28.328],[-96.429,28.394]]]}},{"type":"Feature","properties":{},"geometry":{"type":"Polygon","coordinates":[[[-118.252,29.09],[-118.295,29.186],[-118.357,29.149],[-118.357,29.068],[-118.303,28.998],[-118.281,28.879],[-118.227,28.916],[-118.22,29.015],[-118.252,29.09]]]}},{"type":"Feature","properties":{},"geometry":{"type":"Polygon","coordinates":[[[-91.803,29.49],[-91.72,29.581],[-91.918,29.649],[-92.012,29.613],[-92.019,29.569],[-91.839,29.483],[-91.803,29.49]]]}},{"type":"Feature","properties":{},"geometry":{"type":"Polygon","coordinates":[[[-156.848,20.876],[-156.891,20.914],[-156.992,20.927],[-156.963,20.733],[-156.83,20.763],[-156.805,20.826],[-156.848,20.876]]]}},{"type":"Feature","properties":{},"geometry":{"type":"Polygon","coordinates":[[[-160.113,22.001],[-160.124,21.957],[-160.236,21.874],[-160.171,21.849],[-160.085,21.893],[-160.052,21.982],[-160.113,22.001]]]}},{"type":"Feature","properties":{},"geometry":{"type":"Polygon","coordinates":[[[-173.956,-18.567],[-174.002,-18.57],[-174.06,-18.663],[-173.963,-18.663],[-173.956,-18.567]]]}},{"type":"Feature","properties":{},"geometry":{"type":"Polygon","coordinates":[[[-149.796,-17.464],[-149.886,-17.491],[-149.821,-17.551],[-149.796,-17.464]]]}},{"type":"Feature","properties":{},"geometry":{"type":"Polygon","coordinates":[[[-151.408,-16.786],[-151.493,-16.786],[-151.492,-16.8],[-151.459,-16.902],[-151.351,-16.858],[-151.397,-16.8],[-151.408,-16.786]]]}},{"type":"Feature","properties":{},"geometry":{"type":"Polygon","coordinates":[[[-138.837,-9.741],[-138.942,-9.743],[-139.05,-9.702],[-139.168,-9.761],[-139.125,-9.84],[-139.057,-9.807],[-138.916,-9.807],[-138.837,-9.741]]]}},{"type":"Feature","properties":{},"geometry":{"type":"Polygon","coordinates":[[[-140.05,-8.824],[-140.09,-8.802],[-140.248,-8.787],[-140.234,-8.913],[-140.194,-8.951],[-140.112,-8.905],[-140.05,-8.824]]]}},{"type":"Feature","properties":{},"geometry":{"type":"Polygon","coordinates":[[[-171.677,-2.833],[-171.648,-2.85],[-171.641,-2.862],[-171.626,-2.868],[-171.623,-2.857],[-171.63,-2.828],[-171.652,-2.797],[-171.666,-2.792],[-171.626,-2.851],[-171.634,-2.862],[-171.662,-2.835],[-171.677,-2.833]]]}},{"type":"Feature","properties":{},"geometry":{"type":"Polygon","coordinates":[[[-157.19,1.763],[-157.327,1.836],[-157.403,1.924],[-157.489,1.85],[-157.449,1.801],[-157.28,1.747],[-157.19,1.763]]]}},{"type":"Feature","properties":{},"geometry":{"type":"Polygon","coordinates":[[[-75.106,-48.97],[-75.091,-48.87],[-75.21,-48.811],[-75.253,-48.869],[-75.225,-48.978],[-75.106,-48.97]]]}},{"type":"Feature","properties":{},"geometry":{"type":"Polygon","coordinates":[[[-75.181,-47.832],[-75.131,-47.84],[-75.023,-47.803],[-75.091,-47.68],[-75.333,-47.759],[-75.221,-47.791],[-75.181,-47.832]]]}},{"type":"Feature","properties":{},"geometry":{"type":"Polygon","coordinates":[[[-74.886,-47.712],[-75.001,-47.663],[-75.027,-47.739],[-74.958,-47.774],[-74.886,-47.712]]]}},{"type":"Feature","properties":{},"geometry":{"type":"Polygon","coordinates":[[[-73.723,-46.05],[-73.839,-46.013],[-73.911,-46.017],[-73.939,-46.069],[-73.759,-46.197],[-73.684,-46.106],[-73.723,-46.05]]]}},{"type":"Feature","properties":{},"geometry":{"type":"Polygon","coordinates":[[[-73.741,-45.794],[-73.893,-45.861],[-73.947,-45.925],[-73.936,-45.973],[-73.857,-45.968],[-73.788,-45.876],[-73.716,-45.887],[-73.741,-45.794]]]}},{"type":"Feature","properties":{},"geometry":{"type":"Polygon","coordinates":[[[-73.666,-45.437],[-73.723,-45.458],[-73.785,-45.569],[-73.806,-45.657],[-73.68,-45.753],[-73.655,-45.664],[-73.597,-45.574],[-73.587,-45.48],[-73.666,-45.437]]]}},{"type":"Feature","properties":{},"geometry":{"type":"Polygon","coordinates":[[[-73.961,-44.811],[-73.972,-44.775],[-74.166,-44.801],[-74.073,-44.855],[-73.961,-44.811]]]}},{"type":"Feature","properties":{},"geometry":{"type":"Polygon","coordinates":[[[-73.932,-44.789],[-73.925,-44.892],[-73.839,-44.958],[-73.763,-44.929],[-73.853,-44.769],[-73.932,-44.789]]]}},{"type":"Feature","properties":{},"geometry":{"type":"Polygon","coordinates":[[[-73.605,-44.745],[-73.741,-44.755],[-73.749,-44.802],[-73.651,-44.84],[-73.605,-44.745]]]}},{"type":"Feature","properties":{},"geometry":{"type":"Polygon","coordinates":[[[-73.659,-44.676],[-73.626,-44.64],[-73.698,-44.537],[-73.795,-44.553],[-73.839,-44.664],[-73.752,-44.742],[-73.648,-44.718],[-73.659,-44.676]]]}},{"type":"Feature","properties":{},"geometry":{"type":"Polygon","coordinates":[[[-74.029,-44.355],[-74.044,-44.406],[-73.929,-44.431],[-73.95,-44.348],[-74.029,-44.355]]]}},{"type":"Feature","properties":{},"geometry":{"type":"Polygon","coordinates":[[[-74.109,-44.227],[-74.094,-44.282],[-74.033,-44.326],[-74.008,-44.257],[-73.947,-44.242],[-74.047,-44.152],[-74.109,-44.227]]]}},{"type":"Feature","properties":{},"geometry":{"type":"Polygon","coordinates":[[[-74.145,-43.828],[-74.166,-43.875],[-74.033,-43.892],[-73.972,-43.935],[-73.907,-43.874],[-73.763,-43.889],[-73.792,-43.83],[-73.864,-43.789],[-73.968,-43.828],[-74.044,-43.796],[-74.145,-43.828]]]}},{"type":"Feature","properties":{},"geometry":{"type":"Polygon","coordinates":[[[-74.818,-43.636],[-74.775,-43.674],[-74.674,-43.639],[-74.58,-43.636],[-74.649,-43.555],[-74.739,-43.531],[-74.825,-43.563],[-74.818,-43.636]]]}},{"type":"Feature","properties":{},"geometry":{"type":"Polygon","coordinates":[[[-175.064,-21.124],[-175.14,-21.169],[-175.252,-21.112],[-175.363,-21.113],[-175.327,-21.174],[-175.208,-21.215],[-175.18,-21.255],[-175.061,-21.164],[-175.064,-21.124]]]}},{"type":"Feature","properties":{},"geometry":{"type":"Polygon","coordinates":[[[-169.851,-18.966],[-169.895,-18.966],[-169.949,-19.07],[-169.898,-19.143],[-169.783,-19.069],[-169.851,-18.966]]]}},{"type":"Feature","properties":{},"geometry":{"type":"Polygon","coordinates":[[[-180,-16.787],[-179.982,-16.932],[-179.888,-16.868],[-179.825,-16.786],[-179.863,-16.681],[-179.917,-16.694],[-179.999,-16.786],[-180,-16.787]]]}},{"type":"Feature","properties":{},"geometry":{"type":"Polygon","coordinates":[[[-170.59,-14.265],[-170.662,-14.253],[-170.831,-14.32],[-170.748,-14.374],[-170.658,-14.285],[-170.59,-14.265]]]}},{"type":"Feature","properties":{},"geometry":{"type":"Polygon","coordinates":[[[-78.893,8.459],[-78.976,8.445],[-78.94,8.283],[-78.857,8.297],[-78.835,8.342],[-78.893,8.459]]]}},{"type":"Feature","properties":{},"geometry":{"type":"Polygon","coordinates":[[[-73.882,-38.361],[-73.954,-38.313],[-73.947,-38.372],[-73.893,-38.415],[-73.882,-38.361]]]}},{"type":"Feature","properties":{},"geometry":{"type":"Polygon","coordinates":[[[-81.33,24.703],[-81.337,24.693],[-81.319,24.676],[-81.319,24.694],[-81.33,24.703]]]}},{"type":"Feature","properties":{},"geometry":{"type":"Polygon","coordinates":[[[-77.903,2.696],[-77.871,2.584],[-77.809,2.579],[-77.903,2.696]]]}},{"type":"Feature","properties":{},"geometry":{"type":"Polygon","coordinates":[[[-77.806,2.662],[-77.845,2.724],[-77.881,2.696],[-77.845,2.648],[-77.806,2.662]]]}},{"type":"Feature","properties":{},"geometry":{"type":"Polygon","coordinates":[[[-77.352,4.266],[-77.421,4.322],[-77.457,4.278],[-77.381,4.232],[-77.352,4.266]]]}},{"type":"Feature","properties":{},"geometry":{"type":"Polygon","coordinates":[[[-81.809,7.287],[-81.816,7.272],[-81.802,7.239],[-81.78,7.278],[-81.809,7.287]]]}},{"type":"Feature","properties":{},"geometry":{"type":"Polygon","coordinates":[[[-82.212,8.199],[-82.273,8.234],[-82.309,8.199],[-82.252,8.188],[-82.212,8.199]]]}},{"type":"Feature","properties":{},"geometry":{"type":"Polygon","coordinates":[[[-71.524,17.545],[-71.484,17.575],[-71.52,17.621],[-71.542,17.577],[-71.524,17.545]]]}},{"type":"Feature","properties":{},"geometry":{"type":"Polygon","coordinates":[[[-73.63,18.094],[-73.677,18.109],[-73.709,18.094],[-73.651,18.06],[-73.63,18.094]]]}},{"type":"Feature","properties":{},"geometry":{"type":"Polygon","coordinates":[[[-114.775,18.355],[-114.782,18.325],[-114.728,18.333],[-114.724,18.355],[-114.775,18.355]]]}},{"type":"Feature","properties":{},"geometry":{"type":"Polygon","coordinates":[[[-73.795,18.629],[-73.795,18.602],[-73.738,18.588],[-73.741,18.637],[-73.795,18.629]]]}},{"type":"Feature","properties":{},"geometry":{"type":"Polygon","coordinates":[[[-110.815,19.348],[-110.833,19.303],[-110.789,19.315],[-110.815,19.348]]]}},{"type":"Feature","properties":{},"geometry":{"type":"Polygon","coordinates":[[[-106.224,21.329],[-106.26,21.334],[-106.271,21.3],[-106.228,21.292],[-106.224,21.329]]]}},{"type":"Feature","properties":{},"geometry":{"type":"Polygon","coordinates":[[[-106.404,21.484],[-106.491,21.469],[-106.386,21.42],[-106.404,21.484]]]}},{"type":"Feature","properties":{},"geometry":{"type":"Polygon","coordinates":[[[-72.46,21.706],[-72.463,21.665],[-72.435,21.68],[-72.46,21.706]]]}},{"type":"Feature","properties":{},"geometry":{"type":"Polygon","coordinates":[[[-106.664,21.776],[-106.689,21.746],[-106.656,21.739],[-106.664,21.776]]]}},{"type":"Feature","properties":{},"geometry":{"type":"Polygon","coordinates":[[[-111.563,24.379],[-111.646,24.372],[-111.664,24.352],[-111.596,24.365],[-111.563,24.379]]]}},{"type":"Feature","properties":{},"geometry":{"type":"Polygon","coordinates":[[[-110.764,25.594],[-110.771,25.696],[-110.807,25.645],[-110.764,25.594]]]}},{"type":"Feature","properties":{},"geometry":{"type":"Polygon","coordinates":[[[-110.044,27.087],[-109.99,27.063],[-109.986,27.07],[-110.019,27.084],[-110.044,27.087]]]}},{"type":"Feature","properties":{},"geometry":{"type":"Polygon","coordinates":[[[-110.606,27.318],[-110.534,27.285],[-110.53,27.3],[-110.606,27.318]]]}},{"type":"Feature","properties":{},"geometry":{"type":"Polygon","coordinates":[[[-112.895,28.678],[-112.867,28.644],[-112.751,28.592],[-112.859,28.673],[-112.895,28.678]]]}},{"type":"Feature","properties":{},"geometry":{"type":"Polygon","coordinates":[[[-112.615,28.725],[-112.6,28.678],[-112.553,28.673],[-112.557,28.733],[-112.615,28.725]]]}},{"type":"Feature","properties":{},"geometry":{"type":"Polygon","coordinates":[[[-105.461,-26.465],[-105.465,-26.456],[-105.472,-26.458],[-105.461,-26.465]]]}},{"type":"Feature","properties":{},"geometry":{"type":"Polygon","coordinates":[[[-79.901,-26.348],[-79.908,-26.358],[-79.89,-26.356],[-79.901,-26.348]]]}},{"type":"Feature","properties":{},"geometry":{"type":"Polygon","coordinates":[[[-80.095,-26.265],[-80.106,-26.275],[-80.092,-26.274],[-80.095,-26.265]]]}},{"type":"Feature","properties":{},"geometry":{"type":"Polygon","coordinates":[[[-130.122,-25.068],[-130.107,-25.077],[-130.1,-25.065],[-130.122,-25.068]]]}},{"type":"Feature","properties":{},"geometry":{"type":"Polygon","coordinates":[[[-124.786,-24.664],[-124.779,-24.666],[-124.779,-24.664],[-124.786,-24.664]]]}},{"type":"Feature","properties":{},"geometry":{"type":"Polygon","coordinates":[[[-136.166,-22.024],[-136.162,-22.013],[-136.188,-22.034],[-136.177,-22.03],[-136.166,-22.024]]]}},{"type":"Feature","properties":{},"geometry":{"type":"Polygon","coordinates":[[[-136.378,-21.468],[-136.378,-21.46],[-136.393,-21.456],[-136.396,-21.463],[-136.386,-21.463],[-136.378,-21.468]]]}},{"type":"Feature","properties":{},"geometry":{"type":"Polygon","coordinates":[[[-136.551,-21.336],[-136.53,-21.35],[-136.533,-21.331],[-136.551,-21.336]]]}},{"type":"Feature","properties":{},"geometry":{"type":"Polygon","coordinates":[[[-136.638,-21.341],[-136.638,-21.333],[-136.645,-21.323],[-136.652,-21.323],[-136.638,-21.341]]]}},{"type":"Feature","properties":{},"geometry":{"type":"Polygon","coordinates":[[[-136.735,-21.313],[-136.731,-21.306],[-136.738,-21.299],[-136.746,-21.299],[-136.735,-21.313]]]}},{"type":"Feature","properties":{},"geometry":{"type":"Polygon","coordinates":[[[-140.414,-19.614],[-140.389,-19.629],[-140.382,-19.626],[-140.407,-19.611],[-140.414,-19.614]]]}},{"type":"Feature","properties":{},"geometry":{"type":"Polygon","coordinates":[[[-139.201,-19.351],[-139.197,-19.34],[-139.208,-19.337],[-139.201,-19.351]]]}},{"type":"Feature","properties":{},"geometry":{"type":"Polygon","coordinates":[[[-138.798,-19.29],[-138.794,-19.281],[-138.812,-19.283],[-138.808,-19.288],[-138.798,-19.29]]]}},{"type":"Feature","properties":{},"geometry":{"type":"Polygon","coordinates":[[[-141.267,-19.204],[-141.256,-19.199],[-141.242,-19.202],[-141.238,-19.194],[-141.253,-19.19],[-141.267,-19.204]]]}},{"type":"Feature","properties":{},"geometry":{"type":"Polygon","coordinates":[[[-140.724,-19.134],[-140.706,-19.129],[-140.68,-19.133],[-140.695,-19.119],[-140.724,-19.134]]]}},{"type":"Feature","properties":{},"geometry":{"type":"Polygon","coordinates":[[[-138.801,-18.765],[-138.823,-18.76],[-138.794,-18.778],[-138.801,-18.765]]]}},{"type":"Feature","properties":{},"geometry":{"type":"Polygon","coordinates":[[[-143.092,-17.853],[-143.082,-17.858],[-143.074,-17.844],[-143.082,-17.838],[-143.092,-17.853]]]}},{"type":"Feature","properties":{},"geometry":{"type":"Polygon","coordinates":[[[-150.656,-17.669],[-150.645,-17.677],[-150.642,-17.655],[-150.656,-17.669]]]}},{"type":"Feature","properties":{},"geometry":{"type":"Polygon","coordinates":[[[-141.436,-17.383],[-141.436,-17.368],[-141.444,-17.351],[-141.462,-17.345],[-141.469,-17.35],[-141.454,-17.353],[-141.444,-17.36],[-141.436,-17.383]]]}},{"type":"Feature","properties":{},"geometry":{"type":"Polygon","coordinates":[[[-138.441,-17.366],[-138.463,-17.356],[-138.463,-17.366],[-138.441,-17.366]]]}},{"type":"Feature","properties":{},"geometry":{"type":"Polygon","coordinates":[[[-143.085,-17.005],[-143.078,-16.993],[-143.1,-16.99],[-143.085,-17.005]]]}},{"type":"Feature","properties":{},"geometry":{"type":"Polygon","coordinates":[[[-149.583,-16.987],[-149.587,-17],[-149.572,-16.988],[-149.583,-16.987]]]}},{"type":"Feature","properties":{},"geometry":{"type":"Polygon","coordinates":[[[-153.935,-16.798],[-153.936,-16.786],[-153.944,-16.786],[-153.939,-16.798],[-153.935,-16.798]]]}},{"type":"Feature","properties":{},"geometry":{"type":"Polygon","coordinates":[[[-144.201,-16.649],[-144.18,-16.664],[-144.176,-16.656],[-144.187,-16.645],[-144.201,-16.649]]]}},{"type":"Feature","properties":{},"geometry":{"type":"Polygon","coordinates":[[[-152.244,-16.444],[-152.262,-16.441],[-152.255,-16.451],[-152.244,-16.444]]]}},{"type":"Feature","properties":{},"geometry":{"type":"Polygon","coordinates":[[[-145.9,-15.889],[-145.897,-15.879],[-145.915,-15.864],[-145.951,-15.84],[-145.9,-15.889]]]}},{"type":"Feature","properties":{},"geometry":{"type":"Polygon","coordinates":[[[-140.889,-15.82],[-140.878,-15.838],[-140.86,-15.82],[-140.889,-15.82]]]}},{"type":"Feature","properties":{},"geometry":{"type":"Polygon","coordinates":[[[-148.251,-15.867],[-148.23,-15.857],[-148.262,-15.803],[-148.273,-15.853],[-148.251,-15.867]]]}},{"type":"Feature","properties":{},"geometry":{"type":"Polygon","coordinates":[[[-146.487,-15.803],[-146.494,-15.799],[-146.484,-15.826],[-146.48,-15.821],[-146.487,-15.803]]]}},{"type":"Feature","properties":{},"geometry":{"type":"Polygon","coordinates":[[[-154.523,-15.82],[-154.515,-15.818],[-154.519,-15.806],[-154.519,-15.796],[-154.526,-15.794],[-154.519,-15.808],[-154.523,-15.82]]]}},{"type":"Feature","properties":{},"geometry":{"type":"Polygon","coordinates":[[[-144.651,-15.73],[-144.64,-15.756],[-144.619,-15.747],[-144.633,-15.729],[-144.651,-15.73]]]}},{"type":"Feature","properties":{},"geometry":{"type":"Polygon","coordinates":[[[-145.458,-15.48],[-145.483,-15.475],[-145.551,-15.452],[-145.522,-15.47],[-145.458,-15.48]]]}},{"type":"Feature","properties":{},"geometry":{"type":"Polygon","coordinates":[[[-146.206,-15.328],[-146.203,-15.332],[-146.196,-15.347],[-146.192,-15.347],[-146.196,-15.335],[-146.199,-15.33],[-146.206,-15.328]]]}},{"type":"Feature","properties":{},"geometry":{"type":"Polygon","coordinates":[[[-146.62,-15.241],[-146.599,-15.271],[-146.602,-15.257],[-146.613,-15.244],[-146.62,-15.241]]]}},{"type":"Feature","properties":{},"geometry":{"type":"Polygon","coordinates":[[[-147.258,-15.232],[-147.243,-15.239],[-147.243,-15.232],[-147.258,-15.232]]]}},{"type":"Feature","properties":{},"geometry":{"type":"Polygon","coordinates":[[[-147.78,-15.217],[-147.751,-15.229],[-147.762,-15.219],[-147.772,-15.214],[-147.78,-15.217]]]}},{"type":"Feature","properties":{},"geometry":{"type":"Polygon","coordinates":[[[-147.459,-15.121],[-147.492,-15.09],[-147.513,-15.08],[-147.459,-15.121]]]}},{"type":"Feature","properties":{},"geometry":{"type":"Polygon","coordinates":[[[-147.931,-15.08],[-147.938,-15.067],[-147.938,-15.073],[-147.931,-15.08]]]}},{"type":"Feature","properties":{},"geometry":{"type":"Polygon","coordinates":[[[-145.922,-14.433],[-145.933,-14.437],[-145.965,-14.444],[-145.954,-14.444],[-145.944,-14.442],[-145.933,-14.438],[-145.922,-14.433]]]}},{"type":"Feature","properties":{},"geometry":{"type":"Polygon","coordinates":[[[-141.174,-14.19],[-141.202,-14.17],[-141.181,-14.197],[-141.174,-14.19]]]}},{"type":"Feature","properties":{},"geometry":{"type":"Polygon","coordinates":[[[-82.363,8.087],[-82.317,8.101],[-82.331,8.129],[-82.363,8.087]]]}},{"type":"Feature","properties":{},"geometry":{"type":"Polygon","coordinates":[[[-79.084,8.383],[-79.08,8.398],[-79.12,8.43],[-79.131,8.405],[-79.084,8.383]]]}},{"type":"Feature","properties":{},"geometry":{"type":"Polygon","coordinates":[[[-85.132,10.098],[-85.171,10.125],[-85.186,10.093],[-85.157,10.076],[-85.132,10.098]]]}},{"type":"Feature","properties":{},"geometry":{"type":"Polygon","coordinates":[[[-66.61,11.783],[-66.606,11.817],[-66.649,11.78],[-66.642,11.761],[-66.61,11.783]]]}},{"type":"Feature","properties":{},"geometry":{"type":"Polygon","coordinates":[[[-66.131,11.824],[-66.174,11.797],[-66.113,11.78],[-66.131,11.824]]]}},{"type":"Feature","properties":{},"geometry":{"type":"Polygon","coordinates":[[[-83.728,11.878],[-83.721,11.883],[-83.728,11.92],[-83.721,11.954],[-83.706,11.981],[-83.728,11.973],[-83.735,11.942],[-83.735,11.905],[-83.728,11.878]]]}},{"type":"Feature","properties":{},"geometry":{"type":"Polygon","coordinates":[[[-83.055,12.143],[-83.026,12.175],[-83.047,12.184],[-83.055,12.143]]]}},{"type":"Feature","properties":{},"geometry":{"type":"Polygon","coordinates":[[[-81.712,12.523],[-81.687,12.58],[-81.705,12.58],[-81.719,12.543],[-81.712,12.523]]]}},{"type":"Feature","properties":{},"geometry":{"type":"Polygon","coordinates":[[[-87.616,13.29],[-87.673,13.285],[-87.648,13.249],[-87.616,13.29]]]}},{"type":"Feature","properties":{},"geometry":{"type":"Polygon","coordinates":[[[-87.623,13.369],[-87.659,13.332],[-87.591,13.305],[-87.587,13.372],[-87.623,13.369]]]}},{"type":"Feature","properties":{},"geometry":{"type":"Polygon","coordinates":[[[-81.384,13.318],[-81.345,13.349],[-81.366,13.374],[-81.384,13.318]]]}},{"type":"Feature","properties":{},"geometry":{"type":"Polygon","coordinates":[[[-82.767,14.414],[-82.803,14.365],[-82.752,14.362],[-82.767,14.414]]]}},{"type":"Feature","properties":{},"geometry":{"type":"Polygon","coordinates":[[[-86.878,16.126],[-86.989,16.096],[-86.964,16.066],[-86.878,16.126]]]}},{"type":"Feature","properties":{},"geometry":{"type":"Polygon","coordinates":[[[-169.531,16.76],[-169.527,16.756],[-169.524,16.758],[-169.52,16.763],[-169.531,16.76]]]}},{"type":"Feature","properties":{},"geometry":{"type":"Polygon","coordinates":[[[-87.839,17.388],[-87.825,17.352],[-87.825,17.292],[-87.803,17.292],[-87.796,17.334],[-87.825,17.4],[-87.839,17.388]]]}},{"type":"Feature","properties":{},"geometry":{"type":"Polygon","coordinates":[[[-83.94,17.418],[-83.929,17.41],[-83.919,17.415],[-83.94,17.418]]]}},{"type":"Feature","properties":{},"geometry":{"type":"Polygon","coordinates":[[[-88.077,17.641],[-88.066,17.587],[-88.044,17.553],[-88.062,17.631],[-88.077,17.641]]]}},{"type":"Feature","properties":{},"geometry":{"type":"Polygon","coordinates":[[[-88.159,17.683],[-88.134,17.672],[-88.08,17.702],[-88.084,17.729],[-88.159,17.683]]]}},{"type":"Feature","properties":{},"geometry":{"type":"Polygon","coordinates":[[[-67.855,18.114],[-67.92,18.114],[-67.931,18.08],[-67.873,18.053],[-67.855,18.114]]]}},{"type":"Feature","properties":{},"geometry":{"type":"Polygon","coordinates":[[[-65.278,18.279],[-65.256,18.323],[-65.31,18.34],[-65.278,18.279]]]}},{"type":"Feature","properties":{},"geometry":{"type":"Polygon","coordinates":[[[-87.331,18.533],[-87.342,18.452],[-87.321,18.489],[-87.331,18.533]]]}},{"type":"Feature","properties":{},"geometry":{"type":"Polygon","coordinates":[[[-87.27,18.739],[-87.259,18.658],[-87.249,18.676],[-87.256,18.724],[-87.27,18.739]]]}},{"type":"Feature","properties":{},"geometry":{"type":"Polygon","coordinates":[[[-80.038,19.705],[-80.099,19.678],[-80.077,19.654],[-80.038,19.705]]]}},{"type":"Feature","properties":{},"geometry":{"type":"Polygon","coordinates":[[[-79.872,19.705],[-79.775,19.713],[-79.746,19.757],[-79.872,19.705]]]}},{"type":"Feature","properties":{},"geometry":{"type":"Polygon","coordinates":[[[-78.331,20.554],[-78.364,20.571],[-78.396,20.547],[-78.339,20.518],[-78.331,20.554]]]}},{"type":"Feature","properties":{},"geometry":{"type":"Polygon","coordinates":[[[-78.436,20.726],[-78.533,20.713],[-78.511,20.691],[-78.436,20.726]]]}},{"type":"Feature","properties":{},"geometry":{"type":"Polygon","coordinates":[[[-78.828,20.753],[-78.792,20.719],[-78.785,20.75],[-78.828,20.753]]]}},{"type":"Feature","properties":{},"geometry":{"type":"Polygon","coordinates":[[[-75.516,20.794],[-75.552,20.75],[-75.502,20.738],[-75.516,20.794]]]}},{"type":"Feature","properties":{},"geometry":{"type":"Polygon","coordinates":[[[-78.925,20.807],[-78.933,20.839],[-78.965,20.814],[-78.943,20.792],[-78.871,20.785],[-78.875,20.809],[-78.925,20.807]]]}},{"type":"Feature","properties":{},"geometry":{"type":"Polygon","coordinates":[[[-79.026,20.887],[-79.019,20.854],[-78.983,20.844],[-78.972,20.873],[-79.026,20.887]]]}},{"type":"Feature","properties":{},"geometry":{"type":"Polygon","coordinates":[[[-79.073,20.917],[-79.138,20.983],[-79.17,20.964],[-79.116,20.91],[-79.073,20.917]]]}},{"type":"Feature","properties":{},"geometry":{"type":"Polygon","coordinates":[[[-79.39,21.123],[-79.339,21.072],[-79.293,21.074],[-79.357,21.128],[-79.39,21.123]]]}},{"type":"Feature","properties":{},"geometry":{"type":"Polygon","coordinates":[[[-71.139,21.513],[-71.153,21.451],[-71.128,21.473],[-71.139,21.513]]]}},{"type":"Feature","properties":{},"geometry":{"type":"Polygon","coordinates":[[[-81.373,21.706],[-81.492,21.657],[-81.496,21.618],[-81.373,21.706]]]}},{"type":"Feature","properties":{},"geometry":{"type":"Polygon","coordinates":[[[-97.653,21.788],[-97.638,21.744],[-97.613,21.765],[-97.653,21.788]]]}},{"type":"Feature","properties":{},"geometry":{"type":"Polygon","coordinates":[[[-77.845,22.261],[-77.806,22.229],[-77.835,22.297],[-77.845,22.261]]]}},{"type":"Feature","properties":{},"geometry":{"type":"Polygon","coordinates":[[[-74.285,22.671],[-74.375,22.584],[-74.353,22.563],[-74.285,22.671]]]}},{"type":"Feature","properties":{},"geometry":{"type":"Polygon","coordinates":[[[-78.983,22.638],[-78.976,22.668],[-79.069,22.675],[-79.066,22.66],[-79.005,22.656],[-78.983,22.638]]]}},{"type":"Feature","properties":{},"geometry":{"type":"Polygon","coordinates":[[[-97.815,22.72],[-97.797,22.724],[-97.786,22.756],[-97.797,22.763],[-97.815,22.72]]]}},{"type":"Feature","properties":{},"geometry":{"type":"Polygon","coordinates":[[[-79.894,22.958],[-79.959,22.953],[-79.951,22.928],[-79.894,22.958]]]}},{"type":"Feature","properties":{},"geometry":{"type":"Polygon","coordinates":[[[-80.322,22.987],[-80.232,22.958],[-80.232,23.001],[-80.272,23.009],[-80.322,22.987]]]}},{"type":"Feature","properties":{},"geometry":{"type":"Polygon","coordinates":[[[-80.196,23.124],[-80.225,23.09],[-80.167,23.092],[-80.196,23.124]]]}},{"type":"Feature","properties":{},"geometry":{"type":"Polygon","coordinates":[[[-80.83,23.18],[-80.841,23.158],[-80.83,23.136],[-80.805,23.153],[-80.83,23.18]]]}},{"type":"Feature","properties":{},"geometry":{"type":"Polygon","coordinates":[[[-80.491,23.193],[-80.531,23.195],[-80.542,23.207],[-80.571,23.202],[-80.56,23.18],[-80.542,23.183],[-80.495,23.168],[-80.491,23.193]]]}},{"type":"Feature","properties":{},"geometry":{"type":"Polygon","coordinates":[[[-75.653,23.46],[-75.639,23.436],[-75.559,23.416],[-75.577,23.446],[-75.653,23.46]]]}},{"type":"Feature","properties":{},"geometry":{"type":"Polygon","coordinates":[[[-76.326,23.973],[-76.319,23.98],[-76.377,24.102],[-76.377,24.046],[-76.326,23.973]]]}},{"type":"Feature","properties":{},"geometry":{"type":"Polygon","coordinates":[[[-77.881,24.186],[-77.871,24.24],[-77.939,24.193],[-77.881,24.186]]]}},{"type":"Feature","properties":{},"geometry":{"type":"Polygon","coordinates":[[[-77.921,24.262],[-77.932,24.276],[-78.004,24.255],[-77.989,24.227],[-77.95,24.23],[-77.921,24.262]]]}},{"type":"Feature","properties":{},"geometry":{"type":"Polygon","coordinates":[[[-76.463,24.213],[-76.513,24.26],[-76.528,24.287],[-76.546,24.282],[-76.492,24.218],[-76.463,24.213]]]}},{"type":"Feature","properties":{},"geometry":{"type":"Polygon","coordinates":[[[-77.766,24.326],[-77.759,24.36],[-77.806,24.328],[-77.788,24.314],[-77.766,24.326]]]}},{"type":"Feature","properties":{},"geometry":{"type":"Polygon","coordinates":[[[-81.705,24.598],[-81.712,24.569],[-81.651,24.576],[-81.658,24.598],[-81.705,24.598]]]}},{"type":"Feature","properties":{},"geometry":{"type":"Polygon","coordinates":[[[-80.189,25.481],[-80.2,25.49],[-80.214,25.432],[-80.203,25.437],[-80.189,25.481]]]}},{"type":"Feature","properties":{},"geometry":{"type":"Polygon","coordinates":[[[-80.164,25.672],[-80.157,25.734],[-80.182,25.707],[-80.164,25.672]]]}},{"type":"Feature","properties":{},"geometry":{"type":"Polygon","coordinates":[[[-77.82,25.707],[-77.867,25.787],[-77.889,25.782],[-77.845,25.723],[-77.82,25.707]]]}},{"type":"Feature","properties":{},"geometry":{"type":"Polygon","coordinates":[[[-77.539,26.307],[-77.579,26.337],[-77.568,26.292],[-77.539,26.307]]]}},{"type":"Feature","properties":{},"geometry":{"type":"Polygon","coordinates":[[[-82.259,26.702],[-82.248,26.655],[-82.237,26.634],[-82.23,26.634],[-82.245,26.672],[-82.245,26.695],[-82.259,26.702]]]}},{"type":"Feature","properties":{},"geometry":{"type":"Polygon","coordinates":[[[-82.273,26.803],[-82.273,26.736],[-82.259,26.737],[-82.273,26.803]]]}},{"type":"Feature","properties":{},"geometry":{"type":"Polygon","coordinates":[[[-82.659,27.396],[-82.608,27.337],[-82.594,27.34],[-82.63,27.379],[-82.659,27.396]]]}},{"type":"Feature","properties":{},"geometry":{"type":"Polygon","coordinates":[[[-80.635,28.181],[-80.628,28.181],[-80.639,28.203],[-80.639,28.193],[-80.635,28.181]]]}},{"type":"Feature","properties":{},"geometry":{"type":"Polygon","coordinates":[[[-96.371,28.407],[-96.35,28.409],[-96.31,28.441],[-96.314,28.458],[-96.371,28.407]]]}},{"type":"Feature","properties":{},"geometry":{"type":"Polygon","coordinates":[[[-80.679,28.58],[-80.74,28.517],[-80.715,28.37],[-80.664,28.315],[-80.65,28.475],[-80.617,28.538],[-80.679,28.58]]]}},{"type":"Feature","properties":{},"geometry":{"type":"Polygon","coordinates":[[[-90.942,29.061],[-90.914,29.051],[-90.903,29.058],[-90.942,29.061]]]}},{"type":"Feature","properties":{},"geometry":{"type":"Polygon","coordinates":[[[-90.348,29.058],[-90.284,29.078],[-90.312,29.083],[-90.348,29.058]]]}},{"type":"Feature","properties":{},"geometry":{"type":"Polygon","coordinates":[[[-89.963,29.27],[-89.977,29.257],[-90.024,29.238],[-90.01,29.23],[-89.956,29.257],[-89.963,29.27]]]}},{"type":"Feature","properties":{},"geometry":{"type":"Polygon","coordinates":[[[-89.167,29.503],[-89.175,29.49],[-89.203,29.47],[-89.182,29.473],[-89.167,29.483],[-89.16,29.498],[-89.167,29.503]]]}},{"type":"Feature","properties":{},"geometry":{"type":"Polygon","coordinates":[[[-85.143,29.64],[-85.11,29.633],[-85.085,29.686],[-85.139,29.696],[-85.143,29.64]]]}},{"type":"Feature","properties":{},"geometry":{"type":"Polygon","coordinates":[[[-89.455,29.792],[-89.477,29.806],[-89.495,29.779],[-89.491,29.736],[-89.455,29.792]]]}},{"type":"Feature","properties":{},"geometry":{"type":"Polygon","coordinates":[[[-89.304,29.806],[-89.29,29.772],[-89.275,29.812],[-89.304,29.806]]]}},{"type":"Feature","properties":{},"geometry":{"type":"Polygon","coordinates":[[[-84.617,29.806],[-84.61,29.789],[-84.585,29.801],[-84.585,29.823],[-84.617,29.806]]]}},{"type":"Feature","properties":{},"geometry":{"type":"Polygon","coordinates":[[[-89.236,29.949],[-89.279,29.937],[-89.286,29.924],[-89.239,29.929],[-89.236,29.949]]]}},{"type":"Feature","properties":{},"geometry":{"type":"Polygon","coordinates":[[[-89.272,29.981],[-89.279,29.983],[-89.304,29.946],[-89.304,29.932],[-89.279,29.966],[-89.272,29.981]]]}},{"type":"Feature","properties":{},"geometry":{"type":"Polygon","coordinates":[[[-89.434,30.145],[-89.441,30.137],[-89.43,30.133],[-89.427,30.143],[-89.434,30.145]]]}},{"type":"Feature","properties":{},"geometry":{"type":"Polygon","coordinates":[[[-88.941,30.218],[-88.966,30.214],[-88.969,30.211],[-88.944,30.214],[-88.941,30.218]]]}},{"type":"Feature","properties":{},"geometry":{"type":"Polygon","coordinates":[[[-88.501,30.216],[-88.433,30.209],[-88.426,30.216],[-88.501,30.224],[-88.501,30.216]]]}},{"type":"Feature","properties":{},"geometry":{"type":"Polygon","coordinates":[[[-89.059,30.258],[-89.103,30.235],[-89.099,30.202],[-89.067,30.226],[-89.059,30.258]]]}},{"type":"Feature","properties":{},"geometry":{"type":"Polygon","coordinates":[[[-79.339,33.06],[-79.365,33.043],[-79.361,33.005],[-79.339,33.06]]]}},{"type":"Feature","properties":{},"geometry":{"type":"Polygon","coordinates":[[[-77.971,33.89],[-78.011,33.892],[-78.011,33.865],[-77.971,33.848],[-77.971,33.89]]]}},{"type":"Feature","properties":{},"geometry":{"type":"Polygon","coordinates":[[[-77.874,34.088],[-77.845,34.123],[-77.827,34.171],[-77.845,34.167],[-77.874,34.088]]]}},{"type":"Feature","properties":{},"geometry":{"type":"Polygon","coordinates":[[[-77.431,34.5],[-77.449,34.497],[-77.579,34.426],[-77.615,34.395],[-77.619,34.378],[-77.514,34.454],[-77.467,34.466],[-77.431,34.5]]]}},{"type":"Feature","properties":{},"geometry":{"type":"Polygon","coordinates":[[[-76.899,34.697],[-77.053,34.675],[-77.1,34.65],[-76.899,34.697]]]}},{"type":"Feature","properties":{},"geometry":{"type":"Polygon","coordinates":[[[-76.136,35],[-76.141,35],[-76.143,34.993],[-76.136,35]]]}},{"type":"Feature","properties":{},"geometry":{"type":"Polygon","coordinates":[[[-177.908,-29.279],[-177.865,-29.251],[-177.923,-29.224],[-177.908,-29.279]]]}},{"type":"Feature","properties":{},"geometry":{"type":"Polygon","coordinates":[[[-147.726,-23.873],[-147.7,-23.878],[-147.668,-23.873],[-147.646,-23.852],[-147.69,-23.854],[-147.726,-23.873]]]}},{"type":"Feature","properties":{},"geometry":{"type":"Polygon","coordinates":[[[-149.482,-23.358],[-149.526,-23.368],[-149.508,-23.4],[-149.464,-23.396],[-149.482,-23.358]]]}},{"type":"Feature","properties":{},"geometry":{"type":"Polygon","coordinates":[[[-135.021,-23.118],[-134.985,-23.138],[-134.949,-23.097],[-134.967,-23.091],[-135,-23.116],[-135.021,-23.118]]]}},{"type":"Feature","properties":{},"geometry":{"type":"Polygon","coordinates":[[[-151.387,-22.422],[-151.398,-22.442],[-151.38,-22.488],[-151.355,-22.456],[-151.387,-22.422]]]}},{"type":"Feature","properties":{},"geometry":{"type":"Polygon","coordinates":[[[-157.935,-21.878],[-157.953,-21.932],[-157.889,-21.915],[-157.935,-21.878]]]}},{"type":"Feature","properties":{},"geometry":{"type":"Polygon","coordinates":[[[-140.673,-21.659],[-140.677,-21.689],[-140.63,-21.721],[-140.605,-21.706],[-140.634,-21.661],[-140.673,-21.659]]]}},{"type":"Feature","properties":{},"geometry":{"type":"Polygon","coordinates":[[[-157.709,-19.768],[-157.741,-19.818],[-157.709,-19.842],[-157.709,-19.768]]]}},{"type":"Feature","properties":{},"geometry":{"type":"Polygon","coordinates":[[[-178.97,-18.966],[-178.931,-18.971],[-178.945,-18.927],[-178.97,-18.966]]]}},{"type":"Feature","properties":{},"geometry":{"type":"Polygon","coordinates":[[[-150.98,-16.786],[-151.039,-16.786],[-151.037,-16.8],[-150.98,-16.8],[-150.98,-16.786]]]}},{"type":"Feature","properties":{},"geometry":{"type":"Polygon","coordinates":[[[-151.027,-16.708],[-151.056,-16.742],[-151.009,-16.745],[-151.027,-16.708]]]}},{"type":"Feature","properties":{},"geometry":{"type":"Polygon","coordinates":[[[-151.752,-16.49],[-151.782,-16.49],[-151.783,-16.494],[-151.75,-16.494],[-151.752,-16.49]]]}},{"type":"Feature","properties":{},"geometry":{"type":"Polygon","coordinates":[[[-146.334,-16.149],[-146.387,-16.149],[-146.384,-16.151],[-146.335,-16.151],[-146.334,-16.149]]]}},{"type":"Feature","properties":{},"geometry":{"type":"Polygon","coordinates":[[[-157.939,-8.981],[-157.939,-8.974],[-158.004,-8.947],[-157.979,-8.976],[-157.939,-8.981]]]}},{"type":"Feature","properties":{},"geometry":{"type":"Polygon","coordinates":[[[-140.691,-8.015],[-140.673,-7.951],[-140.727,-7.991],[-140.691,-8.015]]]}},{"type":"Feature","properties":{},"geometry":{"type":"Polygon","coordinates":[[[-74.472,-48.457],[-74.4,-48.526],[-74.303,-48.47],[-74.407,-48.418],[-74.472,-48.457]]]}},{"type":"Feature","properties":{},"geometry":{"type":"Polygon","coordinates":[[[-74.544,-48.321],[-74.389,-48.281],[-74.382,-48.235],[-74.533,-48.124],[-74.605,-48.158],[-74.544,-48.321]]]}},{"type":"Feature","properties":{},"geometry":{"type":"Polygon","coordinates":[[[-73.709,-45.924],[-73.774,-45.898],[-73.821,-45.998],[-73.713,-46.022],[-73.709,-45.924]]]}},{"type":"Feature","properties":{},"geometry":{"type":"Polygon","coordinates":[[[-73.929,-45.745],[-74.044,-45.738],[-74.091,-45.814],[-74.029,-45.903],[-73.993,-45.903],[-73.968,-45.77],[-73.929,-45.745]]]}},{"type":"Feature","properties":{},"geometry":{"type":"Polygon","coordinates":[[[-74.555,-45.574],[-74.681,-45.621],[-74.706,-45.701],[-74.663,-45.751],[-74.595,-45.746],[-74.555,-45.574]]]}},{"type":"Feature","properties":{},"geometry":{"type":"Polygon","coordinates":[[[-73.885,-45.471],[-73.99,-45.427],[-74.065,-45.424],[-74.145,-45.557],[-74.029,-45.517],[-73.871,-45.562],[-73.885,-45.471]]]}},{"type":"Feature","properties":{},"geometry":{"type":"Polygon","coordinates":[[[-74.555,-45.547],[-74.501,-45.588],[-74.497,-45.503],[-74.519,-45.444],[-74.569,-45.523],[-74.555,-45.547]]]}},{"type":"Feature","properties":{},"geometry":{"type":"Polygon","coordinates":[[[-74.343,-45.338],[-74.389,-45.282],[-74.497,-45.285],[-74.49,-45.355],[-74.379,-45.4],[-74.343,-45.338]]]}},{"type":"Feature","properties":{},"geometry":{"type":"Polygon","coordinates":[[[-74.274,-45.208],[-74.389,-45.155],[-74.422,-45.231],[-74.339,-45.299],[-74.274,-45.208]]]}},{"type":"Feature","properties":{},"geometry":{"type":"Polygon","coordinates":[[[-74.343,-44.806],[-74.4,-44.787],[-74.425,-44.718],[-74.526,-44.753],[-74.454,-44.835],[-74.393,-44.856],[-74.343,-44.806]]]}},{"type":"Feature","properties":{},"geometry":{"type":"Polygon","coordinates":[[[-74.483,-44.637],[-74.623,-44.622],[-74.638,-44.689],[-74.469,-44.698],[-74.483,-44.637]]]}},{"type":"Feature","properties":{},"geometry":{"type":"Polygon","coordinates":[[[-74.195,-44.492],[-74.368,-44.526],[-74.346,-44.575],[-74.155,-44.559],[-74.195,-44.492]]]}},{"type":"Feature","properties":{},"geometry":{"type":"Polygon","coordinates":[[[-74.393,-44.547],[-74.411,-44.514],[-74.224,-44.468],[-74.267,-44.406],[-74.505,-44.434],[-74.523,-44.527],[-74.393,-44.547]]]}},{"type":"Feature","properties":{},"geometry":{"type":"Polygon","coordinates":[[[-73.788,-44.423],[-73.903,-44.379],[-73.903,-44.444],[-73.821,-44.461],[-73.788,-44.423]]]}},{"type":"Feature","properties":{},"geometry":{"type":"Polygon","coordinates":[[[-73.727,-44.424],[-73.68,-44.434],[-73.655,-44.352],[-73.745,-44.363],[-73.727,-44.424]]]}},{"type":"Feature","properties":{},"geometry":{"type":"Polygon","coordinates":[[[-73.263,-44.389],[-73.176,-44.375],[-73.212,-44.325],[-73.284,-44.321],[-73.263,-44.389]]]}},{"type":"Feature","properties":{},"geometry":{"type":"Polygon","coordinates":[[[-73.864,-44.335],[-73.788,-44.309],[-73.806,-44.267],[-73.864,-44.335]]]}},{"type":"Feature","properties":{},"geometry":{"type":"Polygon","coordinates":[[[-74.386,-44.25],[-74.411,-44.284],[-74.299,-44.309],[-74.303,-44.259],[-74.386,-44.25]]]}},{"type":"Feature","properties":{},"geometry":{"type":"Polygon","coordinates":[[[-73.741,-44.265],[-73.723,-44.303],[-73.666,-44.265],[-73.698,-44.242],[-73.741,-44.265]]]}},{"type":"Feature","properties":{},"geometry":{"type":"Polygon","coordinates":[[[-74.278,-44.149],[-74.357,-44.146],[-74.339,-44.19],[-74.278,-44.149]]]}},{"type":"Feature","properties":{},"geometry":{"type":"Polygon","coordinates":[[[-73.882,-44.119],[-73.954,-44.105],[-73.954,-44.186],[-73.871,-44.196],[-73.882,-44.119]]]}},{"type":"Feature","properties":{},"geometry":{"type":"Polygon","coordinates":[[[-74.296,-44.012],[-74.299,-44.032],[-74.209,-44.019],[-74.296,-44.012]]]}},{"type":"Feature","properties":{},"geometry":{"type":"Polygon","coordinates":[[[-73.227,-44.012],[-73.173,-44.026],[-73.14,-43.904],[-73.183,-43.879],[-73.288,-43.95],[-73.227,-44.012]]]}},{"type":"Feature","properties":{},"geometry":{"type":"Polygon","coordinates":[[[-73.612,-42.937],[-73.504,-42.96],[-73.45,-42.994],[-73.385,-42.97],[-73.59,-42.913],[-73.612,-42.937]]]}},{"type":"Feature","properties":{},"geometry":{"type":"Polygon","coordinates":[[[-73.414,-42.526],[-73.543,-42.379],[-73.63,-42.368],[-73.626,-42.444],[-73.414,-42.526]]]}},{"type":"Feature","properties":{},"geometry":{"type":"Polygon","coordinates":[[[-73.086,-42.248],[-73.144,-42.278],[-73.14,-42.314],[-73.072,-42.288],[-73.086,-42.248]]]}},{"type":"Feature","properties":{},"geometry":{"type":"Polygon","coordinates":[[[-144.284,-27.579],[-144.316,-27.552],[-144.349,-27.586],[-144.306,-27.633],[-144.284,-27.579]]]}},{"type":"Feature","properties":{},"geometry":{"type":"Polygon","coordinates":[[[-138.848,-21.872],[-138.913,-21.863],[-138.931,-21.872],[-138.848,-21.872]]]}},{"type":"Feature","properties":{},"geometry":{"type":"Polygon","coordinates":[[[-135.457,-21.529],[-135.486,-21.497],[-135.525,-21.487],[-135.457,-21.529]]]}},{"type":"Feature","properties":{},"geometry":{"type":"Polygon","coordinates":[[[-174.362,-19.801],[-174.319,-19.82],[-174.316,-19.785],[-174.362,-19.801]]]}},{"type":"Feature","properties":{},"geometry":{"type":"Polygon","coordinates":[[[-175.068,-19.712],[-175.097,-19.72],[-175.086,-19.788],[-175.046,-19.781],[-175.068,-19.712]]]}},{"type":"Feature","properties":{},"geometry":{"type":"Polygon","coordinates":[[[-174.305,-19.734],[-174.272,-19.749],[-174.251,-19.7],[-174.305,-19.734]]]}},{"type":"Feature","properties":{},"geometry":{"type":"Polygon","coordinates":[[[-174.262,-19.631],[-174.272,-19.604],[-174.294,-19.592],[-174.276,-19.636],[-174.262,-19.631]]]}},{"type":"Feature","properties":{},"geometry":{"type":"Polygon","coordinates":[[[-142.578,-17.621],[-142.56,-17.599],[-142.578,-17.572],[-142.639,-17.532],[-142.567,-17.601],[-142.578,-17.621]]]}},{"type":"Feature","properties":{},"geometry":{"type":"Polygon","coordinates":[[[-143.413,-17.458],[-143.424,-17.442],[-143.438,-17.434],[-143.456,-17.429],[-143.474,-17.431],[-143.438,-17.439],[-143.413,-17.458]]]}},{"type":"Feature","properties":{},"geometry":{"type":"Polygon","coordinates":[[[-145.382,-17.485],[-145.418,-17.427],[-145.436,-17.417],[-145.382,-17.485]]]}},{"type":"Feature","properties":{},"geometry":{"type":"Polygon","coordinates":[[[-145.58,-17.383],[-145.594,-17.324],[-145.594,-17.343],[-145.587,-17.37],[-145.58,-17.383]]]}},{"type":"Feature","properties":{},"geometry":{"type":"Polygon","coordinates":[[[-143.847,-16.495],[-143.837,-16.495],[-143.841,-16.49],[-143.853,-16.49],[-143.847,-16.495]]]}},{"type":"Feature","properties":{},"geometry":{"type":"Polygon","coordinates":[[[-144.255,-16.478],[-144.252,-16.461],[-144.259,-16.443],[-144.277,-16.426],[-144.259,-16.458],[-144.255,-16.478]]]}},{"type":"Feature","properties":{},"geometry":{"type":"Polygon","coordinates":[[[-144.374,-16.34],[-144.396,-16.325],[-144.406,-16.33],[-144.374,-16.34]]]}},{"type":"Feature","properties":{},"geometry":{"type":"Polygon","coordinates":[[[-145.612,-16.053],[-145.63,-16.038],[-145.659,-16.043],[-145.71,-16.061],[-145.612,-16.053]]]}},{"type":"Feature","properties":{},"geometry":{"type":"Polygon","coordinates":[[[-140.112,-15.977],[-140.108,-15.96],[-140.119,-15.962],[-140.112,-15.977]]]}},{"type":"Feature","properties":{},"geometry":{"type":"Polygon","coordinates":[[[-145.166,-15.95],[-145.22,-15.899],[-145.234,-15.889],[-145.166,-15.95]]]}},{"type":"Feature","properties":{},"geometry":{"type":"Polygon","coordinates":[[[-175.63,-15.56],[-175.687,-15.602],[-175.64,-15.624],[-175.63,-15.56]]]}},{"type":"Feature","properties":{},"geometry":{"type":"Polygon","coordinates":[[[-148.046,-14.997],[-148.053,-14.96],[-148.086,-14.955],[-148.053,-14.984],[-148.046,-14.997]]]}},{"type":"Feature","properties":{},"geometry":{"type":"Polygon","coordinates":[[[-148.629,-14.894],[-148.622,-14.877],[-148.64,-14.866],[-148.647,-14.872],[-148.629,-14.894]]]}},{"type":"Feature","properties":{},"geometry":{"type":"Polygon","coordinates":[[[-145.195,-14.661],[-145.234,-14.688],[-145.256,-14.693],[-145.231,-14.621],[-145.252,-14.663],[-145.263,-14.69],[-145.26,-14.702],[-145.242,-14.699],[-145.206,-14.675],[-145.195,-14.661]]]}},{"type":"Feature","properties":{},"geometry":{"type":"Polygon","coordinates":[[[-146.257,-14.498],[-146.235,-14.479],[-146.239,-14.455],[-146.257,-14.498]]]}},{"type":"Feature","properties":{},"geometry":{"type":"Polygon","coordinates":[[[-145.004,-14.511],[-144.946,-14.464],[-144.882,-14.427],[-144.896,-14.411],[-144.91,-14.44],[-144.954,-14.464],[-145.004,-14.511]]]}},{"type":"Feature","properties":{},"geometry":{"type":"Polygon","coordinates":[[[-145.846,-14.368],[-145.836,-14.342],[-145.857,-14.337],[-145.915,-14.347],[-145.861,-14.344],[-145.843,-14.347],[-145.846,-14.368]]]}},{"type":"Feature","properties":{},"geometry":{"type":"Polygon","coordinates":[[[-169.463,-14.224],[-169.527,-14.226],[-169.524,-14.271],[-169.463,-14.224]]]}},{"type":"Feature","properties":{},"geometry":{"type":"Polygon","coordinates":[[[-130.744,-23.925],[-130.752,-23.927],[-130.752,-23.935],[-130.741,-23.928],[-130.744,-23.925]]]}},{"type":"Feature","properties":{},"geometry":{"type":"Polygon","coordinates":[[[-176.213,-22.324],[-176.216,-22.336],[-176.206,-22.339],[-176.198,-22.333],[-176.213,-22.324]]]}},{"type":"Feature","properties":{},"geometry":{"type":"Polygon","coordinates":[[[-136.738,-21.318],[-136.742,-21.318],[-136.742,-21.319],[-136.738,-21.318]]]}},{"type":"Feature","properties":{},"geometry":{"type":"Polygon","coordinates":[[[-139.143,-20.803],[-139.147,-20.804],[-139.143,-20.804],[-139.143,-20.803]]]}},{"type":"Feature","properties":{},"geometry":{"type":"Polygon","coordinates":[[[-157.313,-20.156],[-157.349,-20.142],[-157.341,-20.176],[-157.313,-20.156]]]}},{"type":"Feature","properties":{},"geometry":{"type":"Polygon","coordinates":[[[-158.079,-19.994],[-158.119,-19.974],[-158.115,-20.016],[-158.079,-19.994]]]}},{"type":"Feature","properties":{},"geometry":{"type":"Polygon","coordinates":[[[-158.274,-19.827],[-158.277,-19.823],[-158.281,-19.822],[-158.274,-19.827]]]}},{"type":"Feature","properties":{},"geometry":{"type":"Polygon","coordinates":[[[-178.225,-19.84],[-178.222,-19.828],[-178.229,-19.828],[-178.225,-19.84]]]}},{"type":"Feature","properties":{},"geometry":{"type":"Polygon","coordinates":[[[-158.288,-19.81],[-158.295,-19.815],[-158.295,-19.817],[-158.288,-19.81]]]}},{"type":"Feature","properties":{},"geometry":{"type":"Polygon","coordinates":[[[-158.925,-19.269],[-158.94,-19.248],[-158.951,-19.254],[-158.925,-19.269]]]}},{"type":"Feature","properties":{},"geometry":{"type":"Polygon","coordinates":[[[-178.42,-19.168],[-178.391,-19.166],[-178.402,-19.133],[-178.42,-19.168]]]}},{"type":"Feature","properties":{},"geometry":{"type":"Polygon","coordinates":[[[-178.898,-18.878],[-178.895,-18.857],[-178.92,-18.873],[-178.898,-18.878]]]}},{"type":"Feature","properties":{},"geometry":{"type":"Polygon","coordinates":[[[-174.654,-18.817],[-174.625,-18.798],[-174.65,-18.78],[-174.654,-18.817]]]}},{"type":"Feature","properties":{},"geometry":{"type":"Polygon","coordinates":[[[-178.506,-18.665],[-178.484,-18.651],[-178.499,-18.633],[-178.517,-18.65],[-178.506,-18.665]]]}},{"type":"Feature","properties":{},"geometry":{"type":"Polygon","coordinates":[[[-179.323,-17.77],[-179.298,-17.773],[-179.28,-17.74],[-179.32,-17.724],[-179.323,-17.77]]]}},{"type":"Feature","properties":{},"geometry":{"type":"Polygon","coordinates":[[[-179.158,-17.471],[-179.136,-17.436],[-179.176,-17.439],[-179.158,-17.471]]]}},{"type":"Feature","properties":{},"geometry":{"type":"Polygon","coordinates":[[[-179.158,-17.272],[-179.14,-17.284],[-179.136,-17.252],[-179.158,-17.253],[-179.158,-17.272]]]}},{"type":"Feature","properties":{},"geometry":{"type":"Polygon","coordinates":[[[-144.108,-16.723],[-144.111,-16.74],[-144.09,-16.721],[-144.108,-16.723]]]}},{"type":"Feature","properties":{},"geometry":{"type":"Polygon","coordinates":[[[-168.163,-14.533],[-168.159,-14.521],[-168.174,-14.523],[-168.163,-14.533]]]}},{"type":"Feature","properties":{},"geometry":{"type":"Polygon","coordinates":[[[-169.675,-14.175],[-169.661,-14.189],[-169.635,-14.177],[-169.657,-14.168],[-169.675,-14.175]]]}},{"type":"Feature","properties":{},"geometry":{"type":"Polygon","coordinates":[[[-171.072,-11.053],[-171.086,-11.051],[-171.083,-11.066],[-171.072,-11.053]]]}},{"type":"Feature","properties":{},"geometry":{"type":"Polygon","coordinates":[[[-165.823,-10.882],[-165.812,-10.889],[-165.809,-10.881],[-165.823,-10.882]]]}},{"type":"Feature","properties":{},"geometry":{"type":"Polygon","coordinates":[[[-160.985,-10.383],[-160.938,-10.423],[-160.981,-10.381],[-160.985,-10.383]]]}},{"type":"Feature","properties":{},"geometry":{"type":"Polygon","coordinates":[[[-161.089,-10.035],[-161.089,-10.045],[-161.075,-10.036],[-161.071,-10.028],[-161.089,-10.035]]]}},{"type":"Feature","properties":{},"geometry":{"type":"Polygon","coordinates":[[[-160.031,-0.376],[-160.023,-0.39],[-160.009,-0.373],[-160.031,-0.376]]]}},{"type":"Feature","properties":{},"geometry":{"type":"Polygon","coordinates":[[[-176.486,0.196],[-176.479,0.19],[-176.476,0.198],[-176.486,0.196]]]}},{"type":"Feature","properties":{},"geometry":{"type":"Polygon","coordinates":[[[-176.461,0.225],[-176.465,0.222],[-176.458,0.218],[-176.461,0.225]]]}},{"type":"Feature","properties":{},"geometry":{"type":"Polygon","coordinates":[[[-176.638,0.791],[-176.638,0.808],[-176.641,0.803],[-176.638,0.791]]]}},{"type":"Feature","properties":{},"geometry":{"type":"Polygon","coordinates":[[[-91.821,1.387],[-91.824,1.372],[-91.81,1.377],[-91.821,1.387]]]}},{"type":"Feature","properties":{},"geometry":{"type":"Polygon","coordinates":[[[-91.821,1.394],[-91.821,1.392],[-91.817,1.395],[-91.821,1.394]]]}},{"type":"Feature","properties":{},"geometry":{"type":"Polygon","coordinates":[[[-92.012,1.659],[-92.008,1.65],[-92.001,1.652],[-92.004,1.664],[-92.012,1.659]]]}},{"type":"Feature","properties":{},"geometry":{"type":"Polygon","coordinates":[[[-81.611,3.959],[-81.579,3.975],[-81.6,3.989],[-81.611,3.959]]]}},{"type":"Feature","properties":{},"geometry":{"type":"Polygon","coordinates":[[[-160.409,4.71],[-160.394,4.705],[-160.391,4.722],[-160.412,4.722],[-160.409,4.71]]]}},{"type":"Feature","properties":{},"geometry":{"type":"Polygon","coordinates":[[[-66.75,11.778],[-66.811,11.753],[-66.779,11.758],[-66.75,11.778]]]}},{"type":"Feature","properties":{},"geometry":{"type":"Polygon","coordinates":[[[-66.732,11.87],[-66.815,11.873],[-66.754,11.863],[-66.732,11.87]]]}},{"type":"Feature","properties":{},"geometry":{"type":"Polygon","coordinates":[[[-67.657,11.984],[-67.672,11.993],[-67.675,11.986],[-67.657,11.984]]]}},{"type":"Feature","properties":{},"geometry":{"type":"Polygon","coordinates":[[[-67.679,12.028],[-67.682,12.027],[-67.679,12.025],[-67.679,12.028]]]}},{"type":"Feature","properties":{},"geometry":{"type":"Polygon","coordinates":[[[-67.679,12.028],[-67.675,12.027],[-67.675,12.028],[-67.679,12.028]]]}},{"type":"Feature","properties":{},"geometry":{"type":"Polygon","coordinates":[[[-67.679,12.05],[-67.675,12.047],[-67.675,12.049],[-67.679,12.05]]]}},{"type":"Feature","properties":{},"geometry":{"type":"Polygon","coordinates":[[[-67.682,12.064],[-67.686,12.064],[-67.682,12.062],[-67.682,12.064]]]}},{"type":"Feature","properties":{},"geometry":{"type":"Polygon","coordinates":[[[-67.686,12.065],[-67.686,12.067],[-67.69,12.069],[-67.686,12.065]]]}},{"type":"Feature","properties":{},"geometry":{"type":"Polygon","coordinates":[[[-161.949,23.038],[-161.942,23.041],[-161.939,23.046],[-161.946,23.046],[-161.946,23.041],[-161.949,23.038]]]}},{"type":"Feature","properties":{},"geometry":{"type":"Polygon","coordinates":[[[-79.516,23.495],[-79.537,23.511],[-79.537,23.507],[-79.516,23.495]]]}},{"type":"Feature","properties":{},"geometry":{"type":"Polygon","coordinates":[[[-79.563,23.546],[-79.588,23.571],[-79.595,23.575],[-79.555,23.533],[-79.563,23.546]]]}},{"type":"Feature","properties":{},"geometry":{"type":"Polygon","coordinates":[[[-164.703,23.58],[-164.707,23.573],[-164.7,23.57],[-164.703,23.58]]]}},{"type":"Feature","properties":{},"geometry":{"type":"Polygon","coordinates":[[[-167.997,25.002],[-167.994,25.012],[-168.001,25.015],[-167.997,25.002]]]}},{"type":"Feature","properties":{},"geometry":{"type":"Polygon","coordinates":[[[-79.289,25.559],[-79.278,25.547],[-79.278,25.552],[-79.289,25.559]]]}},{"type":"Feature","properties":{},"geometry":{"type":"Polygon","coordinates":[[[-171.724,25.773],[-171.742,25.768],[-171.731,25.751],[-171.724,25.773]]]}},{"type":"Feature","properties":{},"geometry":{"type":"Polygon","coordinates":[[[-173.966,26.072],[-173.966,26.059],[-173.959,26.064],[-173.966,26.072]]]}},{"type":"Feature","properties":{},"geometry":{"type":"Polygon","coordinates":[[[-113.245,26.724],[-113.266,26.709],[-113.14,26.673],[-113.176,26.721],[-113.245,26.724]]]}},{"type":"Feature","properties":{},"geometry":{"type":"Polygon","coordinates":[[[-177.329,28.212],[-177.336,28.205],[-177.325,28.205],[-177.329,28.212]]]}},{"type":"Feature","properties":{},"geometry":{"type":"Polygon","coordinates":[[[-177.358,28.215],[-177.379,28.213],[-177.379,28.198],[-177.358,28.215]]]}},{"type":"Feature","properties":{},"geometry":{"type":"Polygon","coordinates":[[[-178.29,28.402],[-178.297,28.391],[-178.286,28.392],[-178.29,28.402]]]}},{"type":"Feature","properties":{},"geometry":{"type":"Polygon","coordinates":[[[-74.253,-43.35],[-74.274,-43.36],[-74.285,-43.418],[-74.245,-43.413],[-74.253,-43.35]]]}},{"type":"Feature","properties":{},"geometry":{"type":"Polygon","coordinates":[[[-73.691,-43.188],[-73.72,-43.215],[-73.662,-43.246],[-73.655,-43.197],[-73.691,-43.188]]]}},{"type":"Feature","properties":{},"geometry":{"type":"Polygon","coordinates":[[[-73.306,-42.628],[-73.295,-42.655],[-73.259,-42.658],[-73.241,-42.631],[-73.306,-42.628]]]}},{"type":"Feature","properties":{},"geometry":{"type":"Polygon","coordinates":[[[-73.54,-36.989],[-73.529,-37.069],[-73.486,-37.025],[-73.54,-36.989]]]}},{"type":"Feature","properties":{},"geometry":{"type":"Polygon","coordinates":[[[-159.786,-18.83],[-159.804,-18.866],[-159.775,-18.878],[-159.786,-18.83]]]}},{"type":"Feature","properties":{},"geometry":{"type":"Polygon","coordinates":[[[-76.197,-14.263],[-76.222,-14.275],[-76.193,-14.293],[-76.197,-14.263]]]}},{"type":"Feature","properties":{},"geometry":{"type":"Polygon","coordinates":[[[-76.445,-13.831],[-76.456,-13.822],[-76.47,-13.854],[-76.441,-13.854],[-76.445,-13.831]]]}},{"type":"Feature","properties":{},"geometry":{"type":"Polygon","coordinates":[[[-77.233,-12.066],[-77.237,-12.093],[-77.205,-12.115],[-77.194,-12.1],[-77.233,-12.066]]]}},{"type":"Feature","properties":{},"geometry":{"type":"Polygon","coordinates":[[[-80.844,-6.382],[-80.877,-6.433],[-80.841,-6.475],[-80.844,-6.382]]]}},{"type":"Feature","properties":{},"geometry":{"type":"Polygon","coordinates":[[[-78.187,2.991],[-78.209,2.93],[-78.166,2.959],[-78.187,2.991]]]}},{"type":"Feature","properties":{},"geometry":{"type":"Polygon","coordinates":[[[-87.097,5.515],[-87.065,5.534],[-87.094,5.548],[-87.097,5.515]]]}},{"type":"Feature","properties":{},"geometry":{"type":"Polygon","coordinates":[[[-83.897,8.707],[-83.879,8.698],[-83.883,8.714],[-83.897,8.707]]]}},{"type":"Feature","properties":{},"geometry":{"type":"Polygon","coordinates":[[[-79.57,8.798],[-79.57,8.783],[-79.555,8.783],[-79.555,8.803],[-79.57,8.798]]]}},{"type":"Feature","properties":{},"geometry":{"type":"Polygon","coordinates":[[[-81.568,9.109],[-81.571,9.09],[-81.543,9.088],[-81.546,9.102],[-81.568,9.109]]]}},{"type":"Feature","properties":{},"geometry":{"type":"Polygon","coordinates":[[[-82.047,9.173],[-82.05,9.146],[-82.029,9.132],[-82.011,9.141],[-82.029,9.17],[-82.047,9.173]]]}},{"type":"Feature","properties":{},"geometry":{"type":"Polygon","coordinates":[[[-109.212,10.303],[-109.234,10.308],[-109.22,10.282],[-109.212,10.303]]]}},{"type":"Feature","properties":{},"geometry":{"type":"Polygon","coordinates":[[[-75.588,10.368],[-75.567,10.343],[-75.538,10.363],[-75.577,10.379],[-75.588,10.368]]]}},{"type":"Feature","properties":{},"geometry":{"type":"Polygon","coordinates":[[[-87.727,13.198],[-87.724,13.165],[-87.702,13.163],[-87.699,13.193],[-87.727,13.198]]]}},{"type":"Feature","properties":{},"geometry":{"type":"Polygon","coordinates":[[[-87.767,13.247],[-87.778,13.225],[-87.763,13.214],[-87.753,13.229],[-87.767,13.247]]]}},{"type":"Feature","properties":{},"geometry":{"type":"Polygon","coordinates":[[[-80.088,13.578],[-80.092,13.578],[-80.092,13.577],[-80.088,13.577],[-80.088,13.578]]]}},{"type":"Feature","properties":{},"geometry":{"type":"Polygon","coordinates":[[[-169.531,16.733],[-169.549,16.728],[-169.542,16.723],[-169.531,16.733]]]}},{"type":"Feature","properties":{},"geometry":{"type":"Polygon","coordinates":[[[-88.095,17.518],[-88.087,17.496],[-88.087,17.471],[-88.069,17.481],[-88.077,17.504],[-88.095,17.518]]]}},{"type":"Feature","properties":{},"geometry":{"type":"Polygon","coordinates":[[[-87.969,18.09],[-87.983,18.077],[-87.972,18.073],[-87.961,18.08],[-87.969,18.09]]]}},{"type":"Feature","properties":{},"geometry":{"type":"Polygon","coordinates":[[[-87.94,18.119],[-87.958,18.097],[-87.951,18.087],[-87.936,18.104],[-87.94,18.119]]]}},{"type":"Feature","properties":{},"geometry":{"type":"Polygon","coordinates":[[[-87.879,18.208],[-87.886,18.208],[-87.893,18.18],[-87.879,18.187],[-87.879,18.208]]]}},{"type":"Feature","properties":{},"geometry":{"type":"Polygon","coordinates":[[[-75.023,18.418],[-75.019,18.396],[-75.001,18.409],[-75.023,18.418]]]}},{"type":"Feature","properties":{},"geometry":{"type":"Polygon","coordinates":[[[-78.58,20.654],[-78.605,20.659],[-78.601,20.645],[-78.58,20.654]]]}},{"type":"Feature","properties":{},"geometry":{"type":"Polygon","coordinates":[[[-78.652,20.665],[-78.648,20.652],[-78.63,20.659],[-78.652,20.665]]]}},{"type":"Feature","properties":{},"geometry":{"type":"Polygon","coordinates":[[[-71.689,21.3],[-71.697,21.29],[-71.679,21.299],[-71.689,21.3]]]}},{"type":"Feature","properties":{},"geometry":{"type":"Polygon","coordinates":[[[-71.635,21.319],[-71.643,21.304],[-71.635,21.295],[-71.628,21.31],[-71.635,21.319]]]}},{"type":"Feature","properties":{},"geometry":{"type":"Polygon","coordinates":[[[-71.211,21.341],[-71.218,21.314],[-71.2,21.322],[-71.193,21.336],[-71.211,21.341]]]}},{"type":"Feature","properties":{},"geometry":{"type":"Polygon","coordinates":[[[-71.499,21.569],[-71.509,21.528],[-71.538,21.516],[-71.52,21.489],[-71.495,21.508],[-71.499,21.569]]]}},{"type":"Feature","properties":{},"geometry":{"type":"Polygon","coordinates":[[[-81.982,21.648],[-81.996,21.626],[-82.083,21.591],[-82.09,21.569],[-81.989,21.609],[-81.982,21.648]]]}},{"type":"Feature","properties":{},"geometry":{"type":"Polygon","coordinates":[[[-81.852,21.663],[-81.888,21.65],[-81.903,21.616],[-81.852,21.65],[-81.852,21.663]]]}},{"type":"Feature","properties":{},"geometry":{"type":"Polygon","coordinates":[[[-72.125,21.854],[-72.125,21.847],[-72.118,21.854],[-72.125,21.854]]]}},{"type":"Feature","properties":{},"geometry":{"type":"Polygon","coordinates":[[[-72.096,21.883],[-72.1,21.864],[-72.085,21.873],[-72.096,21.883]]]}},{"type":"Feature","properties":{},"geometry":{"type":"Polygon","coordinates":[[[-82.644,21.954],[-82.659,21.932],[-82.63,21.92],[-82.608,21.939],[-82.644,21.954]]]}},{"type":"Feature","properties":{},"geometry":{"type":"Polygon","coordinates":[[[-83.551,21.962],[-83.598,21.972],[-83.591,21.961],[-83.551,21.962]]]}},{"type":"Feature","properties":{},"geometry":{"type":"Polygon","coordinates":[[[-81.557,22.065],[-81.582,22.077],[-81.582,22.05],[-81.557,22.065]]]}},{"type":"Feature","properties":{},"geometry":{"type":"Polygon","coordinates":[[[-75.721,22.202],[-75.75,22.205],[-75.736,22.175],[-75.721,22.202]]]}},{"type":"Feature","properties":{},"geometry":{"type":"Polygon","coordinates":[[[-75.747,22.236],[-75.747,22.261],[-75.75,22.263],[-75.754,22.237],[-75.747,22.236]]]}},{"type":"Feature","properties":{},"geometry":{"type":"Polygon","coordinates":[[[-75.811,22.371],[-75.819,22.388],[-75.822,22.386],[-75.819,22.371],[-75.811,22.371]]]}},{"type":"Feature","properties":{},"geometry":{"type":"Polygon","coordinates":[[[-78.738,22.548],[-78.767,22.541],[-78.767,22.519],[-78.738,22.524],[-78.738,22.548]]]}},{"type":"Feature","properties":{},"geometry":{"type":"Polygon","coordinates":[[[-73.619,22.6],[-73.608,22.577],[-73.594,22.602],[-73.619,22.6]]]}},{"type":"Feature","properties":{},"geometry":{"type":"Polygon","coordinates":[[[-82.515,22.626],[-82.525,22.626],[-82.529,22.563],[-82.507,22.59],[-82.515,22.626]]]}},{"type":"Feature","properties":{},"geometry":{"type":"Polygon","coordinates":[[[-79.224,22.639],[-79.206,22.624],[-79.177,22.644],[-79.224,22.639]]]}},{"type":"Feature","properties":{},"geometry":{"type":"Polygon","coordinates":[[[-79.681,22.859],[-79.692,22.874],[-79.739,22.886],[-79.732,22.866],[-79.696,22.85],[-79.681,22.859]]]}},{"type":"Feature","properties":{},"geometry":{"type":"Polygon","coordinates":[[[-79.825,22.965],[-79.861,22.962],[-79.858,22.916],[-79.836,22.911],[-79.825,22.965]]]}},{"type":"Feature","properties":{},"geometry":{"type":"Polygon","coordinates":[[[-80.063,23.05],[-80.088,23.068],[-80.085,23.038],[-80.063,23.05]]]}},{"type":"Feature","properties":{},"geometry":{"type":"Polygon","coordinates":[[[-80.243,23.107],[-80.272,23.134],[-80.304,23.126],[-80.265,23.104],[-80.243,23.107]]]}},{"type":"Feature","properties":{},"geometry":{"type":"Polygon","coordinates":[[[-80.401,23.154],[-80.445,23.151],[-80.43,23.136],[-80.401,23.154]]]}},{"type":"Feature","properties":{},"geometry":{"type":"Polygon","coordinates":[[[-80.668,23.212],[-80.697,23.203],[-80.675,23.186],[-80.668,23.212]]]}},{"type":"Feature","properties":{},"geometry":{"type":"Polygon","coordinates":[[[-80.776,23.207],[-80.837,23.224],[-80.848,23.208],[-80.812,23.197],[-80.776,23.207]]]}},{"type":"Feature","properties":{},"geometry":{"type":"Polygon","coordinates":[[[-80.88,23.251],[-80.913,23.266],[-80.913,23.239],[-80.88,23.251]]]}},{"type":"Feature","properties":{},"geometry":{"type":"Polygon","coordinates":[[[-75.109,23.847],[-75.124,23.831],[-75.117,23.815],[-75.106,23.831],[-75.109,23.847]]]}},{"type":"Feature","properties":{},"geometry":{"type":"Polygon","coordinates":[[[-77.871,24.346],[-77.849,24.328],[-77.835,24.35],[-77.871,24.346]]]}},{"type":"Feature","properties":{},"geometry":{"type":"Polygon","coordinates":[[[-76.773,24.539],[-76.794,24.549],[-76.791,24.519],[-76.773,24.519],[-76.773,24.539]]]}},{"type":"Feature","properties":{},"geometry":{"type":"Polygon","coordinates":[[[-82.119,24.556],[-82.129,24.554],[-82.129,24.551],[-82.119,24.556]]]}},{"type":"Feature","properties":{},"geometry":{"type":"Polygon","coordinates":[[[-82.119,24.585],[-82.108,24.574],[-82.108,24.586],[-82.119,24.585]]]}},{"type":"Feature","properties":{},"geometry":{"type":"Polygon","coordinates":[[[-81.424,24.655],[-81.413,24.647],[-81.409,24.655],[-81.424,24.655]]]}},{"type":"Feature","properties":{},"geometry":{"type":"Polygon","coordinates":[[[-81.265,24.671],[-81.276,24.657],[-81.265,24.661],[-81.258,24.667],[-81.265,24.671]]]}},{"type":"Feature","properties":{},"geometry":{"type":"Polygon","coordinates":[[[-81.449,24.681],[-81.463,24.671],[-81.442,24.65],[-81.438,24.661],[-81.449,24.681]]]}},{"type":"Feature","properties":{},"geometry":{"type":"Polygon","coordinates":[[[-81.481,24.682],[-81.514,24.698],[-81.521,24.674],[-81.496,24.664],[-81.481,24.682]]]}},{"type":"Feature","properties":{},"geometry":{"type":"Polygon","coordinates":[[[-110.588,24.833],[-110.566,24.826],[-110.566,24.841],[-110.588,24.833]]]}},{"type":"Feature","properties":{},"geometry":{"type":"Polygon","coordinates":[[[-80.7,24.882],[-80.736,24.858],[-80.733,24.85],[-80.711,24.865],[-80.7,24.882]]]}},{"type":"Feature","properties":{},"geometry":{"type":"Polygon","coordinates":[[[-81.046,25.309],[-81.078,25.302],[-81.06,25.273],[-81.046,25.309]]]}},{"type":"Feature","properties":{},"geometry":{"type":"Polygon","coordinates":[[[-110.714,25.306],[-110.735,25.279],[-110.707,25.272],[-110.714,25.306]]]}},{"type":"Feature","properties":{},"geometry":{"type":"Polygon","coordinates":[[[-81.089,25.339],[-81.121,25.336],[-81.089,25.312],[-81.089,25.339]]]}},{"type":"Feature","properties":{},"geometry":{"type":"Polygon","coordinates":[[[-77.863,25.409],[-77.86,25.419],[-77.892,25.419],[-77.907,25.409],[-77.863,25.409]]]}},{"type":"Feature","properties":{},"geometry":{"type":"Polygon","coordinates":[[[-112.107,25.485],[-112.103,25.461],[-112.125,25.328],[-112.103,25.343],[-112.111,25.363],[-112.096,25.456],[-112.107,25.485]]]}},{"type":"Feature","properties":{},"geometry":{"type":"Polygon","coordinates":[[[-111.059,25.701],[-111.049,25.67],[-111.013,25.679],[-111.038,25.714],[-111.059,25.701]]]}},{"type":"Feature","properties":{},"geometry":{"type":"Polygon","coordinates":[[[-79.249,25.775],[-79.264,25.761],[-79.267,25.733],[-79.242,25.743],[-79.249,25.775]]]}},{"type":"Feature","properties":{},"geometry":{"type":"Polygon","coordinates":[[[-111.257,25.812],[-111.257,25.782],[-111.243,25.787],[-111.257,25.812]]]}},{"type":"Feature","properties":{},"geometry":{"type":"Polygon","coordinates":[[[-81.381,25.821],[-81.431,25.851],[-81.406,25.797],[-81.381,25.821]]]}},{"type":"Feature","properties":{},"geometry":{"type":"Polygon","coordinates":[[[-81.453,25.826],[-81.474,25.873],[-81.517,25.859],[-81.514,25.843],[-81.478,25.848],[-81.453,25.826]]]}},{"type":"Feature","properties":{},"geometry":{"type":"Polygon","coordinates":[[[-81.676,25.902],[-81.708,25.898],[-81.697,25.866],[-81.676,25.861],[-81.676,25.902]]]}},{"type":"Feature","properties":{},"geometry":{"type":"Polygon","coordinates":[[[-81.543,25.89],[-81.546,25.902],[-81.561,25.895],[-81.546,25.881],[-81.55,25.858],[-81.532,25.878],[-81.543,25.89]]]}},{"type":"Feature","properties":{},"geometry":{"type":"Polygon","coordinates":[[[-111.286,26.126],[-111.265,26.104],[-111.261,26.126],[-111.286,26.126]]]}},{"type":"Feature","properties":{},"geometry":{"type":"Polygon","coordinates":[[[-77.237,26.471],[-77.277,26.466],[-77.262,26.442],[-77.237,26.471]]]}},{"type":"Feature","properties":{},"geometry":{"type":"Polygon","coordinates":[[[-77.853,26.601],[-77.892,26.594],[-77.863,26.564],[-77.853,26.601]]]}},{"type":"Feature","properties":{},"geometry":{"type":"Polygon","coordinates":[[[-112.096,27.224],[-112.067,27.178],[-112.046,27.217],[-112.096,27.224]]]}},{"type":"Feature","properties":{},"geometry":{"type":"Polygon","coordinates":[[[-111.891,27.43],[-111.859,27.43],[-111.862,27.447],[-111.902,27.45],[-111.891,27.43]]]}},{"type":"Feature","properties":{},"geometry":{"type":"Polygon","coordinates":[[[-115.203,27.892],[-115.181,27.869],[-115.178,27.85],[-115.163,27.852],[-115.163,27.869],[-115.203,27.892]]]}},{"type":"Feature","properties":{},"geometry":{"type":"Polygon","coordinates":[[[-111.387,27.968],[-111.383,27.957],[-111.365,27.953],[-111.387,27.989],[-111.394,27.979],[-111.387,27.968]]]}},{"type":"Feature","properties":{},"geometry":{"type":"Polygon","coordinates":[[[-115.595,28.318],[-115.603,28.304],[-115.592,28.298],[-115.577,28.301],[-115.595,28.318]]]}},{"type":"Feature","properties":{},"geometry":{"type":"Polygon","coordinates":[[[-82.666,28.735],[-82.684,28.738],[-82.695,28.725],[-82.666,28.722],[-82.666,28.735]]]}},{"type":"Feature","properties":{},"geometry":{"type":"Polygon","coordinates":[[[-82.695,28.764],[-82.673,28.767],[-82.68,28.784],[-82.698,28.782],[-82.695,28.764]]]}},{"type":"Feature","properties":{},"geometry":{"type":"Polygon","coordinates":[[[-90.651,29.068],[-90.698,29.059],[-90.716,29.066],[-90.748,29.041],[-90.672,29.058],[-90.651,29.068]]]}},{"type":"Feature","properties":{},"geometry":{"type":"Polygon","coordinates":[[[-90.417,29.056],[-90.453,29.069],[-90.464,29.058],[-90.42,29.049],[-90.417,29.056]]]}},{"type":"Feature","properties":{},"geometry":{"type":"Polygon","coordinates":[[[-113.518,29.095],[-113.522,29.08],[-113.515,29.076],[-113.504,29.091],[-113.518,29.095]]]}},{"type":"Feature","properties":{},"geometry":{"type":"Polygon","coordinates":[[[-83.037,29.145],[-83.058,29.15],[-83.051,29.132],[-83.037,29.145]]]}},{"type":"Feature","properties":{},"geometry":{"type":"Polygon","coordinates":[[[-90.449,29.235],[-90.435,29.255],[-90.446,29.26],[-90.449,29.235]]]}},{"type":"Feature","properties":{},"geometry":{"type":"Polygon","coordinates":[[[-89.927,29.289],[-89.931,29.277],[-89.913,29.286],[-89.927,29.289]]]}},{"type":"Feature","properties":{},"geometry":{"type":"Polygon","coordinates":[[[-89.995,29.456],[-90.021,29.486],[-90.06,29.478],[-90.017,29.444],[-89.995,29.456]]]}},{"type":"Feature","properties":{},"geometry":{"type":"Polygon","coordinates":[[[-89.056,29.562],[-89.099,29.52],[-89.085,29.529],[-89.052,29.559],[-89.056,29.562]]]}},{"type":"Feature","properties":{},"geometry":{"type":"Polygon","coordinates":[[[-88.98,29.633],[-88.977,29.632],[-88.969,29.638],[-88.98,29.633]]]}},{"type":"Feature","properties":{},"geometry":{"type":"Polygon","coordinates":[[[-114.418,29.986],[-114.422,29.966],[-114.407,29.959],[-114.4,29.986],[-114.418,29.986]]]}},{"type":"Feature","properties":{},"geometry":{"type":"Polygon","coordinates":[[[-116.114,30.496],[-116.125,30.484],[-116.103,30.483],[-116.114,30.496]]]}},{"type":"Feature","properties":{},"geometry":{"type":"Polygon","coordinates":[[[-81.161,31.67],[-81.179,31.636],[-81.161,31.567],[-81.129,31.629],[-81.161,31.67]]]}},{"type":"Feature","properties":{},"geometry":{"type":"Polygon","coordinates":[[[-117.255,32.421],[-117.248,32.408],[-117.244,32.414],[-117.255,32.421]]]}},{"type":"Feature","properties":{},"geometry":{"type":"Polygon","coordinates":[[[-118.234,33.764],[-118.27,33.74],[-118.238,33.728],[-118.234,33.764]]]}},{"type":"Feature","properties":{},"geometry":{"type":"Polygon","coordinates":[[[-162.061,5.887],[-162.086,5.884],[-162.09,5.872],[-162.061,5.873],[-162.061,5.887]]]}},{"type":"Feature","properties":{},"geometry":{"type":"Polygon","coordinates":[[[-79.134,8.957],[-79.131,8.948],[-79.123,8.952],[-79.131,8.958],[-79.134,8.957]]]}},{"type":"Feature","properties":{},"geometry":{"type":"Polygon","coordinates":[[[-78.9,1.373],[-78.979,1.308],[-78.911,1.245],[-78.9,1.373]]]}},{"type":"Feature","properties":{},"geometry":{"type":"Polygon","coordinates":[[[-78.13,2.628],[-78.216,2.598],[-78.133,2.505],[-78.097,2.572],[-78.13,2.628]]]}},{"type":"Feature","properties":{},"geometry":{"type":"Polygon","coordinates":[[[-79.095,8.308],[-79.141,8.244],[-79.098,8.231],[-79.095,8.308]]]}},{"type":"Feature","properties":{},"geometry":{"type":"Polygon","coordinates":[[[-73,21.452],[-72.91,21.505],[-72.993,21.562],[-73.075,21.506],[-73.054,21.425],[-73,21.452]]]}},{"type":"Feature","properties":{},"geometry":{"type":"Polygon","coordinates":[[[-72.021,21.905],[-71.902,21.866],[-71.913,21.949],[-72.01,21.959],[-72.021,21.905]]]}},{"type":"Feature","properties":{},"geometry":{"type":"Polygon","coordinates":[[[-73.468,22.587],[-73.479,22.6],[-73.525,22.616],[-73.536,22.604],[-73.468,22.587]]]}},{"type":"Feature","properties":{},"geometry":{"type":"Polygon","coordinates":[[[-114.785,31.803],[-114.8,31.756],[-114.717,31.695],[-114.71,31.764],[-114.785,31.803]]]}},{"type":"Feature","properties":{},"geometry":{"type":"Polygon","coordinates":[[[-82.122,9.323],[-82.158,9.323],[-82.151,9.261],[-82.086,9.303],[-82.122,9.323]]]}},{"type":"Feature","properties":{},"geometry":{"type":"Polygon","coordinates":[[[-82.327,9.413],[-82.245,9.357],[-82.266,9.44],[-82.327,9.413]]]}},{"type":"Feature","properties":{},"geometry":{"type":"Polygon","coordinates":[[[-85.913,16.462],[-85.945,16.403],[-85.845,16.484],[-85.884,16.503],[-85.913,16.462]]]}},{"type":"Feature","properties":{},"geometry":{"type":"Polygon","coordinates":[[[-65,18.347],[-65,18.372],[-65.04,18.354],[-65.026,18.339],[-65,18.347]]]}},{"type":"Feature","properties":{},"geometry":{"type":"Polygon","coordinates":[[[-86.701,21.199],[-86.727,21.243],[-86.741,21.243],[-86.719,21.212],[-86.701,21.199]]]}},{"type":"Feature","properties":{},"geometry":{"type":"Polygon","coordinates":[[[-73.666,23.09],[-73.817,23.104],[-73.799,23.073],[-73.666,23.09]]]}},{"type":"Feature","properties":{},"geometry":{"type":"Polygon","coordinates":[[[-81.748,24.576],[-81.78,24.556],[-81.802,24.561],[-81.816,24.542],[-81.784,24.546],[-81.759,24.556],[-81.748,24.576]]]}},{"type":"Feature","properties":{},"geometry":{"type":"Polygon","coordinates":[[[-80.801,24.843],[-80.855,24.804],[-80.801,24.809],[-80.801,24.843]]]}},{"type":"Feature","properties":{},"geometry":{"type":"Polygon","coordinates":[[[-82.129,26.461],[-82.104,26.422],[-82.075,26.455],[-82.129,26.461]]]}},{"type":"Feature","properties":{},"geometry":{"type":"Polygon","coordinates":[[[-82.137,26.584],[-82.115,26.655],[-82.144,26.695],[-82.176,26.702],[-82.133,26.609],[-82.137,26.584]]]}},{"type":"Feature","properties":{},"geometry":{"type":"Polygon","coordinates":[[[-94.816,29.353],[-94.827,29.318],[-94.942,29.223],[-95.082,29.135],[-95.075,29.113],[-94.726,29.333],[-94.816,29.353]]]}},{"type":"Feature","properties":{},"geometry":{"type":"Polygon","coordinates":[[[-84.736,29.736],[-84.775,29.709],[-84.988,29.62],[-84.97,29.611],[-84.887,29.659],[-84.79,29.696],[-84.736,29.736]]]}},{"type":"Feature","properties":{},"geometry":{"type":"Polygon","coordinates":[[[-88.872,30.059],[-88.847,30.034],[-88.833,29.963],[-88.818,29.983],[-88.851,30.047],[-88.872,30.059]]]}},{"type":"Feature","properties":{},"geometry":{"type":"Polygon","coordinates":[[[-89.189,30.079],[-89.25,30.103],[-89.229,30.035],[-89.189,30.079]]]}},{"type":"Feature","properties":{},"geometry":{"type":"Polygon","coordinates":[[[-88.642,30.241],[-88.732,30.256],[-88.757,30.245],[-88.555,30.216],[-88.559,30.231],[-88.642,30.241]]]}},{"type":"Feature","properties":{},"geometry":{"type":"Polygon","coordinates":[[[-88.069,30.25],[-88.109,30.277],[-88.134,30.26],[-88.206,30.258],[-88.296,30.245],[-88.091,30.245],[-88.069,30.25]]]}},{"type":"Feature","properties":{},"geometry":{"type":"Polygon","coordinates":[[[-81.478,30.805],[-81.431,30.863],[-81.481,30.905],[-81.478,30.805]]]}},{"type":"Feature","properties":{},"geometry":{"type":"Polygon","coordinates":[[[-118.36,32.828],[-118.483,32.921],[-118.501,32.85],[-118.429,32.803],[-118.36,32.828]]]}},{"type":"Feature","properties":{},"geometry":{"type":"Polygon","coordinates":[[[-119.487,33.267],[-119.534,33.286],[-119.545,33.232],[-119.473,33.215],[-119.487,33.267]]]}},{"type":"Feature","properties":{},"geometry":{"type":"Polygon","coordinates":[[[-118.515,33.423],[-118.465,33.323],[-118.31,33.336],[-118.367,33.406],[-118.515,33.423]]]}},{"type":"Feature","properties":{},"geometry":{"type":"Polygon","coordinates":[[[-120.045,34.037],[-120.225,33.988],[-120.124,33.895],[-119.969,33.941],[-120.045,34.037]]]}},{"type":"Feature","properties":{},"geometry":{"type":"Polygon","coordinates":[[[-120.344,34.046],[-120.362,34.071],[-120.405,34.051],[-120.373,34.017],[-120.344,34.046]]]}},{"type":"Feature","properties":{},"geometry":{"type":"Polygon","coordinates":[[[-119.53,34.025],[-119.566,34.056],[-119.635,34.014],[-119.858,34.071],[-119.876,33.98],[-119.721,33.96],[-119.559,33.995],[-119.53,34.025]]]}},{"type":"Feature","properties":{},"geometry":{"type":"Polygon","coordinates":[[[-76.564,34.67],[-76.636,34.691],[-76.553,34.637],[-76.564,34.67]]]}},{"type":"Feature","properties":{},"geometry":{"type":"Polygon","coordinates":[[[-76.258,34.914],[-76.409,34.794],[-76.524,34.638],[-76.521,34.616],[-76.395,34.787],[-76.341,34.839],[-76.301,34.858],[-76.258,34.914]]]}},{"type":"Feature","properties":{},"geometry":{"type":"Polygon","coordinates":[[[-176.144,-44.249],[-176.224,-44.232],[-176.231,-44.306],[-176.162,-44.316],[-176.144,-44.249]]]}},{"type":"Feature","properties":{},"geometry":{"type":"Polygon","coordinates":[[[-128.329,-24.325],[-128.35,-24.342],[-128.321,-24.401],[-128.289,-24.398],[-128.303,-24.335],[-128.329,-24.325]]]}},{"type":"Feature","properties":{},"geometry":{"type":"Polygon","coordinates":[[[-178.589,-19.123],[-178.6,-19.148],[-178.567,-19.151],[-178.589,-19.123]]]}},{"type":"Feature","properties":{},"geometry":{"type":"Polygon","coordinates":[[[-179.863,-18.966],[-179.813,-18.927],[-179.849,-18.923],[-179.863,-18.966]]]}},{"type":"Feature","properties":{},"geometry":{"type":"Polygon","coordinates":[[[-178.765,-18.19],[-178.79,-18.172],[-178.844,-18.218],[-178.762,-18.246],[-178.765,-18.19]]]}},{"type":"Feature","properties":{},"geometry":{"type":"Polygon","coordinates":[[[-179.05,-17.956],[-179.078,-17.966],[-179.06,-18.001],[-179.028,-18.003],[-179.05,-17.956]]]}},{"type":"Feature","properties":{},"geometry":{"type":"Polygon","coordinates":[[[-178.294,-17.883],[-178.351,-17.946],[-178.272,-17.963],[-178.294,-17.883]]]}},{"type":"Feature","properties":{},"geometry":{"type":"Polygon","coordinates":[[[-140.68,-17.78],[-140.652,-17.684],[-140.781,-17.751],[-140.785,-17.858],[-140.68,-17.78]]]}},{"type":"Feature","properties":{},"geometry":{"type":"Polygon","coordinates":[[[-178.963,-17.177],[-178.97,-17.253],[-178.927,-17.247],[-178.916,-17.201],[-178.963,-17.177]]]}},{"type":"Feature","properties":{},"geometry":{"type":"Polygon","coordinates":[[[-151.459,-16.629],[-151.524,-16.583],[-151.535,-16.642],[-151.459,-16.629]]]}},{"type":"Feature","properties":{},"geometry":{"type":"Polygon","coordinates":[[[-178.142,-14.244],[-178.186,-14.248],[-178.157,-14.305],[-178.106,-14.28],[-178.142,-14.244]]]}},{"type":"Feature","properties":{},"geometry":{"type":"Polygon","coordinates":[[[-151.808,-11.386],[-151.819,-11.421],[-151.801,-11.462],[-151.783,-11.429],[-151.808,-11.386]]]}},{"type":"Feature","properties":{},"geometry":{"type":"Polygon","coordinates":[[[-138.7,-10.426],[-138.679,-10.474],[-138.686,-10.543],[-138.621,-10.511],[-138.636,-10.44],[-138.7,-10.426]]]}},{"type":"Feature","properties":{},"geometry":{"type":"Polygon","coordinates":[[[-139.082,-9.9],[-139.143,-9.94],[-139.143,-9.998],[-139.046,-9.923],[-139.082,-9.9]]]}},{"type":"Feature","properties":{},"geometry":{"type":"Polygon","coordinates":[[[-140.076,-9.324],[-140.158,-9.371],[-140.112,-9.439],[-140.061,-9.435],[-140.029,-9.344],[-140.076,-9.324]]]}},{"type":"Feature","properties":{},"geometry":{"type":"Polygon","coordinates":[[[-139.514,-8.885],[-139.597,-8.858],[-139.611,-8.939],[-139.514,-8.885]]]}},{"type":"Feature","properties":{},"geometry":{"type":"Polygon","coordinates":[[[-155.898,-5.617],[-155.905,-5.636],[-155.869,-5.631],[-155.88,-5.609],[-155.898,-5.617]]]}},{"type":"Feature","properties":{},"geometry":{"type":"Polygon","coordinates":[[[-155.012,-4.047],[-154.958,-4.082],[-154.94,-4.032],[-155.012,-4.047]]]}},{"type":"Feature","properties":{},"geometry":{"type":"Polygon","coordinates":[[[-159.285,3.874],[-159.296,3.807],[-159.253,3.829],[-159.285,3.874]]]}},{"type":"Feature","properties":{},"geometry":{"type":"Polygon","coordinates":[[[-75.448,-49.775],[-75.383,-49.748],[-75.369,-49.829],[-75.178,-49.883],[-75.21,-49.792],[-75.354,-49.61],[-75.473,-49.573],[-75.574,-49.613],[-75.628,-49.757],[-75.617,-49.865],[-75.541,-49.807],[-75.448,-49.775]]]}},{"type":"Feature","properties":{},"geometry":{"type":"Polygon","coordinates":[[[-75.329,-48.553],[-75.34,-48.458],[-75.437,-48.428],[-75.523,-48.472],[-75.595,-48.44],[-75.657,-48.485],[-75.675,-48.583],[-75.628,-48.632],[-75.487,-48.603],[-75.505,-48.695],[-75.34,-48.615],[-75.329,-48.553]]]}},{"type":"Feature","properties":{},"geometry":{"type":"Polygon","coordinates":[[[-75.271,-48.028],[-75.171,-48.034],[-75.052,-47.985],[-75.034,-48.031],[-74.728,-48.105],[-74.814,-47.938],[-74.767,-47.884],[-74.789,-47.812],[-74.872,-47.815],[-74.944,-47.884],[-75.088,-47.867],[-75.207,-47.916],[-75.271,-48.028]]]}},{"type":"Feature","properties":{},"geometry":{"type":"Polygon","coordinates":[[[-74.753,-45.807],[-74.89,-45.881],[-75.055,-45.863],[-75.109,-45.875],[-75.073,-46.094],[-74.919,-46.104],[-74.767,-45.99],[-74.713,-45.848],[-74.753,-45.807]]]}},{"type":"Feature","properties":{},"geometry":{"type":"Polygon","coordinates":[[[-75.091,-44.796],[-75.149,-44.764],[-75.199,-44.808],[-75.131,-44.926],[-75.03,-44.904],[-75.091,-44.796]]]}},{"type":"Feature","properties":{},"geometry":{"type":"Polygon","coordinates":[[[-174.913,-21.292],[-174.985,-21.397],[-174.913,-21.444],[-174.913,-21.292]]]}},{"type":"Feature","properties":{},"geometry":{"type":"Polygon","coordinates":[[[-159.797,-21.186],[-159.847,-21.233],[-159.743,-21.254],[-159.735,-21.216],[-159.797,-21.186]]]}},{"type":"Feature","properties":{},"geometry":{"type":"Polygon","coordinates":[[[-138.535,-20.877],[-138.513,-20.858],[-138.52,-20.815],[-138.542,-20.789],[-138.517,-20.85],[-138.535,-20.877]]]}},{"type":"Feature","properties":{},"geometry":{"type":"Polygon","coordinates":[[[-136.314,-18.567],[-136.306,-18.545],[-136.332,-18.528],[-136.382,-18.51],[-136.396,-18.494],[-136.425,-18.476],[-136.45,-18.472],[-136.404,-18.496],[-136.375,-18.518],[-136.342,-18.528],[-136.321,-18.538],[-136.314,-18.554],[-136.314,-18.567]]]}},{"type":"Feature","properties":{},"geometry":{"type":"Polygon","coordinates":[[[-140.682,-18.4],[-140.688,-18.39],[-140.756,-18.354],[-140.752,-18.364],[-140.695,-18.39],[-140.682,-18.4]]]}},{"type":"Feature","properties":{},"geometry":{"type":"Polygon","coordinates":[[[-136.972,-18.363],[-136.983,-18.336],[-137.041,-18.278],[-137.066,-18.266],[-136.972,-18.363]]]}},{"type":"Feature","properties":{},"geometry":{"type":"Polygon","coordinates":[[[-140.824,-18.218],[-140.832,-18.19],[-140.85,-18.17],[-140.878,-18.15],[-140.9,-18.13],[-140.925,-18.084],[-140.929,-18.096],[-140.918,-18.108],[-140.896,-18.148],[-140.85,-18.182],[-140.824,-18.218]]]}},{"type":"Feature","properties":{},"geometry":{"type":"Polygon","coordinates":[[[-143.388,-16.669],[-143.42,-16.635],[-143.442,-16.62],[-143.452,-16.625],[-143.388,-16.669]]]}},{"type":"Feature","properties":{},"geometry":{"type":"Polygon","coordinates":[[[-143.571,-16.635],[-143.611,-16.63],[-143.665,-16.588],[-143.661,-16.602],[-143.622,-16.632],[-143.571,-16.635]]]}},{"type":"Feature","properties":{},"geometry":{"type":"Polygon","coordinates":[[[-145.592,-16.151],[-145.582,-16.151],[-145.584,-16.149],[-145.593,-16.149],[-145.592,-16.151]]]}},{"type":"Feature","properties":{},"geometry":{"type":"Polygon","coordinates":[[[-142.531,-16.108],[-142.48,-16.019],[-142.495,-16.036],[-142.524,-16.085],[-142.531,-16.108]]]}},{"type":"Feature","properties":{},"geometry":{"type":"Polygon","coordinates":[[[-145.058,-15.902],[-145.058,-15.875],[-145.065,-15.857],[-145.094,-15.826],[-145.119,-15.781],[-145.13,-15.778],[-145.076,-15.859],[-145.058,-15.902]]]}},{"type":"Feature","properties":{},"geometry":{"type":"Polygon","coordinates":[[[-176.155,-13.209],[-176.198,-13.29],[-176.159,-13.351],[-176.126,-13.265],[-176.155,-13.209]]]}},{"type":"Feature","properties":{},"geometry":{"type":"Polygon","coordinates":[[[-172.224,-4.506],[-172.228,-4.518],[-172.202,-4.532],[-172.202,-4.521],[-172.213,-4.518],[-172.224,-4.506]]]}},{"type":"Feature","properties":{},"geometry":{"type":"Polygon","coordinates":[[[-178.718,-20.671],[-178.726,-20.651],[-178.733,-20.657],[-178.718,-20.671]]]}},{"type":"Feature","properties":{},"geometry":{"type":"Polygon","coordinates":[[[-171.191,-9.356],[-171.187,-9.352],[-171.191,-9.344],[-171.198,-9.336],[-171.205,-9.331],[-171.191,-9.356]]]}},{"type":"Feature","properties":{},"geometry":{"type":"Polygon","coordinates":[[[-172.487,-8.566],[-172.483,-8.562],[-172.49,-8.552],[-172.501,-8.544],[-172.487,-8.566]]]}},{"type":"Feature","properties":{},"geometry":{"type":"Polygon","coordinates":[[[-174.506,-4.689],[-174.514,-4.692],[-174.503,-4.697],[-174.499,-4.694],[-174.506,-4.689]]]}},{"type":"Feature","properties":{},"geometry":{"type":"Polygon","coordinates":[[[-174.528,-4.684],[-174.539,-4.672],[-174.542,-4.673],[-174.535,-4.68],[-174.528,-4.684]]]}},{"type":"Feature","properties":{},"geometry":{"type":"Polygon","coordinates":[[[-174.503,-4.687],[-174.524,-4.665],[-174.528,-4.667],[-174.503,-4.687]]]}},{"type":"Feature","properties":{},"geometry":{"type":"Polygon","coordinates":[[[-171.259,-4.444],[-171.259,-4.466],[-171.23,-4.461],[-171.245,-4.442],[-171.259,-4.444]]]}},{"type":"Feature","properties":{},"geometry":{"type":"Polygon","coordinates":[[[-171.094,-3.132],[-171.083,-3.13],[-171.086,-3.111],[-171.094,-3.132]]]}},{"type":"Feature","properties":{},"geometry":{"type":"Polygon","coordinates":[[[-80.625,24.936],[-80.646,24.905],[-80.625,24.924],[-80.625,24.936]]]}},{"type":"Feature","properties":{},"geometry":{"type":"Polygon","coordinates":[[[-88.926,29.682],[-88.89,29.725],[-88.876,29.748],[-88.937,29.674],[-88.926,29.682]]]}},{"type":"Feature","properties":{},"geometry":{"type":"Polygon","coordinates":[[[-173.732,-15.94],[-173.765,-15.958],[-173.74,-15.977],[-173.732,-15.94]]]}},{"type":"Feature","properties":{},"geometry":{"type":"Polygon","coordinates":[[[-177.98,-14.344],[-178.027,-14.33],[-178.034,-14.379],[-177.98,-14.344]]]}},{"type":"Feature","properties":{},"geometry":{"type":"Polygon","coordinates":[[[-80.059,-2.662],[-80.211,-2.725],[-80.261,-2.841],[-80.265,-3.019],[-80.131,-3.02],[-79.977,-2.775],[-79.915,-2.745],[-80.016,-2.664],[-80.059,-2.662]]]}},{"type":"Feature","properties":{},"geometry":{"type":"Polygon","coordinates":[[[-90.194,-0.538],[-90.287,-0.494],[-90.449,-0.511],[-90.514,-0.548],[-90.546,-0.682],[-90.482,-0.702],[-90.428,-0.763],[-90.338,-0.776],[-90.258,-0.744],[-90.19,-0.655],[-90.194,-0.538]]]}},{"type":"Feature","properties":{},"geometry":{"type":"Polygon","coordinates":[[[-90.813,-0.731],[-90.892,-0.626],[-90.957,-0.607],[-90.95,-0.521],[-91.004,-0.373],[-91.126,-0.3],[-91.184,-0.211],[-91.202,-0.028],[-91.284,0.033],[-91.338,0.154],[-91.472,0.098],[-91.605,0.002],[-91.547,-0.048],[-91.475,-0.011],[-91.425,-0.028],[-91.41,-0.131],[-91.353,-0.307],[-91.238,-0.376],[-91.209,-0.484],[-91.094,-0.57],[-91.169,-0.683],[-91.234,-0.661],[-91.436,-0.778],[-91.504,-0.896],[-91.4,-1.018],[-91.158,-1.029],[-91.014,-0.969],[-90.928,-0.97],[-90.86,-0.872],[-90.813,-0.731]]]}},{"type":"Feature","properties":{},"geometry":{"type":"Polygon","coordinates":[[[-113.137,29.064],[-113.173,29.129],[-113.183,29.289],[-113.345,29.296],[-113.349,29.383],[-113.479,29.532],[-113.551,29.534],[-113.59,29.409],[-113.482,29.279],[-113.302,29.145],[-113.23,29.059],[-113.137,29.064]]]}},{"type":"Feature","properties":{},"geometry":{"type":"Polygon","coordinates":[[[-73.259,18.879],[-73.216,18.837],[-73.126,18.813],[-73.036,18.759],[-72.863,18.73],[-72.805,18.745],[-72.845,18.827],[-72.993,18.892],[-73.201,18.968],[-73.299,18.926],[-73.259,18.879]]]}},{"type":"Feature","properties":{},"geometry":{"type":"Polygon","coordinates":[[[-73.648,21.062],[-73.684,20.986],[-73.493,20.924],[-73.345,20.964],[-73.227,20.952],[-73.129,20.993],[-73.097,21.081],[-73.032,21.157],[-73.003,21.314],[-73.054,21.329],[-73.162,21.17],[-73.255,21.135],[-73.425,21.197],[-73.515,21.187],[-73.554,21.13],[-73.648,21.062]]]}},{"type":"Feature","properties":{},"geometry":{"type":"Polygon","coordinates":[[[-82.569,21.636],[-82.594,21.729],[-82.695,21.836],[-82.72,21.9],[-82.99,21.949],[-83.076,21.844],[-83.073,21.761],[-82.986,21.619],[-83.022,21.548],[-83.163,21.548],[-83.08,21.469],[-82.907,21.437],[-82.835,21.445],[-82.594,21.542],[-82.569,21.636]]]}},{"type":"Feature","properties":{},"geometry":{"type":"Polygon","coordinates":[[[-76.161,25.165],[-76.153,25.005],[-76.204,24.946],[-76.236,24.755],[-76.171,24.799],[-76.135,24.902],[-76.153,24.981],[-76.121,25.03],[-76.117,25.133],[-76.161,25.165]]]}},{"type":"Feature","properties":{},"geometry":{"type":"Polygon","coordinates":[[[-176.382,-43.899],[-176.285,-43.769],[-176.483,-43.717],[-176.602,-43.708],[-176.645,-43.764],[-176.778,-43.779],[-176.724,-43.833],[-176.638,-43.799],[-176.566,-43.838],[-176.515,-43.923],[-176.656,-44.012],[-176.609,-44.112],[-176.504,-44.102],[-176.4,-44.056],[-176.328,-44.051],[-176.396,-43.938],[-176.458,-43.95],[-176.515,-43.791],[-176.512,-43.75],[-176.371,-43.766],[-176.411,-43.853],[-176.382,-43.899]]]}},{"type":"Feature","properties":{},"geometry":{"type":"Polygon","coordinates":[[[-149.184,-17.731],[-149.302,-17.713],[-149.353,-17.54],[-149.428,-17.502],[-149.518,-17.498],[-149.605,-17.525],[-149.641,-17.601],[-149.587,-17.731],[-149.45,-17.76],[-149.342,-17.724],[-149.277,-17.844],[-149.191,-17.87],[-149.148,-17.802],[-149.184,-17.731]]]}},{"type":"Feature","properties":{},"geometry":{"type":"Polygon","coordinates":[[[-172.202,-13.592],[-172.3,-13.476],[-172.368,-13.462],[-172.53,-13.484],[-172.638,-13.522],[-172.768,-13.51],[-172.75,-13.579],[-172.598,-13.701],[-172.523,-13.805],[-172.296,-13.77],[-172.213,-13.8],[-172.181,-13.702],[-172.202,-13.592]]]}},{"type":"Feature","properties":{},"geometry":{"type":"Polygon","coordinates":[[[-171.565,-13.949],[-171.569,-13.896],[-171.792,-13.817],[-171.882,-13.805],[-172.044,-13.846],[-172.062,-13.907],[-171.972,-13.945],[-171.911,-14.006],[-171.853,-14.001],[-171.742,-14.052],[-171.702,-14.038],[-171.468,-14.053],[-171.439,-14.006],[-171.518,-13.945],[-171.565,-13.949]]]}},{"type":"Feature","properties":{},"geometry":{"type":"Polygon","coordinates":[[[-112.276,28.769],[-112.197,29.022],[-112.273,29.137],[-112.283,29.225],[-112.453,29.194],[-112.481,29.156],[-112.503,29.032],[-112.485,28.971],[-112.582,28.875],[-112.309,28.747],[-112.276,28.769]]]}},{"type":"Feature","properties":{},"geometry":{"type":"Polygon","coordinates":[[[-65.63,18.279],[-65.663,18.367],[-65.792,18.425],[-65.99,18.463],[-66.12,18.474],[-66.304,18.469],[-66.383,18.492],[-66.466,18.475],[-66.642,18.497],[-66.908,18.485],[-67.103,18.523],[-67.171,18.485],[-67.16,18.421],[-67.272,18.362],[-67.196,18.291],[-67.157,18.192],[-67.214,17.967],[-67.114,17.95],[-67.067,17.972],[-66.862,17.95],[-66.764,17.984],[-66.592,17.964],[-66.469,17.992],[-66.397,17.947],[-66.163,17.93],[-66.016,17.975],[-65.94,17.97],[-65.832,18.026],[-65.839,18.057],[-65.738,18.183],[-65.591,18.23],[-65.63,18.279]]]}},{"type":"Feature","properties":{},"geometry":{"type":"Polygon","coordinates":[[[-76.265,18.013],[-76.351,18.156],[-76.647,18.23],[-76.794,18.283],[-76.812,18.328],[-76.92,18.413],[-77.136,18.409],[-77.273,18.46],[-77.665,18.492],[-77.817,18.524],[-77.903,18.519],[-77.971,18.443],[-78.231,18.445],[-78.331,18.367],[-78.342,18.222],[-78.227,18.192],[-78.076,18.198],[-77.957,18.033],[-77.845,18.018],[-77.835,17.945],[-77.723,17.854],[-77.59,17.861],[-77.503,17.842],[-77.442,17.864],[-77.32,17.812],[-77.215,17.717],[-77.133,17.71],[-77.154,17.813],[-77.143,17.881],[-77.093,17.903],[-76.942,17.834],[-76.848,17.992],[-76.654,17.93],[-76.614,17.874],[-76.524,17.861],[-76.416,17.878],[-76.362,17.861],[-76.2,17.908],[-76.265,18.013]]]}},{"type":"Feature","properties":{},"geometry":{"type":"Polygon","coordinates":[[[-77.525,23.933],[-77.557,24.14],[-77.608,24.218],[-77.647,24.137],[-77.705,24.095],[-77.759,24.14],[-77.64,24.237],[-77.676,24.303],[-77.838,24.206],[-77.907,24.113],[-77.835,24.022],[-77.799,23.857],[-77.644,23.755],[-77.565,23.74],[-77.518,23.864],[-77.525,23.933]]]}},{"type":"Feature","properties":{},"geometry":{"type":"Polygon","coordinates":[[[-78.353,24.659],[-78.432,24.601],[-78.353,24.531],[-78.227,24.465],[-78.18,24.465],[-78.079,24.38],[-78.047,24.282],[-77.975,24.34],[-77.91,24.352],[-77.806,24.449],[-77.727,24.475],[-77.752,24.601],[-77.737,24.699],[-77.874,24.838],[-77.935,24.976],[-77.986,25.013],[-77.971,25.078],[-78,25.16],[-78.09,25.159],[-78.133,25.194],[-78.213,25.184],[-78.159,25],[-78.202,24.868],[-78.292,24.775],[-78.303,24.721],[-78.223,24.672],[-78.252,24.623],[-78.328,24.711],[-78.353,24.659]]]}},{"type":"Feature","properties":{},"geometry":{"type":"Polygon","coordinates":[[[-156.002,20.8],[-156.121,20.836],[-156.243,20.942],[-156.315,20.952],[-156.481,20.905],[-156.524,20.988],[-156.596,21.033],[-156.668,21.003],[-156.697,20.915],[-156.621,20.807],[-156.535,20.773],[-156.463,20.782],[-156.409,20.588],[-156.301,20.581],[-156.204,20.627],[-156.128,20.625],[-156.002,20.686],[-156.002,20.8]]]}},{"type":"Feature","properties":{},"geometry":{"type":"Polygon","coordinates":[[[-156.747,21.17],[-156.899,21.165],[-157.172,21.206],[-157.248,21.199],[-157.305,21.109],[-157.273,21.088],[-157.071,21.099],[-156.87,21.054],[-156.755,21.096],[-156.747,21.17]]]}},{"type":"Feature","properties":{},"geometry":{"type":"Polygon","coordinates":[[[-157.709,21.353],[-157.737,21.405],[-157.842,21.461],[-157.835,21.518],[-157.964,21.706],[-158.015,21.702],[-158.123,21.586],[-158.238,21.586],[-158.227,21.483],[-158.094,21.294],[-157.907,21.305],[-157.795,21.255],[-157.647,21.307],[-157.709,21.353]]]}},{"type":"Feature","properties":{},"geometry":{"type":"Polygon","coordinates":[[[-159.3,22.151],[-159.339,22.214],[-159.401,22.236],[-159.509,22.209],[-159.588,22.221],[-159.717,22.158],[-159.786,22.065],[-159.761,21.979],[-159.667,21.95],[-159.606,21.891],[-159.437,21.869],[-159.347,21.937],[-159.3,22.151]]]}},{"type":"Feature","properties":{},"geometry":{"type":"Polygon","coordinates":[[[-78.591,26.537],[-78.54,26.565],[-78.292,26.621],[-78.04,26.658],[-77.928,26.64],[-77.921,26.717],[-78.036,26.729],[-78.288,26.685],[-78.439,26.7],[-78.601,26.768],[-78.576,26.695],[-78.637,26.609],[-78.713,26.57],[-78.767,26.508],[-78.655,26.498],[-78.591,26.537]]]}},{"type":"Feature","properties":{},"geometry":{"type":"Polygon","coordinates":[[[-77.813,26.906],[-77.615,26.856],[-77.557,26.871],[-77.489,26.824],[-77.428,26.721],[-77.313,26.594],[-77.161,26.564],[-77.23,26.447],[-77.219,26.356],[-77.259,26.214],[-77.23,26.153],[-77.388,26.005],[-77.316,25.991],[-77.226,25.885],[-77.19,25.917],[-77.194,26.069],[-77.176,26.221],[-77.086,26.307],[-77.014,26.315],[-77.061,26.423],[-77.05,26.516],[-77.154,26.589],[-77.244,26.611],[-77.327,26.709],[-77.511,26.869],[-77.629,26.905],[-77.773,26.927],[-77.813,26.906]]]}},{"type":"Feature","properties":{},"geometry":{"type":"Polygon","coordinates":[[[-154.901,19.568],[-154.98,19.662],[-155.019,19.745],[-155.084,19.728],[-155.088,19.86],[-155.167,19.946],[-155.333,20.047],[-155.527,20.127],[-155.588,20.123],[-155.711,20.196],[-155.739,20.243],[-155.869,20.263],[-155.898,20.216],[-155.883,20.105],[-155.826,20.02],[-155.927,19.868],[-155.97,19.855],[-156.06,19.732],[-155.981,19.608],[-155.887,19.335],[-155.919,19.139],[-155.88,19.029],[-155.703,18.95],[-155.617,18.955],[-155.502,19.137],[-155.289,19.259],[-155.203,19.255],[-155.091,19.286],[-154.875,19.412],[-154.818,19.48],[-154.847,19.544],[-154.901,19.568]]]}},{"type":"Feature","properties":{},"geometry":{"type":"Polygon","coordinates":[[[-75.559,-49.247],[-75.495,-49.264],[-75.462,-49.179],[-75.39,-49.179],[-75.286,-49.086],[-75.408,-49.007],[-75.484,-49.1],[-75.606,-49.151],[-75.653,-49.22],[-75.559,-49.247]]]}},{"type":"Feature","properties":{},"geometry":{"type":"Polygon","coordinates":[[[-74.415,-47.938],[-74.317,-47.982],[-74.13,-47.947],[-73.831,-47.953],[-73.839,-47.857],[-73.932,-47.881],[-74.245,-47.806],[-74.397,-47.84],[-74.505,-47.918],[-74.415,-47.938]]]}},{"type":"Feature","properties":{},"geometry":{"type":"Polygon","coordinates":[[[-74.073,-45.691],[-74.044,-45.716],[-73.921,-45.697],[-73.911,-45.591],[-74.029,-45.534],[-74.112,-45.588],[-74.073,-45.691]]]}},{"type":"Feature","properties":{},"geometry":{"type":"Polygon","coordinates":[[[-74.505,-45.733],[-74.472,-45.775],[-74.343,-45.733],[-74.335,-45.687],[-74.242,-45.675],[-74.209,-45.635],[-74.256,-45.515],[-74.292,-45.48],[-74.422,-45.454],[-74.465,-45.518],[-74.465,-45.694],[-74.505,-45.733]]]}},{"type":"Feature","properties":{},"geometry":{"type":"Polygon","coordinates":[[[-73.824,-45.267],[-73.986,-45.27],[-74.069,-45.204],[-74.159,-45.235],[-74.13,-45.324],[-74.011,-45.353],[-73.828,-45.348],[-73.824,-45.267]]]}},{"type":"Feature","properties":{},"geometry":{"type":"Polygon","coordinates":[[[-74.271,-44.944],[-74.281,-45.027],[-74.188,-44.992],[-74.065,-44.998],[-73.918,-44.956],[-73.968,-44.904],[-74.188,-44.868],[-74.271,-44.944]]]}}]}